Batch,file,region_id,status,start_datetime,stop_datetime,Sex,Genotype,Temperature,Treatment,Environment,Light,monitor
Batch25_DGRP,Monitor39.txt,1,OK,2026-02-14 10:00:00,2026-02-20 10:30:00,M,CS,21.5C,Winter,NA,08:12,M39
Batch25_DGRP,Monitor39.txt,2,OK,2026-02-14 10:00:00,2026-02-20 10:30:00,M,CS,21.5C,Winter,NA,08:12,M39
Batch25_DGRP,Monitor39.txt,3,OK,2026-02-14 10:00:00,2026-02-20 10:30:00,M,CS,21.5C,Winter,NA,08:12,M39
Batch25_DGRP,Monitor39.txt,4,OK,2026-02-14 10:00:00,2026-02-20 10:30:00,M,CS,21.5C,Winter,NA,08:12,M39
Batch25_DGRP,Monitor39.txt,5,OK,2026-02-14 10:00:00,2026-02-20 10:30:00,M,CS,21.5C,Winter,NA,08:12,M39
Batch25_DGRP,Monitor39.txt,6,OK,2026-02-14 10:00:00,2026-02-20 10:30:00,M,CS,21.5C,Winter,NA,08:12,M39
Batch25_DGRP,Monitor39.txt,7,OK,2026-02-14 10:00:00,2026-02-20 10:30:00,M,CS,21.5C,Winter,NA,08:12,M39
Batch25_DGRP,Monitor39.txt,8,OK,2026-02-14 10:00:00,2026-02-20 10:30:00,M,CS,21.5C,Winter,NA,08:12,M39
Batch25_DGRP,Monitor39.txt,9,OK,2026-02-14 10:00:00,2026-02-20 10:30:00,M,CS,21.5C,Winter,NA,08:12,M39
Batch25_DGRP,Monitor39.txt,10,OK,2026-02-14 10:00:00,2026-02-20 10:30:00,M,CS,21.5C,Winter,NA,08:12,M39
Batch25_DGRP,Monitor39.txt,11,OK,2026-02-14 10:00:00,2026-02-20 10:30:00,M,CS,21.5C,Winter,NA,08:12,M39
Batch25_DGRP,Monitor39.txt,12,OK,2026-02-14 10:00:00,2026-02-20 10:30:00,M,CS,21.5C,Winter,NA,08:12,M39
Batch25_DGRP,Monitor39.txt,13,OK,2026-02-14 10:00:00,2026-02-20 10:30:00,M,CS,21.5C,Winter,NA,08:12,M39
Batch25_DGRP,Monitor39.txt,14,OK,2026-02-14 10:00:00,2026-02-20 10:30:00,M,CS,21.5C,Winter,NA,08:12,M39
Batch25_DGRP,Monitor39.txt,15,OK,2026-02-14 10:00:00,2026-02-20 10:30:00,M,CS,21.5C,Winter,NA,08:12,M39
Batch25_DGRP,Monitor39.txt,16,OK,2026-02-14 10:00:00,2026-02-20 10:30:00,M,CS,21.5C,Winter,NA,08:12,M39
Batch25_DGRP,Monitor39.txt,17,OK,2026-02-14 10:00:00,2026-02-20 10:30:00,M,CS,21.5C,Winter,NA,08:12,M39
Batch25_DGRP,Monitor39.txt,18,OK,2026-02-14 10:00:00,2026-02-20 10:30:00,M,CS,21.5C,Winter,NA,08:12,M39
Batch25_DGRP,Monitor39.txt,19,OK,2026-02-14 10:00:00,2026-02-20 10:30:00,M,CS,21.5C,Winter,NA,08:12,M39
Batch25_DGRP,Monitor39.txt,20,OK,2026-02-14 10:00:00,2026-02-20 10:30:00,M,CS,21.5C,Winter,NA,08:12,M39
Batch25_DGRP,Monitor39.txt,21,OK,2026-02-14 10:00:00,2026-02-20 10:30:00,M,CS,21.5C,Winter,NA,08:12,M39
Batch25_DGRP,Monitor39.txt,22,OK,2026-02-14 10:00:00,2026-02-20 10:30:00,M,CS,21.5C,Winter,NA,08:12,M39
Batch25_DGRP,Monitor39.txt,23,OK,2026-02-14 10:00:00,2026-02-20 10:30:00,M,CS,21.5C,Winter,NA,08:12,M39
Batch25_DGRP,Monitor39.txt,24,OK,2026-02-14 10:00:00,2026-02-20 10:30:00,M,CS,21.5C,Winter,NA,08:12,M39
Batch25_DGRP,Monitor39.txt,25,OK,2026-02-14 10:00:00,2026-02-20 10:30:00,M,CS,21.5C,Winter,NA,08:12,M39
Batch25_DGRP,Monitor39.txt,26,OK,2026-02-14 10:00:00,2026-02-20 10:30:00,M,CS,21.5C,Winter,NA,08:12,M39
Batch25_DGRP,Monitor39.txt,27,OK,2026-02-14 10:00:00,2026-02-20 10:30:00,M,CS,21.5C,Winter,NA,08:12,M39
Batch25_DGRP,Monitor39.txt,28,OK,2026-02-14 10:00:00,2026-02-20 10:30:00,M,CS,21.5C,Winter,NA,08:12,M39
Batch25_DGRP,Monitor39.txt,29,OK,2026-02-14 10:00:00,2026-02-20 10:30:00,M,CS,21.5C,Winter,NA,08:12,M39
Batch25_DGRP,Monitor39.txt,30,OK,2026-02-14 10:00:00,2026-02-20 10:30:00,M,CS,21.5C,Winter,NA,08:12,M39
Batch25_DGRP,Monitor39.txt,31,OK,2026-02-14 10:00:00,2026-02-20 10:30:00,M,CS,21.5C,Winter,NA,08:12,M39
Batch25_DGRP,Monitor39.txt,32,OK,2026-02-14 10:00:00,2026-02-20 10:30:00,M,CS,21.5C,Winter,NA,08:12,M39
Batch25_DGRP,Monitor40.txt,1,OK,2026-02-14 10:00:00,2026-02-20 10:30:00,M,DGRP382,21.5C,Winter,NA,08:12,M40
Batch25_DGRP,Monitor40.txt,2,OK,2026-02-14 10:00:00,2026-02-20 10:30:00,M,DGRP382,21.5C,Winter,NA,08:12,M40
Batch25_DGRP,Monitor40.txt,3,OK,2026-02-14 10:00:00,2026-02-20 10:30:00,M,DGRP382,21.5C,Winter,NA,08:12,M40
Batch25_DGRP,Monitor40.txt,4,OK,2026-02-14 10:00:00,2026-02-20 10:30:00,M,DGRP382,21.5C,Winter,NA,08:12,M40
Batch25_DGRP,Monitor40.txt,5,OK,2026-02-14 10:00:00,2026-02-20 10:30:00,M,DGRP382,21.5C,Winter,NA,08:12,M40
Batch25_DGRP,Monitor40.txt,6,OK,2026-02-14 10:00:00,2026-02-20 10:30:00,M,DGRP382,21.5C,Winter,NA,08:12,M40
Batch25_DGRP,Monitor40.txt,7,OK,2026-02-14 10:00:00,2026-02-20 10:30:00,M,DGRP382,21.5C,Winter,NA,08:12,M40
Batch25_DGRP,Monitor40.txt,8,OK,2026-02-14 10:00:00,2026-02-20 10:30:00,M,DGRP382,21.5C,Winter,NA,08:12,M40
Batch25_DGRP,Monitor40.txt,9,OK,2026-02-14 10:00:00,2026-02-20 10:30:00,M,DGRP382,21.5C,Winter,NA,08:12,M40
Batch25_DGRP,Monitor40.txt,10,OK,2026-02-14 10:00:00,2026-02-20 10:30:00,M,DGRP382,21.5C,Winter,NA,08:12,M40
Batch25_DGRP,Monitor40.txt,11,OK,2026-02-14 10:00:00,2026-02-20 10:30:00,M,DGRP382,21.5C,Winter,NA,08:12,M40
Batch25_DGRP,Monitor40.txt,12,OK,2026-02-14 10:00:00,2026-02-20 10:30:00,M,DGRP382,21.5C,Winter,NA,08:12,M40
Batch25_DGRP,Monitor40.txt,13,OK,2026-02-14 10:00:00,2026-02-20 10:30:00,M,DGRP382,21.5C,Winter,NA,08:12,M40
Batch25_DGRP,Monitor40.txt,14,OK,2026-02-14 10:00:00,2026-02-20 10:30:00,M,DGRP382,21.5C,Winter,NA,08:12,M40
Batch25_DGRP,Monitor40.txt,15,OK,2026-02-14 10:00:00,2026-02-20 10:30:00,M,DGRP382,21.5C,Winter,NA,08:12,M40
Batch25_DGRP,Monitor40.txt,16,OK,2026-02-14 10:00:00,2026-02-20 10:30:00,M,DGRP382,21.5C,Winter,NA,08:12,M40
Batch25_DGRP,Monitor40.txt,17,OK,2026-02-14 10:00:00,2026-02-20 10:30:00,M,DGRP382,21.5C,Winter,NA,08:12,M40
Batch25_DGRP,Monitor40.txt,18,OK,2026-02-14 10:00:00,2026-02-20 10:30:00,M,DGRP382,21.5C,Winter,NA,08:12,M40
Batch25_DGRP,Monitor40.txt,19,OK,2026-02-14 10:00:00,2026-02-20 10:30:00,M,DGRP382,21.5C,Winter,NA,08:12,M40
Batch25_DGRP,Monitor40.txt,20,OK,2026-02-14 10:00:00,2026-02-20 10:30:00,M,DGRP382,21.5C,Winter,NA,08:12,M40
Batch25_DGRP,Monitor40.txt,21,OK,2026-02-14 10:00:00,2026-02-20 10:30:00,M,DGRP382,21.5C,Winter,NA,08:12,M40
Batch25_DGRP,Monitor40.txt,22,OK,2026-02-14 10:00:00,2026-02-20 10:30:00,M,DGRP382,21.5C,Winter,NA,08:12,M40
Batch25_DGRP,Monitor40.txt,23,OK,2026-02-14 10:00:00,2026-02-20 10:30:00,M,DGRP382,21.5C,Winter,NA,08:12,M40
Batch25_DGRP,Monitor40.txt,24,OK,2026-02-14 10:00:00,2026-02-20 10:30:00,M,DGRP382,21.5C,Winter,NA,08:12,M40
Batch25_DGRP,Monitor40.txt,25,OK,2026-02-14 10:00:00,2026-02-20 10:30:00,M,DGRP382,21.5C,Winter,NA,08:12,M40
Batch25_DGRP,Monitor40.txt,26,OK,2026-02-14 10:00:00,2026-02-20 10:30:00,M,DGRP382,21.5C,Winter,NA,08:12,M40
Batch25_DGRP,Monitor40.txt,27,OK,2026-02-14 10:00:00,2026-02-20 10:30:00,M,DGRP382,21.5C,Winter,NA,08:12,M40
Batch25_DGRP,Monitor40.txt,28,OK,2026-02-14 10:00:00,2026-02-20 10:30:00,M,DGRP382,21.5C,Winter,NA,08:12,M40
Batch25_DGRP,Monitor40.txt,29,OK,2026-02-14 10:00:00,2026-02-20 10:30:00,M,DGRP382,21.5C,Winter,NA,08:12,M40
Batch25_DGRP,Monitor40.txt,30,OK,2026-02-14 10:00:00,2026-02-20 10:30:00,M,DGRP382,21.5C,Winter,NA,08:12,M40
Batch25_DGRP,Monitor40.txt,31,OK,2026-02-14 10:00:00,2026-02-20 10:30:00,M,DGRP382,21.5C,Winter,NA,08:12,M40
Batch25_DGRP,Monitor40.txt,32,OK,2026-02-14 10:00:00,2026-02-20 10:30:00,M,DGRP382,21.5C,Winter,NA,08:12,M40
Batch25_DGRP,Monitor41.txt,1,OK,2026-02-14 10:00:00,2026-02-20 10:30:00,M,DGRP391,21.5C,Winter,NA,08:12,M41
Batch25_DGRP,Monitor41.txt,2,OK,2026-02-14 10:00:00,2026-02-20 10:30:00,M,DGRP391,21.5C,Winter,NA,08:12,M41
Batch25_DGRP,Monitor41.txt,3,OK,2026-02-14 10:00:00,2026-02-20 10:30:00,M,DGRP391,21.5C,Winter,NA,08:12,M41
Batch25_DGRP,Monitor41.txt,4,OK,2026-02-14 10:00:00,2026-02-20 10:30:00,M,DGRP391,21.5C,Winter,NA,08:12,M41
Batch25_DGRP,Monitor41.txt,5,OK,2026-02-14 10:00:00,2026-02-20 10:30:00,M,DGRP391,21.5C,Winter,NA,08:12,M41
Batch25_DGRP,Monitor41.txt,6,OK,2026-02-14 10:00:00,2026-02-20 10:30:00,M,DGRP391,21.5C,Winter,NA,08:12,M41
Batch25_DGRP,Monitor41.txt,7,OK,2026-02-14 10:00:00,2026-02-20 10:30:00,M,DGRP391,21.5C,Winter,NA,08:12,M41
Batch25_DGRP,Monitor41.txt,8,OK,2026-02-14 10:00:00,2026-02-20 10:30:00,M,DGRP391,21.5C,Winter,NA,08:12,M41
Batch25_DGRP,Monitor41.txt,9,OK,2026-02-14 10:00:00,2026-02-20 10:30:00,M,DGRP391,21.5C,Winter,NA,08:12,M41
Batch25_DGRP,Monitor41.txt,10,OK,2026-02-14 10:00:00,2026-02-20 10:30:00,M,DGRP391,21.5C,Winter,NA,08:12,M41
Batch25_DGRP,Monitor41.txt,11,OK,2026-02-14 10:00:00,2026-02-20 10:30:00,M,DGRP391,21.5C,Winter,NA,08:12,M41
Batch25_DGRP,Monitor41.txt,12,OK,2026-02-14 10:00:00,2026-02-20 10:30:00,M,DGRP391,21.5C,Winter,NA,08:12,M41
Batch25_DGRP,Monitor41.txt,13,OK,2026-02-14 10:00:00,2026-02-20 10:30:00,M,DGRP391,21.5C,Winter,NA,08:12,M41
Batch25_DGRP,Monitor41.txt,14,OK,2026-02-14 10:00:00,2026-02-20 10:30:00,M,DGRP391,21.5C,Winter,NA,08:12,M41
Batch25_DGRP,Monitor41.txt,15,OK,2026-02-14 10:00:00,2026-02-20 10:30:00,M,DGRP391,21.5C,Winter,NA,08:12,M41
Batch25_DGRP,Monitor41.txt,16,OK,2026-02-14 10:00:00,2026-02-20 10:30:00,M,DGRP391,21.5C,Winter,NA,08:12,M41
Batch25_DGRP,Monitor41.txt,17,OK,2026-02-14 10:00:00,2026-02-20 10:30:00,M,DGRP391,21.5C,Winter,NA,08:12,M41
Batch25_DGRP,Monitor41.txt,18,OK,2026-02-14 10:00:00,2026-02-20 10:30:00,M,DGRP391,21.5C,Winter,NA,08:12,M41
Batch25_DGRP,Monitor41.txt,19,OK,2026-02-14 10:00:00,2026-02-20 10:30:00,M,DGRP391,21.5C,Winter,NA,08:12,M41
Batch25_DGRP,Monitor41.txt,20,OK,2026-02-14 10:00:00,2026-02-20 10:30:00,M,DGRP391,21.5C,Winter,NA,08:12,M41
Batch25_DGRP,Monitor41.txt,21,OK,2026-02-14 10:00:00,2026-02-20 10:30:00,M,DGRP391,21.5C,Winter,NA,08:12,M41
Batch25_DGRP,Monitor41.txt,22,OK,2026-02-14 10:00:00,2026-02-20 10:30:00,M,DGRP391,21.5C,Winter,NA,08:12,M41
Batch25_DGRP,Monitor41.txt,23,OK,2026-02-14 10:00:00,2026-02-20 10:30:00,M,DGRP391,21.5C,Winter,NA,08:12,M41
Batch25_DGRP,Monitor41.txt,24,OK,2026-02-14 10:00:00,2026-02-20 10:30:00,M,DGRP391,21.5C,Winter,NA,08:12,M41
Batch25_DGRP,Monitor41.txt,25,OK,2026-02-14 10:00:00,2026-02-20 10:30:00,M,DGRP391,21.5C,Winter,NA,08:12,M41
Batch25_DGRP,Monitor41.txt,26,OK,2026-02-14 10:00:00,2026-02-20 10:30:00,M,DGRP391,21.5C,Winter,NA,08:12,M41
Batch25_DGRP,Monitor41.txt,27,OK,2026-02-14 10:00:00,2026-02-20 10:30:00,M,DGRP391,21.5C,Winter,NA,08:12,M41
Batch25_DGRP,Monitor41.txt,28,OK,2026-02-14 10:00:00,2026-02-20 10:30:00,M,DGRP391,21.5C,Winter,NA,08:12,M41
Batch25_DGRP,Monitor41.txt,29,OK,2026-02-14 10:00:00,2026-02-20 10:30:00,M,DGRP391,21.5C,Winter,NA,08:12,M41
Batch25_DGRP,Monitor41.txt,30,OK,2026-02-14 10:00:00,2026-02-20 10:30:00,M,DGRP391,21.5C,Winter,NA,08:12,M41
Batch25_DGRP,Monitor41.txt,31,OK,2026-02-14 10:00:00,2026-02-20 10:30:00,M,DGRP391,21.5C,Winter,NA,08:12,M41
Batch25_DGRP,Monitor41.txt,32,OK,2026-02-14 10:00:00,2026-02-20 10:30:00,M,DGRP391,21.5C,Winter,NA,08:12,M41
Batch25_DGRP,Monitor42.txt,1,OK,2026-02-14 10:00:00,2026-02-20 10:30:00,M,DGRP508,21.5C,Winter,NA,08:12,M42
Batch25_DGRP,Monitor42.txt,2,OK,2026-02-14 10:00:00,2026-02-20 10:30:00,M,DGRP508,21.5C,Winter,NA,08:12,M42
Batch25_DGRP,Monitor42.txt,3,OK,2026-02-14 10:00:00,2026-02-20 10:30:00,M,DGRP508,21.5C,Winter,NA,08:12,M42
Batch25_DGRP,Monitor42.txt,4,OK,2026-02-14 10:00:00,2026-02-20 10:30:00,M,DGRP508,21.5C,Winter,NA,08:12,M42
Batch25_DGRP,Monitor42.txt,5,OK,2026-02-14 10:00:00,2026-02-20 10:30:00,M,DGRP508,21.5C,Winter,NA,08:12,M42
Batch25_DGRP,Monitor42.txt,6,OK,2026-02-14 10:00:00,2026-02-20 10:30:00,M,DGRP508,21.5C,Winter,NA,08:12,M42
Batch25_DGRP,Monitor42.txt,7,OK,2026-02-14 10:00:00,2026-02-20 10:30:00,M,DGRP508,21.5C,Winter,NA,08:12,M42
Batch25_DGRP,Monitor42.txt,8,OK,2026-02-14 10:00:00,2026-02-20 10:30:00,M,DGRP508,21.5C,Winter,NA,08:12,M42
Batch25_DGRP,Monitor42.txt,9,OK,2026-02-14 10:00:00,2026-02-20 10:30:00,M,DGRP508,21.5C,Winter,NA,08:12,M42
Batch25_DGRP,Monitor42.txt,10,OK,2026-02-14 10:00:00,2026-02-20 10:30:00,M,DGRP508,21.5C,Winter,NA,08:12,M42
Batch25_DGRP,Monitor42.txt,11,OK,2026-02-14 10:00:00,2026-02-20 10:30:00,M,DGRP508,21.5C,Winter,NA,08:12,M42
Batch25_DGRP,Monitor42.txt,12,OK,2026-02-14 10:00:00,2026-02-20 10:30:00,M,DGRP508,21.5C,Winter,NA,08:12,M42
Batch25_DGRP,Monitor42.txt,13,OK,2026-02-14 10:00:00,2026-02-20 10:30:00,M,DGRP508,21.5C,Winter,NA,08:12,M42
Batch25_DGRP,Monitor42.txt,14,OK,2026-02-14 10:00:00,2026-02-20 10:30:00,M,DGRP508,21.5C,Winter,NA,08:12,M42
Batch25_DGRP,Monitor42.txt,15,OK,2026-02-14 10:00:00,2026-02-20 10:30:00,M,DGRP508,21.5C,Winter,NA,08:12,M42
Batch25_DGRP,Monitor42.txt,16,OK,2026-02-14 10:00:00,2026-02-20 10:30:00,M,DGRP508,21.5C,Winter,NA,08:12,M42
Batch25_DGRP,Monitor42.txt,17,OK,2026-02-14 10:00:00,2026-02-20 10:30:00,M,DGRP508,21.5C,Winter,NA,08:12,M42
Batch25_DGRP,Monitor42.txt,18,OK,2026-02-14 10:00:00,2026-02-20 10:30:00,M,DGRP508,21.5C,Winter,NA,08:12,M42
Batch25_DGRP,Monitor42.txt,19,OK,2026-02-14 10:00:00,2026-02-20 10:30:00,M,DGRP508,21.5C,Winter,NA,08:12,M42
Batch25_DGRP,Monitor42.txt,20,OK,2026-02-14 10:00:00,2026-02-20 10:30:00,M,DGRP508,21.5C,Winter,NA,08:12,M42
Batch25_DGRP,Monitor42.txt,21,OK,2026-02-14 10:00:00,2026-02-20 10:30:00,M,DGRP508,21.5C,Winter,NA,08:12,M42
Batch25_DGRP,Monitor42.txt,22,OK,2026-02-14 10:00:00,2026-02-20 10:30:00,M,DGRP508,21.5C,Winter,NA,08:12,M42
Batch25_DGRP,Monitor42.txt,23,OK,2026-02-14 10:00:00,2026-02-20 10:30:00,M,DGRP508,21.5C,Winter,NA,08:12,M42
Batch25_DGRP,Monitor42.txt,24,OK,2026-02-14 10:00:00,2026-02-20 10:30:00,M,DGRP508,21.5C,Winter,NA,08:12,M42
Batch25_DGRP,Monitor42.txt,25,OK,2026-02-14 10:00:00,2026-02-20 10:30:00,M,DGRP508,21.5C,Winter,NA,08:12,M42
Batch25_DGRP,Monitor42.txt,26,OK,2026-02-14 10:00:00,2026-02-20 10:30:00,M,DGRP508,21.5C,Winter,NA,08:12,M42
Batch25_DGRP,Monitor42.txt,27,OK,2026-02-14 10:00:00,2026-02-20 10:30:00,M,DGRP508,21.5C,Winter,NA,08:12,M42
Batch25_DGRP,Monitor42.txt,28,OK,2026-02-14 10:00:00,2026-02-20 10:30:00,M,DGRP508,21.5C,Winter,NA,08:12,M42
Batch25_DGRP,Monitor42.txt,29,OK,2026-02-14 10:00:00,2026-02-20 10:30:00,M,DGRP508,21.5C,Winter,NA,08:12,M42
Batch25_DGRP,Monitor42.txt,30,OK,2026-02-14 10:00:00,2026-02-20 10:30:00,M,DGRP508,21.5C,Winter,NA,08:12,M42
Batch25_DGRP,Monitor42.txt,31,OK,2026-02-14 10:00:00,2026-02-20 10:30:00,M,DGRP508,21.5C,Winter,NA,08:12,M42
Batch25_DGRP,Monitor42.txt,32,OK,2026-02-14 10:00:00,2026-02-20 10:30:00,M,DGRP508,21.5C,Winter,NA,08:12,M42
Batch25_DGRP,Monitor44.txt,1,OK,2026-02-14 10:00:00,2026-02-20 10:30:00,M,DGRP513,21.5C,Winter,NA,08:12,M44
Batch25_DGRP,Monitor44.txt,2,OK,2026-02-14 10:00:00,2026-02-20 10:30:00,M,DGRP513,21.5C,Winter,NA,08:12,M44
Batch25_DGRP,Monitor44.txt,3,OK,2026-02-14 10:00:00,2026-02-20 10:30:00,M,DGRP513,21.5C,Winter,NA,08:12,M44
Batch25_DGRP,Monitor44.txt,4,OK,2026-02-14 10:00:00,2026-02-20 10:30:00,M,DGRP513,21.5C,Winter,NA,08:12,M44
Batch25_DGRP,Monitor44.txt,5,OK,2026-02-14 10:00:00,2026-02-20 10:30:00,M,DGRP513,21.5C,Winter,NA,08:12,M44
Batch25_DGRP,Monitor44.txt,6,OK,2026-02-14 10:00:00,2026-02-20 10:30:00,M,DGRP513,21.5C,Winter,NA,08:12,M44
Batch25_DGRP,Monitor44.txt,7,OK,2026-02-14 10:00:00,2026-02-20 10:30:00,M,DGRP513,21.5C,Winter,NA,08:12,M44
Batch25_DGRP,Monitor44.txt,8,OK,2026-02-14 10:00:00,2026-02-20 10:30:00,M,DGRP513,21.5C,Winter,NA,08:12,M44
Batch25_DGRP,Monitor44.txt,9,OK,2026-02-14 10:00:00,2026-02-20 10:30:00,M,DGRP513,21.5C,Winter,NA,08:12,M44
Batch25_DGRP,Monitor44.txt,10,OK,2026-02-14 10:00:00,2026-02-20 10:30:00,M,DGRP513,21.5C,Winter,NA,08:12,M44
Batch25_DGRP,Monitor44.txt,11,OK,2026-02-14 10:00:00,2026-02-20 10:30:00,M,DGRP513,21.5C,Winter,NA,08:12,M44
Batch25_DGRP,Monitor44.txt,12,OK,2026-02-14 10:00:00,2026-02-20 10:30:00,M,DGRP513,21.5C,Winter,NA,08:12,M44
Batch25_DGRP,Monitor44.txt,13,OK,2026-02-14 10:00:00,2026-02-20 10:30:00,M,DGRP513,21.5C,Winter,NA,08:12,M44
Batch25_DGRP,Monitor44.txt,14,OK,2026-02-14 10:00:00,2026-02-20 10:30:00,M,DGRP513,21.5C,Winter,NA,08:12,M44
Batch25_DGRP,Monitor44.txt,15,OK,2026-02-14 10:00:00,2026-02-20 10:30:00,M,DGRP513,21.5C,Winter,NA,08:12,M44
Batch25_DGRP,Monitor44.txt,16,OK,2026-02-14 10:00:00,2026-02-20 10:30:00,M,DGRP513,21.5C,Winter,NA,08:12,M44
Batch25_DGRP,Monitor44.txt,17,OK,2026-02-14 10:00:00,2026-02-20 10:30:00,M,DGRP513,21.5C,Winter,NA,08:12,M44
Batch25_DGRP,Monitor44.txt,18,OK,2026-02-14 10:00:00,2026-02-20 10:30:00,M,DGRP513,21.5C,Winter,NA,08:12,M44
Batch25_DGRP,Monitor44.txt,19,OK,2026-02-14 10:00:00,2026-02-20 10:30:00,M,DGRP513,21.5C,Winter,NA,08:12,M44
Batch25_DGRP,Monitor44.txt,20,OK,2026-02-14 10:00:00,2026-02-20 10:30:00,M,DGRP513,21.5C,Winter,NA,08:12,M44
Batch25_DGRP,Monitor44.txt,21,OK,2026-02-14 10:00:00,2026-02-20 10:30:00,M,DGRP513,21.5C,Winter,NA,08:12,M44
Batch25_DGRP,Monitor44.txt,22,OK,2026-02-14 10:00:00,2026-02-20 10:30:00,M,DGRP513,21.5C,Winter,NA,08:12,M44
Batch25_DGRP,Monitor44.txt,23,OK,2026-02-14 10:00:00,2026-02-20 10:30:00,M,DGRP513,21.5C,Winter,NA,08:12,M44
Batch25_DGRP,Monitor44.txt,24,OK,2026-02-14 10:00:00,2026-02-20 10:30:00,M,DGRP513,21.5C,Winter,NA,08:12,M44
Batch25_DGRP,Monitor44.txt,25,OK,2026-02-14 10:00:00,2026-02-20 10:30:00,M,DGRP513,21.5C,Winter,NA,08:12,M44
Batch25_DGRP,Monitor44.txt,26,OK,2026-02-14 10:00:00,2026-02-20 10:30:00,M,DGRP513,21.5C,Winter,NA,08:12,M44
Batch25_DGRP,Monitor44.txt,27,OK,2026-02-14 10:00:00,2026-02-20 10:30:00,M,DGRP513,21.5C,Winter,NA,08:12,M44
Batch25_DGRP,Monitor44.txt,28,OK,2026-02-14 10:00:00,2026-02-20 10:30:00,M,DGRP513,21.5C,Winter,NA,08:12,M44
Batch25_DGRP,Monitor44.txt,29,OK,2026-02-14 10:00:00,2026-02-20 10:30:00,M,DGRP513,21.5C,Winter,NA,08:12,M44
Batch25_DGRP,Monitor44.txt,30,OK,2026-02-14 10:00:00,2026-02-20 10:30:00,M,DGRP513,21.5C,Winter,NA,08:12,M44
Batch25_DGRP,Monitor44.txt,31,OK,2026-02-14 10:00:00,2026-02-20 10:30:00,M,DGRP513,21.5C,Winter,NA,08:12,M44
Batch25_DGRP,Monitor44.txt,32,OK,2026-02-14 10:00:00,2026-02-20 10:30:00,M,DGRP513,21.5C,Winter,NA,08:12,M44
Batch25_DGRP,Monitor48.txt,1,OK,2026-02-14 10:00:00,2026-02-20 10:30:00,M,DGRP589,21.5C,Winter,NA,08:12,M48
Batch25_DGRP,Monitor48.txt,2,OK,2026-02-14 10:00:00,2026-02-20 10:30:00,M,DGRP589,21.5C,Winter,NA,08:12,M48
Batch25_DGRP,Monitor48.txt,3,OK,2026-02-14 10:00:00,2026-02-20 10:30:00,M,DGRP589,21.5C,Winter,NA,08:12,M48
Batch25_DGRP,Monitor48.txt,4,OK,2026-02-14 10:00:00,2026-02-20 10:30:00,M,DGRP589,21.5C,Winter,NA,08:12,M48
Batch25_DGRP,Monitor48.txt,5,OK,2026-02-14 10:00:00,2026-02-20 10:30:00,M,DGRP589,21.5C,Winter,NA,08:12,M48
Batch25_DGRP,Monitor48.txt,6,OK,2026-02-14 10:00:00,2026-02-20 10:30:00,M,DGRP589,21.5C,Winter,NA,08:12,M48
Batch25_DGRP,Monitor48.txt,7,OK,2026-02-14 10:00:00,2026-02-20 10:30:00,M,DGRP589,21.5C,Winter,NA,08:12,M48
Batch25_DGRP,Monitor48.txt,8,OK,2026-02-14 10:00:00,2026-02-20 10:30:00,M,DGRP589,21.5C,Winter,NA,08:12,M48
Batch25_DGRP,Monitor48.txt,9,OK,2026-02-14 10:00:00,2026-02-20 10:30:00,M,DGRP589,21.5C,Winter,NA,08:12,M48
Batch25_DGRP,Monitor48.txt,10,OK,2026-02-14 10:00:00,2026-02-20 10:30:00,M,DGRP589,21.5C,Winter,NA,08:12,M48
Batch25_DGRP,Monitor48.txt,11,OK,2026-02-14 10:00:00,2026-02-20 10:30:00,M,DGRP589,21.5C,Winter,NA,08:12,M48
Batch25_DGRP,Monitor48.txt,12,OK,2026-02-14 10:00:00,2026-02-20 10:30:00,M,DGRP589,21.5C,Winter,NA,08:12,M48
Batch25_DGRP,Monitor48.txt,13,OK,2026-02-14 10:00:00,2026-02-20 10:30:00,M,DGRP589,21.5C,Winter,NA,08:12,M48
Batch25_DGRP,Monitor48.txt,14,OK,2026-02-14 10:00:00,2026-02-20 10:30:00,M,DGRP589,21.5C,Winter,NA,08:12,M48
Batch25_DGRP,Monitor48.txt,15,OK,2026-02-14 10:00:00,2026-02-20 10:30:00,M,DGRP589,21.5C,Winter,NA,08:12,M48
Batch25_DGRP,Monitor48.txt,16,OK,2026-02-14 10:00:00,2026-02-20 10:30:00,M,DGRP589,21.5C,Winter,NA,08:12,M48
Batch25_DGRP,Monitor48.txt,17,OK,2026-02-14 10:00:00,2026-02-20 10:30:00,M,DGRP589,21.5C,Winter,NA,08:12,M48
Batch25_DGRP,Monitor48.txt,18,OK,2026-02-14 10:00:00,2026-02-20 10:30:00,M,DGRP589,21.5C,Winter,NA,08:12,M48
Batch25_DGRP,Monitor48.txt,19,OK,2026-02-14 10:00:00,2026-02-20 10:30:00,M,DGRP589,21.5C,Winter,NA,08:12,M48
Batch25_DGRP,Monitor48.txt,20,OK,2026-02-14 10:00:00,2026-02-20 10:30:00,M,DGRP589,21.5C,Winter,NA,08:12,M48
Batch25_DGRP,Monitor48.txt,21,OK,2026-02-14 10:00:00,2026-02-20 10:30:00,M,DGRP589,21.5C,Winter,NA,08:12,M48
Batch25_DGRP,Monitor48.txt,22,OK,2026-02-14 10:00:00,2026-02-20 10:30:00,M,DGRP589,21.5C,Winter,NA,08:12,M48
Batch25_DGRP,Monitor48.txt,23,OK,2026-02-14 10:00:00,2026-02-20 10:30:00,M,DGRP589,21.5C,Winter,NA,08:12,M48
Batch25_DGRP,Monitor48.txt,24,OK,2026-02-14 10:00:00,2026-02-20 10:30:00,M,DGRP589,21.5C,Winter,NA,08:12,M48
Batch25_DGRP,Monitor48.txt,25,OK,2026-02-14 10:00:00,2026-02-20 10:30:00,M,DGRP589,21.5C,Winter,NA,08:12,M48
Batch25_DGRP,Monitor48.txt,26,OK,2026-02-14 10:00:00,2026-02-20 10:30:00,M,DGRP589,21.5C,Winter,NA,08:12,M48
Batch25_DGRP,Monitor48.txt,27,OK,2026-02-14 10:00:00,2026-02-20 10:30:00,M,DGRP589,21.5C,Winter,NA,08:12,M48
Batch25_DGRP,Monitor48.txt,28,OK,2026-02-14 10:00:00,2026-02-20 10:30:00,M,DGRP589,21.5C,Winter,NA,08:12,M48
Batch25_DGRP,Monitor48.txt,29,OK,2026-02-14 10:00:00,2026-02-20 10:30:00,M,DGRP589,21.5C,Winter,NA,08:12,M48
Batch25_DGRP,Monitor48.txt,30,OK,2026-02-14 10:00:00,2026-02-20 10:30:00,M,DGRP589,21.5C,Winter,NA,08:12,M48
Batch25_DGRP,Monitor48.txt,31,OK,2026-02-14 10:00:00,2026-02-20 10:30:00,M,DGRP589,21.5C,Winter,NA,08:12,M48
Batch25_DGRP,Monitor48.txt,32,OK,2026-02-14 10:00:00,2026-02-20 10:30:00,M,DGRP589,21.5C,Winter,NA,08:12,M48
Batch25_DGRP,Monitor49.txt,1,OK,2026-02-14 10:00:00,2026-02-20 10:30:00,M,DGRP765,21.5C,Winter,NA,08:12,M49
Batch25_DGRP,Monitor49.txt,2,OK,2026-02-14 10:00:00,2026-02-20 10:30:00,M,DGRP765,21.5C,Winter,NA,08:12,M49
Batch25_DGRP,Monitor49.txt,3,OK,2026-02-14 10:00:00,2026-02-20 10:30:00,M,DGRP765,21.5C,Winter,NA,08:12,M49
Batch25_DGRP,Monitor49.txt,4,OK,2026-02-14 10:00:00,2026-02-20 10:30:00,M,DGRP765,21.5C,Winter,NA,08:12,M49
Batch25_DGRP,Monitor49.txt,5,OK,2026-02-14 10:00:00,2026-02-20 10:30:00,M,DGRP765,21.5C,Winter,NA,08:12,M49
Batch25_DGRP,Monitor49.txt,6,OK,2026-02-14 10:00:00,2026-02-20 10:30:00,M,DGRP765,21.5C,Winter,NA,08:12,M49
Batch25_DGRP,Monitor49.txt,7,OK,2026-02-14 10:00:00,2026-02-20 10:30:00,M,DGRP765,21.5C,Winter,NA,08:12,M49
Batch25_DGRP,Monitor49.txt,8,OK,2026-02-14 10:00:00,2026-02-20 10:30:00,M,DGRP765,21.5C,Winter,NA,08:12,M49
Batch25_DGRP,Monitor49.txt,9,OK,2026-02-14 10:00:00,2026-02-20 10:30:00,M,DGRP765,21.5C,Winter,NA,08:12,M49
Batch25_DGRP,Monitor49.txt,10,OK,2026-02-14 10:00:00,2026-02-20 10:30:00,M,DGRP765,21.5C,Winter,NA,08:12,M49
Batch25_DGRP,Monitor49.txt,11,OK,2026-02-14 10:00:00,2026-02-20 10:30:00,M,DGRP765,21.5C,Winter,NA,08:12,M49
Batch25_DGRP,Monitor49.txt,12,OK,2026-02-14 10:00:00,2026-02-20 10:30:00,M,DGRP765,21.5C,Winter,NA,08:12,M49
Batch25_DGRP,Monitor49.txt,13,OK,2026-02-14 10:00:00,2026-02-20 10:30:00,M,DGRP765,21.5C,Winter,NA,08:12,M49
Batch25_DGRP,Monitor49.txt,14,OK,2026-02-14 10:00:00,2026-02-20 10:30:00,M,DGRP765,21.5C,Winter,NA,08:12,M49
Batch25_DGRP,Monitor49.txt,15,OK,2026-02-14 10:00:00,2026-02-20 10:30:00,M,DGRP765,21.5C,Winter,NA,08:12,M49
Batch25_DGRP,Monitor49.txt,16,OK,2026-02-14 10:00:00,2026-02-20 10:30:00,M,DGRP765,21.5C,Winter,NA,08:12,M49
Batch25_DGRP,Monitor49.txt,17,OK,2026-02-14 10:00:00,2026-02-20 10:30:00,M,DGRP765,21.5C,Winter,NA,08:12,M49
Batch25_DGRP,Monitor49.txt,18,OK,2026-02-14 10:00:00,2026-02-20 10:30:00,M,DGRP765,21.5C,Winter,NA,08:12,M49
Batch25_DGRP,Monitor49.txt,19,OK,2026-02-14 10:00:00,2026-02-20 10:30:00,M,DGRP765,21.5C,Winter,NA,08:12,M49
Batch25_DGRP,Monitor49.txt,20,OK,2026-02-14 10:00:00,2026-02-20 10:30:00,M,DGRP765,21.5C,Winter,NA,08:12,M49
Batch25_DGRP,Monitor49.txt,21,OK,2026-02-14 10:00:00,2026-02-20 10:30:00,M,DGRP765,21.5C,Winter,NA,08:12,M49
Batch25_DGRP,Monitor49.txt,22,OK,2026-02-14 10:00:00,2026-02-20 10:30:00,M,DGRP765,21.5C,Winter,NA,08:12,M49
Batch25_DGRP,Monitor49.txt,23,OK,2026-02-14 10:00:00,2026-02-20 10:30:00,M,DGRP765,21.5C,Winter,NA,08:12,M49
Batch25_DGRP,Monitor49.txt,24,OK,2026-02-14 10:00:00,2026-02-20 10:30:00,M,DGRP765,21.5C,Winter,NA,08:12,M49
Batch25_DGRP,Monitor49.txt,25,OK,2026-02-14 10:00:00,2026-02-20 10:30:00,M,DGRP765,21.5C,Winter,NA,08:12,M49
Batch25_DGRP,Monitor49.txt,26,OK,2026-02-14 10:00:00,2026-02-20 10:30:00,M,DGRP765,21.5C,Winter,NA,08:12,M49
Batch25_DGRP,Monitor49.txt,27,OK,2026-02-14 10:00:00,2026-02-20 10:30:00,M,DGRP765,21.5C,Winter,NA,08:12,M49
Batch25_DGRP,Monitor49.txt,28,OK,2026-02-14 10:00:00,2026-02-20 10:30:00,M,DGRP765,21.5C,Winter,NA,08:12,M49
Batch25_DGRP,Monitor49.txt,29,OK,2026-02-14 10:00:00,2026-02-20 10:30:00,M,DGRP765,21.5C,Winter,NA,08:12,M49
Batch25_DGRP,Monitor49.txt,30,OK,2026-02-14 10:00:00,2026-02-20 10:30:00,M,DGRP765,21.5C,Winter,NA,08:12,M49
Batch25_DGRP,Monitor49.txt,31,OK,2026-02-14 10:00:00,2026-02-20 10:30:00,M,DGRP765,21.5C,Winter,NA,08:12,M49
Batch25_DGRP,Monitor49.txt,32,OK,2026-02-14 10:00:00,2026-02-20 10:30:00,M,DGRP765,21.5C,Winter,NA,08:12,M49
Batch25_DGRP,Monitor53.txt,1,OK,2026-02-14 10:00:00,2026-02-20 10:30:00,M,DGRP802,21.5C,Winter,NA,08:12,M53
Batch25_DGRP,Monitor53.txt,2,OK,2026-02-14 10:00:00,2026-02-20 10:30:00,M,DGRP802,21.5C,Winter,NA,08:12,M53
Batch25_DGRP,Monitor53.txt,3,OK,2026-02-14 10:00:00,2026-02-20 10:30:00,M,DGRP802,21.5C,Winter,NA,08:12,M53
Batch25_DGRP,Monitor53.txt,4,OK,2026-02-14 10:00:00,2026-02-20 10:30:00,M,DGRP802,21.5C,Winter,NA,08:12,M53
Batch25_DGRP,Monitor53.txt,5,OK,2026-02-14 10:00:00,2026-02-20 10:30:00,M,DGRP802,21.5C,Winter,NA,08:12,M53
Batch25_DGRP,Monitor53.txt,6,OK,2026-02-14 10:00:00,2026-02-20 10:30:00,M,DGRP802,21.5C,Winter,NA,08:12,M53
Batch25_DGRP,Monitor53.txt,7,OK,2026-02-14 10:00:00,2026-02-20 10:30:00,M,DGRP802,21.5C,Winter,NA,08:12,M53
Batch25_DGRP,Monitor53.txt,8,OK,2026-02-14 10:00:00,2026-02-20 10:30:00,M,DGRP802,21.5C,Winter,NA,08:12,M53
Batch25_DGRP,Monitor53.txt,9,OK,2026-02-14 10:00:00,2026-02-20 10:30:00,M,DGRP802,21.5C,Winter,NA,08:12,M53
Batch25_DGRP,Monitor53.txt,10,OK,2026-02-14 10:00:00,2026-02-20 10:30:00,M,DGRP802,21.5C,Winter,NA,08:12,M53
Batch25_DGRP,Monitor53.txt,11,OK,2026-02-14 10:00:00,2026-02-20 10:30:00,M,DGRP802,21.5C,Winter,NA,08:12,M53
Batch25_DGRP,Monitor53.txt,12,OK,2026-02-14 10:00:00,2026-02-20 10:30:00,M,DGRP802,21.5C,Winter,NA,08:12,M53
Batch25_DGRP,Monitor53.txt,13,OK,2026-02-14 10:00:00,2026-02-20 10:30:00,M,DGRP802,21.5C,Winter,NA,08:12,M53
Batch25_DGRP,Monitor53.txt,14,OK,2026-02-14 10:00:00,2026-02-20 10:30:00,M,DGRP802,21.5C,Winter,NA,08:12,M53
Batch25_DGRP,Monitor53.txt,15,OK,2026-02-14 10:00:00,2026-02-20 10:30:00,M,DGRP802,21.5C,Winter,NA,08:12,M53
Batch25_DGRP,Monitor53.txt,16,OK,2026-02-14 10:00:00,2026-02-20 10:30:00,M,DGRP802,21.5C,Winter,NA,08:12,M53
Batch25_DGRP,Monitor53.txt,17,OK,2026-02-14 10:00:00,2026-02-20 10:30:00,M,DGRP802,21.5C,Winter,NA,08:12,M53
Batch25_DGRP,Monitor53.txt,18,OK,2026-02-14 10:00:00,2026-02-20 10:30:00,M,DGRP802,21.5C,Winter,NA,08:12,M53
Batch25_DGRP,Monitor53.txt,19,OK,2026-02-14 10:00:00,2026-02-20 10:30:00,M,DGRP802,21.5C,Winter,NA,08:12,M53
Batch25_DGRP,Monitor53.txt,20,OK,2026-02-14 10:00:00,2026-02-20 10:30:00,M,DGRP802,21.5C,Winter,NA,08:12,M53
Batch25_DGRP,Monitor53.txt,21,OK,2026-02-14 10:00:00,2026-02-20 10:30:00,M,DGRP802,21.5C,Winter,NA,08:12,M53
Batch25_DGRP,Monitor53.txt,22,OK,2026-02-14 10:00:00,2026-02-20 10:30:00,M,DGRP802,21.5C,Winter,NA,08:12,M53
Batch25_DGRP,Monitor53.txt,23,OK,2026-02-14 10:00:00,2026-02-20 10:30:00,M,DGRP802,21.5C,Winter,NA,08:12,M53
Batch25_DGRP,Monitor53.txt,24,OK,2026-02-14 10:00:00,2026-02-20 10:30:00,M,DGRP802,21.5C,Winter,NA,08:12,M53
Batch25_DGRP,Monitor53.txt,25,OK,2026-02-14 10:00:00,2026-02-20 10:30:00,M,DGRP802,21.5C,Winter,NA,08:12,M53
Batch25_DGRP,Monitor53.txt,26,OK,2026-02-14 10:00:00,2026-02-20 10:30:00,M,DGRP802,21.5C,Winter,NA,08:12,M53
Batch25_DGRP,Monitor53.txt,27,OK,2026-02-14 10:00:00,2026-02-20 10:30:00,M,DGRP802,21.5C,Winter,NA,08:12,M53
Batch25_DGRP,Monitor53.txt,28,OK,2026-02-14 10:00:00,2026-02-20 10:30:00,M,DGRP802,21.5C,Winter,NA,08:12,M53
Batch25_DGRP,Monitor53.txt,29,OK,2026-02-14 10:00:00,2026-02-20 10:30:00,M,DGRP802,21.5C,Winter,NA,08:12,M53
Batch25_DGRP,Monitor53.txt,30,OK,2026-02-14 10:00:00,2026-02-20 10:30:00,M,DGRP802,21.5C,Winter,NA,08:12,M53
Batch25_DGRP,Monitor53.txt,31,OK,2026-02-14 10:00:00,2026-02-20 10:30:00,M,DGRP802,21.5C,Winter,NA,08:12,M53
Batch25_DGRP,Monitor53.txt,32,OK,2026-02-14 10:00:00,2026-02-20 10:30:00,M,DGRP802,21.5C,Winter,NA,08:12,M53
Batch25_DGRP,Monitor55.txt,1,OK,2026-02-14 10:00:00,2026-02-20 10:30:00,M,DGRP810,21.5C,Winter,NA,08:12,M55
Batch25_DGRP,Monitor55.txt,2,OK,2026-02-14 10:00:00,2026-02-20 10:30:00,M,DGRP810,21.5C,Winter,NA,08:12,M55
Batch25_DGRP,Monitor55.txt,3,OK,2026-02-14 10:00:00,2026-02-20 10:30:00,M,DGRP810,21.5C,Winter,NA,08:12,M55
Batch25_DGRP,Monitor55.txt,4,OK,2026-02-14 10:00:00,2026-02-20 10:30:00,M,DGRP810,21.5C,Winter,NA,08:12,M55
Batch25_DGRP,Monitor55.txt,5,OK,2026-02-14 10:00:00,2026-02-20 10:30:00,M,DGRP810,21.5C,Winter,NA,08:12,M55
Batch25_DGRP,Monitor55.txt,6,OK,2026-02-14 10:00:00,2026-02-20 10:30:00,M,DGRP810,21.5C,Winter,NA,08:12,M55
Batch25_DGRP,Monitor55.txt,7,OK,2026-02-14 10:00:00,2026-02-20 10:30:00,M,DGRP810,21.5C,Winter,NA,08:12,M55
Batch25_DGRP,Monitor55.txt,8,OK,2026-02-14 10:00:00,2026-02-20 10:30:00,M,DGRP810,21.5C,Winter,NA,08:12,M55
Batch25_DGRP,Monitor55.txt,9,OK,2026-02-14 10:00:00,2026-02-20 10:30:00,M,DGRP810,21.5C,Winter,NA,08:12,M55
Batch25_DGRP,Monitor55.txt,10,OK,2026-02-14 10:00:00,2026-02-20 10:30:00,M,DGRP810,21.5C,Winter,NA,08:12,M55
Batch25_DGRP,Monitor55.txt,11,OK,2026-02-14 10:00:00,2026-02-20 10:30:00,M,DGRP810,21.5C,Winter,NA,08:12,M55
Batch25_DGRP,Monitor55.txt,12,OK,2026-02-14 10:00:00,2026-02-20 10:30:00,M,DGRP810,21.5C,Winter,NA,08:12,M55
Batch25_DGRP,Monitor55.txt,13,OK,2026-02-14 10:00:00,2026-02-20 10:30:00,M,DGRP810,21.5C,Winter,NA,08:12,M55
Batch25_DGRP,Monitor55.txt,14,OK,2026-02-14 10:00:00,2026-02-20 10:30:00,M,DGRP810,21.5C,Winter,NA,08:12,M55
Batch25_DGRP,Monitor55.txt,15,OK,2026-02-14 10:00:00,2026-02-20 10:30:00,M,DGRP810,21.5C,Winter,NA,08:12,M55
Batch25_DGRP,Monitor55.txt,16,OK,2026-02-14 10:00:00,2026-02-20 10:30:00,M,DGRP810,21.5C,Winter,NA,08:12,M55
Batch25_DGRP,Monitor55.txt,17,OK,2026-02-14 10:00:00,2026-02-20 10:30:00,M,DGRP810,21.5C,Winter,NA,08:12,M55
Batch25_DGRP,Monitor55.txt,18,OK,2026-02-14 10:00:00,2026-02-20 10:30:00,M,DGRP810,21.5C,Winter,NA,08:12,M55
Batch25_DGRP,Monitor55.txt,19,OK,2026-02-14 10:00:00,2026-02-20 10:30:00,M,DGRP810,21.5C,Winter,NA,08:12,M55
Batch25_DGRP,Monitor55.txt,20,OK,2026-02-14 10:00:00,2026-02-20 10:30:00,M,DGRP810,21.5C,Winter,NA,08:12,M55
Batch25_DGRP,Monitor55.txt,21,OK,2026-02-14 10:00:00,2026-02-20 10:30:00,M,DGRP810,21.5C,Winter,NA,08:12,M55
Batch25_DGRP,Monitor55.txt,22,OK,2026-02-14 10:00:00,2026-02-20 10:30:00,M,DGRP810,21.5C,Winter,NA,08:12,M55
Batch25_DGRP,Monitor55.txt,23,OK,2026-02-14 10:00:00,2026-02-20 10:30:00,M,DGRP810,21.5C,Winter,NA,08:12,M55
Batch25_DGRP,Monitor55.txt,24,OK,2026-02-14 10:00:00,2026-02-20 10:30:00,M,DGRP810,21.5C,Winter,NA,08:12,M55
Batch25_DGRP,Monitor55.txt,25,OK,2026-02-14 10:00:00,2026-02-20 10:30:00,M,DGRP810,21.5C,Winter,NA,08:12,M55
Batch25_DGRP,Monitor55.txt,26,OK,2026-02-14 10:00:00,2026-02-20 10:30:00,M,DGRP810,21.5C,Winter,NA,08:12,M55
Batch25_DGRP,Monitor55.txt,27,OK,2026-02-14 10:00:00,2026-02-20 10:30:00,M,DGRP810,21.5C,Winter,NA,08:12,M55
Batch25_DGRP,Monitor55.txt,28,OK,2026-02-14 10:00:00,2026-02-20 10:30:00,M,DGRP810,21.5C,Winter,NA,08:12,M55
Batch25_DGRP,Monitor55.txt,29,OK,2026-02-14 10:00:00,2026-02-20 10:30:00,M,DGRP810,21.5C,Winter,NA,08:12,M55
Batch25_DGRP,Monitor55.txt,30,OK,2026-02-14 10:00:00,2026-02-20 10:30:00,M,DGRP810,21.5C,Winter,NA,08:12,M55
Batch25_DGRP,Monitor55.txt,31,OK,2026-02-14 10:00:00,2026-02-20 10:30:00,M,DGRP810,21.5C,Winter,NA,08:12,M55
Batch25_DGRP,Monitor55.txt,32,OK,2026-02-14 10:00:00,2026-02-20 10:30:00,M,DGRP810,21.5C,Winter,NA,08:12,M55
Batch25_DGRP,Monitor58.txt,1,OK,2026-02-14 10:00:00,2026-02-20 10:30:00,M,DGRP821,21.5C,Winter,NA,08:12,M58
Batch25_DGRP,Monitor58.txt,2,OK,2026-02-14 10:00:00,2026-02-20 10:30:00,M,DGRP821,21.5C,Winter,NA,08:12,M58
Batch25_DGRP,Monitor58.txt,3,OK,2026-02-14 10:00:00,2026-02-20 10:30:00,M,DGRP821,21.5C,Winter,NA,08:12,M58
Batch25_DGRP,Monitor58.txt,4,OK,2026-02-14 10:00:00,2026-02-20 10:30:00,M,DGRP821,21.5C,Winter,NA,08:12,M58
Batch25_DGRP,Monitor58.txt,5,OK,2026-02-14 10:00:00,2026-02-20 10:30:00,M,DGRP821,21.5C,Winter,NA,08:12,M58
Batch25_DGRP,Monitor58.txt,6,OK,2026-02-14 10:00:00,2026-02-20 10:30:00,M,DGRP821,21.5C,Winter,NA,08:12,M58
Batch25_DGRP,Monitor58.txt,7,OK,2026-02-14 10:00:00,2026-02-20 10:30:00,M,DGRP821,21.5C,Winter,NA,08:12,M58
Batch25_DGRP,Monitor58.txt,8,OK,2026-02-14 10:00:00,2026-02-20 10:30:00,M,DGRP821,21.5C,Winter,NA,08:12,M58
Batch25_DGRP,Monitor58.txt,9,OK,2026-02-14 10:00:00,2026-02-20 10:30:00,M,DGRP821,21.5C,Winter,NA,08:12,M58
Batch25_DGRP,Monitor58.txt,10,OK,2026-02-14 10:00:00,2026-02-20 10:30:00,M,DGRP821,21.5C,Winter,NA,08:12,M58
Batch25_DGRP,Monitor58.txt,11,OK,2026-02-14 10:00:00,2026-02-20 10:30:00,M,DGRP821,21.5C,Winter,NA,08:12,M58
Batch25_DGRP,Monitor58.txt,12,OK,2026-02-14 10:00:00,2026-02-20 10:30:00,M,DGRP821,21.5C,Winter,NA,08:12,M58
Batch25_DGRP,Monitor58.txt,13,OK,2026-02-14 10:00:00,2026-02-20 10:30:00,M,DGRP821,21.5C,Winter,NA,08:12,M58
Batch25_DGRP,Monitor58.txt,14,OK,2026-02-14 10:00:00,2026-02-20 10:30:00,M,DGRP821,21.5C,Winter,NA,08:12,M58
Batch25_DGRP,Monitor58.txt,15,OK,2026-02-14 10:00:00,2026-02-20 10:30:00,M,DGRP821,21.5C,Winter,NA,08:12,M58
Batch25_DGRP,Monitor58.txt,16,OK,2026-02-14 10:00:00,2026-02-20 10:30:00,M,DGRP821,21.5C,Winter,NA,08:12,M58
Batch25_DGRP,Monitor58.txt,17,OK,2026-02-14 10:00:00,2026-02-20 10:30:00,M,DGRP821,21.5C,Winter,NA,08:12,M58
Batch25_DGRP,Monitor58.txt,18,OK,2026-02-14 10:00:00,2026-02-20 10:30:00,M,DGRP821,21.5C,Winter,NA,08:12,M58
Batch25_DGRP,Monitor58.txt,19,OK,2026-02-14 10:00:00,2026-02-20 10:30:00,M,DGRP821,21.5C,Winter,NA,08:12,M58
Batch25_DGRP,Monitor58.txt,20,OK,2026-02-14 10:00:00,2026-02-20 10:30:00,M,DGRP821,21.5C,Winter,NA,08:12,M58
Batch25_DGRP,Monitor58.txt,21,OK,2026-02-14 10:00:00,2026-02-20 10:30:00,M,DGRP821,21.5C,Winter,NA,08:12,M58
Batch25_DGRP,Monitor58.txt,22,OK,2026-02-14 10:00:00,2026-02-20 10:30:00,M,DGRP821,21.5C,Winter,NA,08:12,M58
Batch25_DGRP,Monitor58.txt,23,OK,2026-02-14 10:00:00,2026-02-20 10:30:00,M,DGRP821,21.5C,Winter,NA,08:12,M58
Batch25_DGRP,Monitor58.txt,24,OK,2026-02-14 10:00:00,2026-02-20 10:30:00,M,DGRP821,21.5C,Winter,NA,08:12,M58
Batch25_DGRP,Monitor58.txt,25,OK,2026-02-14 10:00:00,2026-02-20 10:30:00,M,DGRP821,21.5C,Winter,NA,08:12,M58
Batch25_DGRP,Monitor58.txt,26,OK,2026-02-14 10:00:00,2026-02-20 10:30:00,M,DGRP821,21.5C,Winter,NA,08:12,M58
Batch25_DGRP,Monitor58.txt,27,OK,2026-02-14 10:00:00,2026-02-20 10:30:00,M,DGRP821,21.5C,Winter,NA,08:12,M58
Batch25_DGRP,Monitor58.txt,28,OK,2026-02-14 10:00:00,2026-02-20 10:30:00,M,DGRP821,21.5C,Winter,NA,08:12,M58
Batch25_DGRP,Monitor58.txt,29,OK,2026-02-14 10:00:00,2026-02-20 10:30:00,M,DGRP821,21.5C,Winter,NA,08:12,M58
Batch25_DGRP,Monitor58.txt,30,OK,2026-02-14 10:00:00,2026-02-20 10:30:00,M,DGRP821,21.5C,Winter,NA,08:12,M58
Batch25_DGRP,Monitor58.txt,31,OK,2026-02-14 10:00:00,2026-02-20 10:30:00,M,DGRP821,21.5C,Winter,NA,08:12,M58
Batch25_DGRP,Monitor58.txt,32,OK,2026-02-14 10:00:00,2026-02-20 10:30:00,M,DGRP821,21.5C,Winter,NA,08:12,M58
Batch25_DGRP,Monitor59.txt,1,OK,2026-02-14 10:00:00,2026-02-20 10:30:00,M,DGRP911,21.5C,Winter,NA,08:12,M59
Batch25_DGRP,Monitor59.txt,2,OK,2026-02-14 10:00:00,2026-02-20 10:30:00,M,DGRP911,21.5C,Winter,NA,08:12,M59
Batch25_DGRP,Monitor59.txt,3,OK,2026-02-14 10:00:00,2026-02-20 10:30:00,M,DGRP911,21.5C,Winter,NA,08:12,M59
Batch25_DGRP,Monitor59.txt,4,OK,2026-02-14 10:00:00,2026-02-20 10:30:00,M,DGRP911,21.5C,Winter,NA,08:12,M59
Batch25_DGRP,Monitor59.txt,5,OK,2026-02-14 10:00:00,2026-02-20 10:30:00,M,DGRP911,21.5C,Winter,NA,08:12,M59
Batch25_DGRP,Monitor59.txt,6,OK,2026-02-14 10:00:00,2026-02-20 10:30:00,M,DGRP911,21.5C,Winter,NA,08:12,M59
Batch25_DGRP,Monitor59.txt,7,OK,2026-02-14 10:00:00,2026-02-20 10:30:00,M,DGRP911,21.5C,Winter,NA,08:12,M59
Batch25_DGRP,Monitor59.txt,8,OK,2026-02-14 10:00:00,2026-02-20 10:30:00,M,DGRP911,21.5C,Winter,NA,08:12,M59
Batch25_DGRP,Monitor59.txt,9,OK,2026-02-14 10:00:00,2026-02-20 10:30:00,M,DGRP911,21.5C,Winter,NA,08:12,M59
Batch25_DGRP,Monitor59.txt,10,OK,2026-02-14 10:00:00,2026-02-20 10:30:00,M,DGRP911,21.5C,Winter,NA,08:12,M59
Batch25_DGRP,Monitor59.txt,11,OK,2026-02-14 10:00:00,2026-02-20 10:30:00,M,DGRP911,21.5C,Winter,NA,08:12,M59
Batch25_DGRP,Monitor59.txt,12,OK,2026-02-14 10:00:00,2026-02-20 10:30:00,M,DGRP911,21.5C,Winter,NA,08:12,M59
Batch25_DGRP,Monitor59.txt,13,OK,2026-02-14 10:00:00,2026-02-20 10:30:00,M,DGRP911,21.5C,Winter,NA,08:12,M59
Batch25_DGRP,Monitor59.txt,14,OK,2026-02-14 10:00:00,2026-02-20 10:30:00,M,DGRP911,21.5C,Winter,NA,08:12,M59
Batch25_DGRP,Monitor59.txt,15,OK,2026-02-14 10:00:00,2026-02-20 10:30:00,M,DGRP911,21.5C,Winter,NA,08:12,M59
Batch25_DGRP,Monitor59.txt,16,OK,2026-02-14 10:00:00,2026-02-20 10:30:00,M,DGRP911,21.5C,Winter,NA,08:12,M59
Batch25_DGRP,Monitor59.txt,17,OK,2026-02-14 10:00:00,2026-02-20 10:30:00,M,DGRP911,21.5C,Winter,NA,08:12,M59
Batch25_DGRP,Monitor59.txt,18,OK,2026-02-14 10:00:00,2026-02-20 10:30:00,M,DGRP911,21.5C,Winter,NA,08:12,M59
Batch25_DGRP,Monitor59.txt,19,OK,2026-02-14 10:00:00,2026-02-20 10:30:00,M,DGRP911,21.5C,Winter,NA,08:12,M59
Batch25_DGRP,Monitor59.txt,20,OK,2026-02-14 10:00:00,2026-02-20 10:30:00,M,DGRP911,21.5C,Winter,NA,08:12,M59
Batch25_DGRP,Monitor59.txt,21,OK,2026-02-14 10:00:00,2026-02-20 10:30:00,M,DGRP911,21.5C,Winter,NA,08:12,M59
Batch25_DGRP,Monitor59.txt,22,OK,2026-02-14 10:00:00,2026-02-20 10:30:00,M,DGRP911,21.5C,Winter,NA,08:12,M59
Batch25_DGRP,Monitor59.txt,23,OK,2026-02-14 10:00:00,2026-02-20 10:30:00,M,DGRP911,21.5C,Winter,NA,08:12,M59
Batch25_DGRP,Monitor59.txt,24,OK,2026-02-14 10:00:00,2026-02-20 10:30:00,M,DGRP911,21.5C,Winter,NA,08:12,M59
Batch25_DGRP,Monitor59.txt,25,OK,2026-02-14 10:00:00,2026-02-20 10:30:00,M,DGRP911,21.5C,Winter,NA,08:12,M59
Batch25_DGRP,Monitor59.txt,26,OK,2026-02-14 10:00:00,2026-02-20 10:30:00,M,DGRP911,21.5C,Winter,NA,08:12,M59
Batch25_DGRP,Monitor59.txt,27,OK,2026-02-14 10:00:00,2026-02-20 10:30:00,M,DGRP911,21.5C,Winter,NA,08:12,M59
Batch25_DGRP,Monitor59.txt,28,OK,2026-02-14 10:00:00,2026-02-20 10:30:00,M,DGRP911,21.5C,Winter,NA,08:12,M59
Batch25_DGRP,Monitor59.txt,29,OK,2026-02-14 10:00:00,2026-02-20 10:30:00,M,DGRP911,21.5C,Winter,NA,08:12,M59
Batch25_DGRP,Monitor59.txt,30,OK,2026-02-14 10:00:00,2026-02-20 10:30:00,M,DGRP911,21.5C,Winter,NA,08:12,M59
Batch25_DGRP,Monitor59.txt,31,OK,2026-02-14 10:00:00,2026-02-20 10:30:00,M,DGRP911,21.5C,Winter,NA,08:12,M59
Batch25_DGRP,Monitor59.txt,32,OK,2026-02-14 10:00:00,2026-02-20 10:30:00,M,DGRP911,21.5C,Winter,NA,08:12,M59
