trait	Genotype	FID	batchFE	raw	n_batches	total_flies
"NightSleepChange"	"DGRP100"	"line_100"	-82.7879385944318	-32	1	28
"NightSleepChange"	"DGRP101"	"line_101"	0.206945795816182	3	1	27
"NightSleepChange"	"DGRP105"	"line_105"	-38.2115704622318	-13	1	20
"NightSleepChange"	"DGRP109"	"line_109"	-198.287938594432	-147.5	1	30
"NightSleepChange"	"DGRP129"	"line_129"	31.2120614055682	82	1	29
"NightSleepChange"	"DGRP136"	"line_136"	-135.223042409384	-109.5	1	22
"NightSleepChange"	"DGRP142"	"line_142"	-111.287938594432	-60.5	1	30
"NightSleepChange"	"DGRP149"	"line_149"	66.2120614055683	117	1	29
"NightSleepChange"	"DGRP161"	"line_161"	7.35837508627114	-31	2	35
"NightSleepChange"	"DGRP176"	"line_176"	2.43215870592793	-49	1	29
"NightSleepChange"	"DGRP181"	"line_181"	36.5682035011433	67.5	2	43
"NightSleepChange"	"DGRP189"	"line_189"	-100.612316319603	-71.5	2	39
"NightSleepChange"	"DGRP195"	"line_195"	13.6637324833323	11.75	2	33
"NightSleepChange"	"DGRP208"	"line_208"	-85.2480972025557	-77.5	2	54
"NightSleepChange"	"DGRP21"	"line_21"	-39.567841294072	-91	1	17
"NightSleepChange"	"DGRP217"	"line_217"	-61.1801138001941	-73	2	41
"NightSleepChange"	"DGRP228"	"line_228"	-114.1926481942	-16	1	23
"NightSleepChange"	"DGRP229"	"line_229"	-16.2879385944317	34.5	1	30
"NightSleepChange"	"DGRP235"	"line_235"	122.850553499959	91.5	2	28
"NightSleepChange"	"DGRP239"	"line_239"	32.9248186115894	47.25	2	44
"NightSleepChange"	"DGRP26"	"line_26"	1.2002265788703	-6.25	2	39
"NightSleepChange"	"DGRP280"	"line_280"	-94.5678412940721	-146	1	27
"NightSleepChange"	"DGRP287"	"line_287"	-85.1926481941997	13	1	24
"NightSleepChange"	"DGRP301"	"line_301"	210.908718967911	158	1	23
"NightSleepChange"	"DGRP303"	"line_303"	-103.004973477531	-52.75	2	42
"NightSleepChange"	"DGRP304"	"line_304"	-85.25497347753	-35	2	48
"NightSleepChange"	"DGRP306"	"line_306"	-187.567841294072	-239	1	30
"NightSleepChange"	"DGRP307"	"line_307"	-102.00497347753	-51.75	2	51
"NightSleepChange"	"DGRP309"	"line_309"	-110.88269193563	-106	2	40
"NightSleepChange"	"DGRP31"	"line_31"	-27.7930542041839	-25	1	24
"NightSleepChange"	"DGRP310"	"line_310"	-196.51004156642	-180.75	2	49
"NightSleepChange"	"DGRP313"	"line_313"	-12.2549734775318	38	2	58
"NightSleepChange"	"DGRP317"	"line_317"	-150.733399426253	-101	1	25
"NightSleepChange"	"DGRP318"	"line_318"	-178.293054204184	-175.5	1	24
"NightSleepChange"	"DGRP319"	"line_319"	-10.2092693512164	-14.3333333333333	3	44
"NightSleepChange"	"DGRP32"	"line_32"	-163.067562397254	-138	1	29
"NightSleepChange"	"DGRP320"	"line_320"	50.8673080643706	55.75	2	31
"NightSleepChange"	"DGRP321"	"line_321"	-38.0479118043213	-24.25	2	47
"NightSleepChange"	"DGRP324"	"line_324"	-92.7549734775322	-42.5	2	55
"NightSleepChange"	"DGRP332"	"line_332"	33.6173080643706	38.5	2	39
"NightSleepChange"	"DGRP335"	"line_335"	-46.5703001667386	-41.3333333333333	3	40
"NightSleepChange"	"DGRP336"	"line_336"	6.67638965433899	-7.75	4	61
"NightSleepChange"	"DGRP338"	"line_338"	-19.8277391932865	-29.5	2	39
"NightSleepChange"	"DGRP348"	"line_348"	0.766600573746787	50.5	1	20
"NightSleepChange"	"DGRP350"	"line_350"	-77.2333994262534	-27.5	1	20
"NightSleepChange"	"DGRP352"	"line_352"	-73.7333994262534	-24	1	25
"NightSleepChange"	"DGRP354"	"line_354"	1.99367166944917	7.25	2	51
"NightSleepChange"	"DGRP355"	"line_355"	18.2207427651511	-21	1	29
"NightSleepChange"	"DGRP356"	"line_356"	-219.320840708619	-250	2	44
"NightSleepChange"	"DGRP357"	"line_357"	193.17057828533	182	1	24
"NightSleepChange"	"DGRP358"	"line_358"	25.9950265224675	76.25	2	47
"NightSleepChange"	"DGRP359"	"line_359"	-17.7792572348487	-57	1	23
"NightSleepChange"	"DGRP360"	"line_360"	-48.2549734775304	2	2	47
"NightSleepChange"	"DGRP361"	"line_361"	34.7917787870738	-9.5	2	27
"NightSleepChange"	"DGRP362"	"line_362"	-62.0049734775308	-11.75	2	59
"NightSleepChange"	"DGRP365"	"line_365"	-46.0912810320867	-99	1	23
"NightSleepChange"	"DGRP370"	"line_370"	-67.7792572348487	-107	1	25
"NightSleepChange"	"DGRP371"	"line_371"	-265.279257234848	-304.5	1	28
"NightSleepChange"	"DGRP373"	"line_373"	-65.5678412940721	-117	1	24
"NightSleepChange"	"DGRP374"	"line_374"	-79.9030269402201	-29	1	26
"NightSleepChange"	"DGRP375"	"line_375"	-110.004973477532	-59.75	2	44
"NightSleepChange"	"DGRP377"	"line_377"	-71.7792572348487	-111	1	22
"NightSleepChange"	"DGRP379"	"line_379"	25.7884295377678	51	1	24
"NightSleepChange"	"DGRP38"	"line_38"	-114.733399426254	-65	1	25
"NightSleepChange"	"DGRP380"	"line_380"	-29.6606038446261	-29.8333333333333	3	63
"NightSleepChange"	"DGRP381"	"line_381"	211.220742765151	172	1	28
"NightSleepChange"	"DGRP382"	"line_382"	47.7464132600031	14	2	32
"NightSleepChange"	"DGRP383"	"line_383"	-47.2535867399968	-122	1	21
"NightSleepChange"	"DGRP385"	"line_385"	-186.779257234849	-226	1	29
"NightSleepChange"	"DGRP386"	"line_386"	-67.3886852313516	-108.25	2	41
"NightSleepChange"	"DGRP390"	"line_390"	34.2207427651514	-5	1	23
"NightSleepChange"	"DGRP391"	"line_391"	10.8492878463966	31.25	4	91
"NightSleepChange"	"DGRP392"	"line_392"	9.74641326000298	-65	1	31
"NightSleepChange"	"DGRP395"	"line_395"	-165.253586739997	-240	1	25
"NightSleepChange"	"DGRP397"	"line_397"	-113.253586739997	-188	1	30
"NightSleepChange"	"DGRP399"	"line_399"	-164.289392296829	-190	2	46
"NightSleepChange"	"DGRP40"	"line_40"	-88.5760712983096	-102	3	50
"NightSleepChange"	"DGRP405"	"line_405"	-98.2535867399968	-173	1	24
"NightSleepChange"	"DGRP406"	"line_406"	100.746413260003	26	1	22
"NightSleepChange"	"DGRP409"	"line_409"	-64.6105778186193	-73	2	34
"NightSleepChange"	"DGRP41"	"line_41"	-76.0675623972537	-51	1	25
"NightSleepChange"	"DGRP426"	"line_426"	-197.253586739997	-272	1	15
"NightSleepChange"	"DGRP427"	"line_427"	-30.7535867399968	-105.5	1	22
"NightSleepChange"	"DGRP437"	"line_437"	-201.864596120758	-166.333333333333	3	52
"NightSleepChange"	"DGRP439"	"line_439"	92.746413260003	18	1	27
"NightSleepChange"	"DGRP440"	"line_440"	80.7464132600028	6	1	25
"NightSleepChange"	"DGRP441"	"line_441"	108.075622173382	140.666666666667	3	63
"NightSleepChange"	"DGRP443"	"line_443"	101.746413260003	27	1	25
"NightSleepChange"	"DGRP45"	"line_45"	-72.0675623972538	-47	1	25
"NightSleepChange"	"DGRP461"	"line_461"	-81.9367472830036	-50.5	1	14
"NightSleepChange"	"DGRP48"	"line_48"	-225.067562397254	-200	1	22
"NightSleepChange"	"DGRP486"	"line_486"	-35.29783756721	39.25	2	38
"NightSleepChange"	"DGRP491"	"line_491"	-41.4843658640047	-45.75	2	39
"NightSleepChange"	"DGRP492"	"line_492"	-40.3164237040897	-37.1666666666667	3	42
"NightSleepChange"	"DGRP502"	"line_502"	181.75502451777	183.25	2	43
"NightSleepChange"	"DGRP505"	"line_505"	40.0632527169966	71.5	1	20
"NightSleepChange"	"DGRP509"	"line_509"	-500.936747283004	-469.5	1	22
"NightSleepChange"	"DGRP513"	"line_513"	224.077781451029	191	3	55
"NightSleepChange"	"DGRP517"	"line_517"	61.8600026676136	25.75	2	41
"NightSleepChange"	"DGRP528"	"line_528"	-135.399585732697	-130.75	2	44
"NightSleepChange"	"DGRP531"	"line_531"	103.975852673166	112	1	16
"NightSleepChange"	"DGRP535"	"line_535"	-98.2869662370039	-107.25	2	51
"NightSleepChange"	"DGRP551"	"line_551"	-127.436747283004	-96	1	26
"NightSleepChange"	"DGRP555"	"line_555"	109.96060770317	84.25	2	45
"NightSleepChange"	"DGRP559"	"line_559"	-117.810879327645	-106	1	21
"NightSleepChange"	"DGRP563"	"line_563"	-245.310879327645	-233.5	1	28
"NightSleepChange"	"DGRP566"	"line_566"	-241.810879327645	-230	1	23
"NightSleepChange"	"DGRP57"	"line_57"	-31.0675623972537	-6	1	21
"NightSleepChange"	"DGRP584"	"line_584"	15.6980332340854	23	2	28
"NightSleepChange"	"DGRP589"	"line_589"	51.5248109650122	24	1	21
"NightSleepChange"	"DGRP59"	"line_59"	-53.7930542041837	-51	1	27
"NightSleepChange"	"DGRP595"	"line_595"	-0.0241473268339929	8	1	31
"NightSleepChange"	"DGRP596"	"line_596"	-215.524147326835	-207.5	1	30
"NightSleepChange"	"DGRP627"	"line_627"	136.189120672355	148	1	17
"NightSleepChange"	"DGRP630"	"line_630"	-23.9396517650932	-66.75	2	42
"NightSleepChange"	"DGRP634"	"line_634"	-110.024147326834	-102	1	24
"NightSleepChange"	"DGRP639"	"line_639"	-101.29783756721	-26.75	2	32
"NightSleepChange"	"DGRP69"	"line_69"	-63.6388678896667	-70.25	2	32
"NightSleepChange"	"DGRP703"	"line_703"	-190.308512670609	-184	1	31
"NightSleepChange"	"DGRP705"	"line_705"	68.2896486266209	36.25	2	41
"NightSleepChange"	"DGRP707"	"line_707"	-74.1069531339327	-42.75	2	28
"NightSleepChange"	"DGRP712"	"line_712"	-56.2978375672099	18.25	2	39
"NightSleepChange"	"DGRP714"	"line_714"	79.908718967914	27	1	19
"NightSleepChange"	"DGRP716"	"line_716"	64.6914873293913	71	1	19
"NightSleepChange"	"DGRP721"	"line_721"	-201.810879327646	-190	1	21
"NightSleepChange"	"DGRP73"	"line_73"	157.836528102652	89.75	2	26
"NightSleepChange"	"DGRP730"	"line_730"	-183.789392296829	-209.5	2	58
"NightSleepChange"	"DGRP732"	"line_732"	-130.04783756721	-55.5	2	41
"NightSleepChange"	"DGRP737"	"line_737"	-96.3085126706091	-90	1	29
"NightSleepChange"	"DGRP738"	"line_738"	-5.76690855507633	-28.5	1	28
"NightSleepChange"	"DGRP748"	"line_748"	-37.6896517650932	-80.5	2	42
"NightSleepChange"	"DGRP75"	"line_75"	-26.0675623972533	-1	1	24
"NightSleepChange"	"DGRP757"	"line_757"	-65.65449627775	-81	2	40
"NightSleepChange"	"DGRP761"	"line_761"	-22.2591025006241	-107	1	17
"NightSleepChange"	"DGRP765"	"line_765"	158.219400542203	104.5	3	76
"NightSleepChange"	"DGRP774"	"line_774"	160.908718967911	108	1	26
"NightSleepChange"	"DGRP776"	"line_776"	-58.8108793276453	-47	1	23
"NightSleepChange"	"DGRP783"	"line_783"	-98.0112248949384	-79.5	2	56
"NightSleepChange"	"DGRP786"	"line_786"	92.9087189679126	40	1	27
"NightSleepChange"	"DGRP787"	"line_787"	-108.308512670609	-102	1	29
"NightSleepChange"	"DGRP790"	"line_790"	66.9321587059282	15.5	1	20
"NightSleepChange"	"DGRP796"	"line_796"	94.2069457958162	97	1	22
"NightSleepChange"	"DGRP799"	"line_799"	-144.591281032089	-197.5	1	30
"NightSleepChange"	"DGRP801"	"line_801"	98.2408974993761	13.5	1	24
"NightSleepChange"	"DGRP802"	"line_802"	88.5248109650122	61	1	23
"NightSleepChange"	"DGRP805"	"line_805"	73.740897499376	-11	1	26
"NightSleepChange"	"DGRP808"	"line_808"	-31.8085126706092	-25.5	1	24
"NightSleepChange"	"DGRP810"	"line_810"	-51.9751890349878	-79.5	1	30
"NightSleepChange"	"DGRP812"	"line_812"	75.8594494116705	112	1	17
"NightSleepChange"	"DGRP818"	"line_818"	50.240897499376	-34.5	1	18
"NightSleepChange"	"DGRP819"	"line_819"	-21.2591025006241	-106	1	31
"NightSleepChange"	"DGRP820"	"line_820"	-153.948492055962	-147	2	44
"NightSleepChange"	"DGRP821"	"line_821"	96.2281933812355	33.75	2	30
"NightSleepChange"	"DGRP822"	"line_822"	-97.0241473268343	-89	1	28
"NightSleepChange"	"DGRP83"	"line_83"	-34.0497734211299	-110	1	17
"NightSleepChange"	"DGRP832"	"line_832"	-67.4949754822302	-66	2	25
"NightSleepChange"	"DGRP837"	"line_837"	-61.5854684264992	-69.5	2	36
"NightSleepChange"	"DGRP843"	"line_843"	-152.711570462232	-127.5	1	22
"NightSleepChange"	"DGRP85"	"line_85"	-98.067562397254	-73	1	21
"NightSleepChange"	"DGRP850"	"line_850"	-72.1405505883293	-36	1	19
"NightSleepChange"	"DGRP852"	"line_852"	160.908718967913	108	1	25
"NightSleepChange"	"DGRP855"	"line_855"	-80.1405505883294	-44	1	22
"NightSleepChange"	"DGRP857"	"line_857"	-339.640550588329	-303.5	1	28
"NightSleepChange"	"DGRP859"	"line_859"	-44.0912810320861	-97	1	31
"NightSleepChange"	"DGRP861"	"line_861"	-28.6405505883293	7.5	1	20
"NightSleepChange"	"DGRP879"	"line_879"	-15.1405505883293	21	1	19
"NightSleepChange"	"DGRP88"	"line_88"	7.2666005737465	57	1	22
"NightSleepChange"	"DGRP890"	"line_890"	-4.16632999872139	3	2	55
"NightSleepChange"	"DGRP897"	"line_897"	-35.7115704622321	-10.5	1	24
"NightSleepChange"	"DGRP900"	"line_900"	-109.640550588329	-73.5	1	28
"NightSleepChange"	"DGRP907"	"line_907"	-89.3085126706091	-83	1	30
"NightSleepChange"	"DGRP908"	"line_908"	33.691487329391	40	1	18
"NightSleepChange"	"DGRP91"	"line_91"	75.4321587059278	24	1	25
"NightSleepChange"	"DGRP911"	"line_911"	-248.475189034988	-276	1	24
"NightSleepChange"	"DGRP913"	"line_913"	49.2884295377684	74.5	1	20
"NightSleepChange"	"DGRP93"	"line_93"	-100.787938594432	-50	1	30
"MovingShapePC1"	"DGRP100"	"line_100"	-0.491401562462033	-0.306401588441879	1	28
"MovingShapePC1"	"DGRP101"	"line_101"	-0.0453300482050287	-0.241955035691676	1	27
"MovingShapePC1"	"DGRP105"	"line_105"	-0.200332658340232	-0.617817070735127	1	20
"MovingShapePC1"	"DGRP109"	"line_109"	-0.851836664509	-0.666836690488847	1	30
"MovingShapePC1"	"DGRP129"	"line_129"	-0.666639142778369	-0.481639168758216	1	29
"MovingShapePC1"	"DGRP136"	"line_136"	0.154726973025517	0.0895267490568017	1	22
"MovingShapePC1"	"DGRP142"	"line_142"	-0.430967727430652	-0.245967753410499	1	30
"MovingShapePC1"	"DGRP149"	"line_149"	-0.716716771329722	-0.531716797309569	1	29
"MovingShapePC1"	"DGRP161"	"line_161"	-1.27919579620797	-0.993070638730784	2	35
"MovingShapePC1"	"DGRP176"	"line_176"	-0.483041633235773	-0.206455068886695	1	29
"MovingShapePC1"	"DGRP181"	"line_181"	0.22658468438244	0.188903184242154	2	43
"MovingShapePC1"	"DGRP189"	"line_189"	-0.00761467339374238	0.038710927213159	2	39
"MovingShapePC1"	"DGRP195"	"line_195"	0.258268222121094	0.240565128745877	2	33
"MovingShapePC1"	"DGRP208"	"line_208"	0.710398282749903	0.553446762984546	2	54
"MovingShapePC1"	"DGRP21"	"line_21"	0.422548093526988	0.699134657876064	1	17
"MovingShapePC1"	"DGRP217"	"line_217"	-0.114495269805839	-0.24707974526266	2	41
"MovingShapePC1"	"DGRP228"	"line_228"	-0.473814533262901	-0.355919921610522	1	23
"MovingShapePC1"	"DGRP229"	"line_229"	-0.220550810150013	-0.0355508361298597	1	30
"MovingShapePC1"	"DGRP235"	"line_235"	-0.216035679101627	-0.173343383695284	2	28
"MovingShapePC1"	"DGRP239"	"line_239"	-0.180070048568735	-0.247867796105218	2	44
"MovingShapePC1"	"DGRP26"	"line_26"	-0.200147512481956	-0.0435830590036911	2	39
"MovingShapePC1"	"DGRP280"	"line_280"	0.312496013499696	0.589082577848772	1	27
"MovingShapePC1"	"DGRP287"	"line_287"	-0.548434625587747	-0.43054001393537	1	24
"MovingShapePC1"	"DGRP301"	"line_301"	-0.148130515398392	-0.628755511647378	1	23
"MovingShapePC1"	"DGRP303"	"line_303"	-0.144744525667286	-0.297440799972127	2	42
"MovingShapePC1"	"DGRP304"	"line_304"	0.778778776049064	0.62608250174423	2	48
"MovingShapePC1"	"DGRP306"	"line_306"	-0.0914601365600464	0.18512642778903	1	30
"MovingShapePC1"	"DGRP307"	"line_307"	-0.365236658538021	-0.517932932842858	2	51
"MovingShapePC1"	"DGRP309"	"line_309"	-0.570148890044665	-0.383725610819757	2	40
"MovingShapePC1"	"DGRP31"	"line_31"	-0.0382479153704426	-0.23487290285709	1	24
"MovingShapePC1"	"DGRP310"	"line_310"	0.623666492814514	0.506420270763829	2	49
"MovingShapePC1"	"DGRP313"	"line_313"	-1.45839890723154	-1.61109518153637	2	58
"MovingShapePC1"	"DGRP317"	"line_317"	0.127106448938878	0.525196417827267	1	25
"MovingShapePC1"	"DGRP318"	"line_318"	-0.0484869485277159	-0.245111936014361	1	24
"MovingShapePC1"	"DGRP319"	"line_319"	0.215495586454086	0.232912616239651	3	44
"MovingShapePC1"	"DGRP32"	"line_32"	-1.21202920009964	-0.87365688270454	1	29
"MovingShapePC1"	"DGRP320"	"line_320"	-0.258463426110425	-0.0720401468855184	2	31
"MovingShapePC1"	"DGRP321"	"line_321"	0.390293804641586	0.429041054539222	2	47
"MovingShapePC1"	"DGRP324"	"line_324"	0.0435297563916249	-0.109166517913219	2	55
"MovingShapePC1"	"DGRP332"	"line_332"	-0.452938322906565	-0.266515043681658	2	39
"MovingShapePC1"	"DGRP335"	"line_335"	-0.286645921883789	-0.379130995970224	3	40
"MovingShapePC1"	"DGRP336"	"line_336"	-0.0804555566560592	-0.267886964360672	4	61
"MovingShapePC1"	"DGRP338"	"line_338"	0.218787474275376	-0.0398227540145071	2	39
"MovingShapePC1"	"DGRP348"	"line_348"	0.121808962831639	0.519898931720029	1	20
"MovingShapePC1"	"DGRP350"	"line_350"	-0.0855495137307918	0.312540455157597	1	20
"MovingShapePC1"	"DGRP352"	"line_352"	0.772908417993579	1.17099838688197	1	25
"MovingShapePC1"	"DGRP354"	"line_354"	-0.0863710473406406	0.272635747084874	2	51
"MovingShapePC1"	"DGRP355"	"line_355"	-0.542373195350012	-0.222449575387375	1	29
"MovingShapePC1"	"DGRP356"	"line_356"	0.357528817211058	0.357192892645816	2	44
"MovingShapePC1"	"DGRP357"	"line_357"	0.224989272753836	-0.152341931949556	1	24
"MovingShapePC1"	"DGRP358"	"line_358"	-0.36568167415392	-0.518377948458771	2	47
"MovingShapePC1"	"DGRP359"	"line_359"	-0.224801023349129	0.0951225966135097	1	23
"MovingShapePC1"	"DGRP360"	"line_360"	-0.313114286817367	-0.465810561122215	2	47
"MovingShapePC1"	"DGRP361"	"line_361"	-0.256248934784891	-0.196271488276037	2	27
"MovingShapePC1"	"DGRP362"	"line_362"	0.608700796974552	0.456004522669721	2	59
"MovingShapePC1"	"DGRP365"	"line_365"	1.27443403320021	0.793809036951229	1	23
"MovingShapePC1"	"DGRP370"	"line_370"	0.265660401590941	0.585584021553579	1	25
"MovingShapePC1"	"DGRP371"	"line_371"	-0.066666888934454	0.253256731028183	1	28
"MovingShapePC1"	"DGRP373"	"line_373"	-0.0882314394801273	0.188355124868949	1	24
"MovingShapePC1"	"DGRP374"	"line_374"	-0.579966020554118	-0.494150985824856	1	26
"MovingShapePC1"	"DGRP375"	"line_375"	0.994269567517336	0.841573293212496	2	44
"MovingShapePC1"	"DGRP377"	"line_377"	0.399224285042221	0.719147905004859	1	22
"MovingShapePC1"	"DGRP379"	"line_379"	-0.123897028779676	-0.54138144117457	1	24
"MovingShapePC1"	"DGRP38"	"line_38"	-1.0110358608491	-0.61294589196071	1	25
"MovingShapePC1"	"DGRP380"	"line_380"	0.929996008306591	1.00650371800959	3	63
"MovingShapePC1"	"DGRP381"	"line_381"	-0.982778647038548	-0.662855027075912	1	28
"MovingShapePC1"	"DGRP382"	"line_382"	-0.615059019039859	-0.58721352157677	2	32
"MovingShapePC1"	"DGRP383"	"line_383"	0.846546205306323	0.400372236695009	1	21
"MovingShapePC1"	"DGRP385"	"line_385"	0.123173984259808	0.443097604222444	1	29
"MovingShapePC1"	"DGRP386"	"line_386"	0.111959339757442	0.114429301729217	2	41
"MovingShapePC1"	"DGRP390"	"line_390"	-0.895647150326506	-0.57572353036387	1	23
"MovingShapePC1"	"DGRP391"	"line_391"	-0.423718334162	-0.358868173835045	4	91
"MovingShapePC1"	"DGRP392"	"line_392"	-0.120977059048672	-0.567151027659988	1	31
"MovingShapePC1"	"DGRP395"	"line_395"	0.458802100146711	0.0126281315353966	1	25
"MovingShapePC1"	"DGRP397"	"line_397"	0.0171014593424495	-0.429072509268867	1	30
"MovingShapePC1"	"DGRP399"	"line_399"	0.623364066268915	0.695218113458779	2	46
"MovingShapePC1"	"DGRP40"	"line_40"	0.277299273772399	0.229725370521166	3	50
"MovingShapePC1"	"DGRP405"	"line_405"	1.18070726833484	0.734533299723524	1	24
"MovingShapePC1"	"DGRP406"	"line_406"	0.615939128718875	0.16976516010756	1	22
"MovingShapePC1"	"DGRP409"	"line_409"	0.042176630019299	-0.147915329974602	2	34
"MovingShapePC1"	"DGRP41"	"line_41"	-1.70690214265228	-1.36852982525717	1	25
"MovingShapePC1"	"DGRP426"	"line_426"	0.446415723152948	0.000241754541632403	1	15
"MovingShapePC1"	"DGRP427"	"line_427"	1.01404666872779	0.567872700116476	1	22
"MovingShapePC1"	"DGRP437"	"line_437"	-0.147397470305777	-0.184488820184927	3	52
"MovingShapePC1"	"DGRP439"	"line_439"	0.610463875755118	0.164289907143802	1	27
"MovingShapePC1"	"DGRP440"	"line_440"	0.601777987527479	0.155604018916164	1	25
"MovingShapePC1"	"DGRP441"	"line_441"	-0.30879051488924	-0.304340869513177	3	63
"MovingShapePC1"	"DGRP443"	"line_443"	1.09730463429591	0.651130665684593	1	25
"MovingShapePC1"	"DGRP45"	"line_45"	-0.590259573897482	-0.251887256502377	1	25
"MovingShapePC1"	"DGRP461"	"line_461"	-0.842740341086794	-0.566494665427016	1	14
"MovingShapePC1"	"DGRP48"	"line_48"	-0.678211538856938	-0.339839221461832	1	22
"MovingShapePC1"	"DGRP486"	"line_486"	0.354735366100871	0.456590189291692	2	38
"MovingShapePC1"	"DGRP491"	"line_491"	-0.113482869565769	0.012018263044833	2	39
"MovingShapePC1"	"DGRP492"	"line_492"	0.405380467802432	0.50175998047116	3	42
"MovingShapePC1"	"DGRP502"	"line_502"	-0.256904247221491	-0.234190358580218	2	43
"MovingShapePC1"	"DGRP505"	"line_505"	-0.478853362595192	-0.202607686935413	1	20
"MovingShapePC1"	"DGRP509"	"line_509"	-0.101616049414126	0.174629626245654	1	22
"MovingShapePC1"	"DGRP513"	"line_513"	0.234760006120079	0.122082346103838	3	55
"MovingShapePC1"	"DGRP517"	"line_517"	0.057610293116146	-0.328015493803682	2	41
"MovingShapePC1"	"DGRP528"	"line_528"	0.377687699656795	0.355512802940125	2	44
"MovingShapePC1"	"DGRP531"	"line_531"	0.0129211780580805	0.317028468989033	1	16
"MovingShapePC1"	"DGRP535"	"line_535"	0.191784805072379	0.229923279429806	2	51
"MovingShapePC1"	"DGRP551"	"line_551"	0.165944768120516	0.442190443780294	1	26
"MovingShapePC1"	"DGRP555"	"line_555"	-0.048953303562587	0.0229007436272753	2	45
"MovingShapePC1"	"DGRP559"	"line_559"	0.16777500553112	0.0727139626899107	1	21
"MovingShapePC1"	"DGRP563"	"line_563"	-0.391156408798963	-0.486217451640172	1	28
"MovingShapePC1"	"DGRP566"	"line_566"	0.258935993914118	0.163874951072908	1	23
"MovingShapePC1"	"DGRP57"	"line_57"	-0.837293299968768	-0.498920982573661	1	21
"MovingShapePC1"	"DGRP584"	"line_584"	-0.173674190171083	-0.319517205335011	2	28
"MovingShapePC1"	"DGRP589"	"line_589"	0.276460601788163	0.357395007152918	1	21
"MovingShapePC1"	"DGRP59"	"line_59"	0.129601637168919	-0.0670233503177269	1	27
"MovingShapePC1"	"DGRP595"	"line_595"	-0.0404589984633025	0.26364829246765	1	31
"MovingShapePC1"	"DGRP596"	"line_596"	-0.685578761313651	-0.3814714703827	1	30
"MovingShapePC1"	"DGRP627"	"line_627"	-0.315055191374595	-0.410116234215804	1	17
"MovingShapePC1"	"DGRP630"	"line_630"	0.270566505215788	0.0461524030728024	2	42
"MovingShapePC1"	"DGRP634"	"line_634"	0.33437411490861	0.638481405839561	1	24
"MovingShapePC1"	"DGRP639"	"line_639"	0.0697547025313803	0.171609525722201	2	32
"MovingShapePC1"	"DGRP69"	"line_69"	0.184149938294264	0.0790841866658731	2	32
"MovingShapePC1"	"DGRP703"	"line_703"	0.900810348252214	1.08380231654574	1	31
"MovingShapePC1"	"DGRP705"	"line_705"	0.296716257902338	-0.132261842573845	2	41
"MovingShapePC1"	"DGRP707"	"line_707"	0.178022037052212	0.173399032996239	2	28
"MovingShapePC1"	"DGRP712"	"line_712"	0.655464122993693	0.757318946184517	2	39
"MovingShapePC1"	"DGRP714"	"line_714"	-0.145726623910257	-0.626351620159239	1	19
"MovingShapePC1"	"DGRP716"	"line_716"	0.710680016496789	0.893671984790315	1	19
"MovingShapePC1"	"DGRP721"	"line_721"	-0.844841864477229	-0.939902907318437	1	21
"MovingShapePC1"	"DGRP73"	"line_73"	-0.0849664753788396	0.187398318807406	2	26
"MovingShapePC1"	"DGRP730"	"line_730"	-0.0751498890864461	-0.00329584189658381	2	58
"MovingShapePC1"	"DGRP732"	"line_732"	0.475519878557957	0.577374701748778	2	41
"MovingShapePC1"	"DGRP737"	"line_737"	0.169599848376605	0.35259181667013	1	29
"MovingShapePC1"	"DGRP738"	"line_738"	0.738480304994511	0.849108306245769	1	28
"MovingShapePC1"	"DGRP748"	"line_748"	0.138251733789332	-0.0861623683536531	2	42
"MovingShapePC1"	"DGRP75"	"line_75"	-1.12701717914308	-0.788644861747972	1	24
"MovingShapePC1"	"DGRP757"	"line_757"	-0.16317300471053	-0.368195374140678	2	40
"MovingShapePC1"	"DGRP761"	"line_761"	-0.31180982816638	-0.0436668041429647	1	17
"MovingShapePC1"	"DGRP765"	"line_765"	0.483053396953017	0.427796242912567	3	76
"MovingShapePC1"	"DGRP774"	"line_774"	-0.320157049306249	-0.800782045555225	1	26
"MovingShapePC1"	"DGRP776"	"line_776"	-0.13424957793965	-0.22931062078086	1	23
"MovingShapePC1"	"DGRP783"	"line_783"	0.70068480549075	0.444412077872698	2	56
"MovingShapePC1"	"DGRP786"	"line_786"	-0.0442245348511021	-0.524849531100082	1	27
"MovingShapePC1"	"DGRP787"	"line_787"	-0.471373893888602	-0.288381925595077	1	29
"MovingShapePC1"	"DGRP790"	"line_790"	-0.22233646988275	0.0542500944663274	1	20
"MovingShapePC1"	"DGRP796"	"line_796"	0.599927379459124	0.403302391972478	1	22
"MovingShapePC1"	"DGRP799"	"line_799"	0.608633022145185	0.12800802589619	1	30
"MovingShapePC1"	"DGRP801"	"line_801"	-0.0503571596166901	0.217785864406725	1	24
"MovingShapePC1"	"DGRP802"	"line_802"	0.978937534354373	1.05987193971913	1	23
"MovingShapePC1"	"DGRP805"	"line_805"	-0.0239403875540957	0.244202636469319	1	26
"MovingShapePC1"	"DGRP808"	"line_808"	0.0048382703041617	0.187830238597685	1	24
"MovingShapePC1"	"DGRP810"	"line_810"	-0.0185967768663887	0.0623376284983668	1	30
"MovingShapePC1"	"DGRP812"	"line_812"	0.539786784397839	0.529624008085983	1	17
"MovingShapePC1"	"DGRP818"	"line_818"	0.60681422781683	0.874957251840244	1	18
"MovingShapePC1"	"DGRP819"	"line_819"	-1.45210609897811	-1.1839630749547	1	31
"MovingShapePC1"	"DGRP820"	"line_820"	1.03728268419844	1.0178032405443	2	44
"MovingShapePC1"	"DGRP821"	"line_821"	0.248356642572451	0.111940264532448	2	30
"MovingShapePC1"	"DGRP822"	"line_822"	0.130022636900091	0.434129927831042	1	28
"MovingShapePC1"	"DGRP83"	"line_83"	-0.37345178233967	-0.291212547383364	1	17
"MovingShapePC1"	"DGRP832"	"line_832"	-0.619129463952268	-0.596415575310996	2	25
"MovingShapePC1"	"DGRP837"	"line_837"	0.389877721940223	0.321075971540425	2	36
"MovingShapePC1"	"DGRP843"	"line_843"	0.214148689627883	-0.203335722767012	1	22
"MovingShapePC1"	"DGRP85"	"line_85"	-0.0108313750766934	0.327540942318413	1	21
"MovingShapePC1"	"DGRP850"	"line_850"	0.286129749777153	0.275966973465296	1	19
"MovingShapePC1"	"DGRP852"	"line_852"	0.303894778960537	-0.176730217288444	1	25
"MovingShapePC1"	"DGRP855"	"line_855"	0.313163674924047	0.303000898612191	1	22
"MovingShapePC1"	"DGRP857"	"line_857"	-0.430040302930749	-0.440203079242606	1	28
"MovingShapePC1"	"DGRP859"	"line_859"	0.0120946339979366	-0.468530362251041	1	31
"MovingShapePC1"	"DGRP861"	"line_861"	-0.142645589032593	-0.15280836534445	1	20
"MovingShapePC1"	"DGRP879"	"line_879"	-0.685964918921094	-0.696127695232951	1	19
"MovingShapePC1"	"DGRP88"	"line_88"	-0.929601607426182	-0.531511638537792	1	22
"MovingShapePC1"	"DGRP890"	"line_890"	0.285955671236909	0.529505300849148	2	55
"MovingShapePC1"	"DGRP897"	"line_897"	0.700271382605907	0.282786970211012	1	24
"MovingShapePC1"	"DGRP900"	"line_900"	-0.0812004305643955	-0.0913632068762519	1	28
"MovingShapePC1"	"DGRP907"	"line_907"	-0.58134499497629	-0.398353026682765	1	30
"MovingShapePC1"	"DGRP908"	"line_908"	0.165426636580426	0.34841860487395	1	18
"MovingShapePC1"	"DGRP91"	"line_91"	0.44403002192808	0.720616586277156	1	25
"MovingShapePC1"	"DGRP911"	"line_911"	-0.0756858292499888	0.00524857611476643	1	24
"MovingShapePC1"	"DGRP913"	"line_913"	1.08797865337036	0.670494240975462	1	20
"MovingShapePC1"	"DGRP93"	"line_93"	-0.195195571086094	-0.0101955970659406	1	30
"NightPWake"	"DGRP100"	"line_100"	-2.38649763066244	-2.33016694987964	1	28
"NightPWake"	"DGRP101"	"line_101"	-1.89369382456988	-2.05817302246544	1	27
"NightPWake"	"DGRP105"	"line_105"	-1.82432458749416	-2.23286099406482	1	20
"NightPWake"	"DGRP109"	"line_109"	-1.94839351543954	-1.89206283465674	1	30
"NightPWake"	"DGRP129"	"line_129"	-2.72833032178465	-2.67199964100185	1	29
"NightPWake"	"DGRP136"	"line_136"	-2.51621969104485	-2.54202929153619	1	22
"NightPWake"	"DGRP142"	"line_142"	-1.30228330528564	-1.24595262450284	1	30
"NightPWake"	"DGRP149"	"line_149"	-1.53110673851279	-1.47477605772999	1	29
"NightPWake"	"DGRP161"	"line_161"	-3.11994086748086	-2.929546820897	2	35
"NightPWake"	"DGRP176"	"line_176"	-2.76467158831383	-2.25730690624952	1	29
"NightPWake"	"DGRP181"	"line_181"	-1.96735935451488	-2.00052127668031	2	43
"NightPWake"	"DGRP189"	"line_189"	-1.90294167977436	-2.00823028580359	2	39
"NightPWake"	"DGRP195"	"line_195"	-2.10594903833715	-2.14223657728034	2	33
"NightPWake"	"DGRP208"	"line_208"	-1.11559129952453	-1.21857854875562	2	54
"NightPWake"	"DGRP21"	"line_21"	-2.11685845441687	-1.60949377235256	1	17
"NightPWake"	"DGRP217"	"line_217"	-1.59605155754945	-1.86187023279004	2	41
"NightPWake"	"DGRP228"	"line_228"	-2.38708151826696	-2.56559789627856	1	23
"NightPWake"	"DGRP229"	"line_229"	-2.01304570168108	-1.95671502089828	1	30
"NightPWake"	"DGRP235"	"line_235"	-2.21243941736603	-2.2770447196116	2	28
"NightPWake"	"DGRP239"	"line_239"	-2.52223067370267	-2.76931670083103	2	44
"NightPWake"	"DGRP26"	"line_26"	-2.4209283895653	-2.48651009898887	2	39
"NightPWake"	"DGRP280"	"line_280"	-1.60223633817795	-1.09487165611364	1	27
"NightPWake"	"DGRP287"	"line_287"	-2.64280009948603	-2.82131647749763	1	24
"NightPWake"	"DGRP301"	"line_301"	-2.8772799187698	-3.21229922825951	1	23
"NightPWake"	"DGRP303"	"line_303"	-3.12000863967905	-3.13426144532855	2	42
"NightPWake"	"DGRP304"	"line_304"	-2.4100505414766	-2.4243033471261	2	48
"NightPWake"	"DGRP306"	"line_306"	-2.13362826265942	-1.62626358059511	1	30
"NightPWake"	"DGRP307"	"line_307"	-2.73483740050112	-2.74909020615062	2	51
"NightPWake"	"DGRP309"	"line_309"	-2.1879261226647	-2.37301647167021	2	40
"NightPWake"	"DGRP31"	"line_31"	-1.8779189147895	-2.04239811268506	1	24
"NightPWake"	"DGRP310"	"line_310"	-1.09248229816697	-1.24720133700426	2	49
"NightPWake"	"DGRP313"	"line_313"	-2.82635890370089	-2.84061170935039	2	58
"NightPWake"	"DGRP317"	"line_317"	-1.12446394247554	-1.46258380643967	1	25
"NightPWake"	"DGRP318"	"line_318"	-1.194766908572	-1.35924610646757	1	24
"NightPWake"	"DGRP319"	"line_319"	-2.43912171975818	-2.74601619744169	3	44
"NightPWake"	"DGRP32"	"line_32"	-2.70625512971863	-2.8053577145189	1	29
"NightPWake"	"DGRP320"	"line_320"	-2.53016654204101	-2.71525689104651	2	31
"NightPWake"	"DGRP321"	"line_321"	-2.5407505594198	-2.98506185892163	2	47
"NightPWake"	"DGRP324"	"line_324"	-2.36128801732563	-2.37554082297513	2	55
"NightPWake"	"DGRP332"	"line_332"	-2.34900018432372	-2.53409053332923	2	39
"NightPWake"	"DGRP335"	"line_335"	-3.08600706204315	-3.28266967243198	3	40
"NightPWake"	"DGRP336"	"line_336"	-2.65392236375773	-2.75792556942453	4	61
"NightPWake"	"DGRP338"	"line_338"	-3.01156292086779	-3.36905388733534	2	39
"NightPWake"	"DGRP348"	"line_348"	-1.27202775713334	-1.61014762109748	1	20
"NightPWake"	"DGRP350"	"line_350"	-2.57875623449121	-2.91687609845535	1	20
"NightPWake"	"DGRP352"	"line_352"	0.076797213787525	-0.261322650176611	1	24
"NightPWake"	"DGRP354"	"line_354"	-1.82212292141771	-1.85080530097155	2	51
"NightPWake"	"DGRP355"	"line_355"	-2.45009438978782	-2.16933928493137	1	29
"NightPWake"	"DGRP356"	"line_356"	-1.32255041762927	-1.4574242327208	2	44
"NightPWake"	"DGRP357"	"line_357"	-2.92103699823272	-2.63083826915431	1	24
"NightPWake"	"DGRP358"	"line_358"	-2.15639569394587	-2.17064849959538	2	47
"NightPWake"	"DGRP359"	"line_359"	-1.99826843637577	-1.71751333151933	1	23
"NightPWake"	"DGRP360"	"line_360"	-2.09136817566691	-2.10562098131641	2	47
"NightPWake"	"DGRP361"	"line_361"	-2.46620352712273	-2.57873984968943	2	27
"NightPWake"	"DGRP362"	"line_362"	-2.14490892809203	-2.15916173374153	2	59
"NightPWake"	"DGRP365"	"line_365"	-1.47430566455011	-1.80932497403981	1	23
"NightPWake"	"DGRP370"	"line_370"	-1.87441450695213	-1.59365940209569	1	25
"NightPWake"	"DGRP371"	"line_371"	-1.05530420498962	-0.77454910013317	1	28
"NightPWake"	"DGRP373"	"line_373"	-2.48299511339225	-1.97563043132794	1	24
"NightPWake"	"DGRP374"	"line_374"	-1.99155571662831	-2.25115921147981	1	26
"NightPWake"	"DGRP375"	"line_375"	-2.04761114033027	-2.06186394597977	2	44
"NightPWake"	"DGRP377"	"line_377"	-0.931024886470745	-0.650269781614296	1	22
"NightPWake"	"DGRP379"	"line_379"	-1.90034837669672	-2.30888478326738	1	24
"NightPWake"	"DGRP38"	"line_38"	-0.667834666163111	-1.00595453012725	1	25
"NightPWake"	"DGRP380"	"line_380"	-2.19622410087079	-2.31493648227981	3	63
"NightPWake"	"DGRP381"	"line_381"	-2.02258257100169	-1.74182746614524	1	28
"NightPWake"	"DGRP382"	"line_382"	-3.31894976480948	-3.36591694532953	2	32
"NightPWake"	"DGRP383"	"line_383"	-1.94376625358329	-1.6450307216359	1	21
"NightPWake"	"DGRP385"	"line_385"	-1.59093804917697	-1.31018294432053	1	29
"NightPWake"	"DGRP386"	"line_386"	-1.76916757790132	-1.73425102835752	2	41
"NightPWake"	"DGRP390"	"line_390"	-2.29694813300951	-2.01619302815307	1	23
"NightPWake"	"DGRP391"	"line_391"	-1.71192328952799	-1.84493684800379	4	91
"NightPWake"	"DGRP392"	"line_392"	-2.14781665318697	-1.84908112123958	1	31
"NightPWake"	"DGRP395"	"line_395"	-2.31986053094207	-2.02112499899468	1	25
"NightPWake"	"DGRP397"	"line_397"	-2.17004624258247	-1.87131071063507	1	30
"NightPWake"	"DGRP399"	"line_399"	-0.992235498225228	-1.04050232291301	2	46
"NightPWake"	"DGRP40"	"line_40"	-1.88972389920736	-1.80906635949388	3	50
"NightPWake"	"DGRP405"	"line_405"	-1.91202840502503	-1.61329287307763	1	24
"NightPWake"	"DGRP406"	"line_406"	-2.41268851063842	-2.11395297869102	1	22
"NightPWake"	"DGRP409"	"line_409"	-2.41645999063001	-2.5348257937601	2	34
"NightPWake"	"DGRP41"	"line_41"	-2.57156641544804	-2.67066900024831	1	25
"NightPWake"	"DGRP426"	"line_426"	-2.6058869589544	-2.30715142700701	1	15
"NightPWake"	"DGRP427"	"line_427"	-1.41419391179853	-1.11545837985113	1	22
"NightPWake"	"DGRP437"	"line_437"	-2.16375032051136	-2.38009761338867	3	52
"NightPWake"	"DGRP439"	"line_439"	-2.6074018174981	-2.3086662855507	1	27
"NightPWake"	"DGRP440"	"line_440"	-1.8601753233684	-1.561439791421	1	25
"NightPWake"	"DGRP441"	"line_441"	-2.65491765394184	-2.54991584695388	3	63
"NightPWake"	"DGRP443"	"line_443"	-1.20357230478279	-0.904836772835398	1	25
"NightPWake"	"DGRP45"	"line_45"	-2.61636182277242	-2.7154644075727	1	25
"NightPWake"	"DGRP461"	"line_461"	-2.82781691136568	-2.76084844843707	1	14
"NightPWake"	"DGRP48"	"line_48"	-2.1719213615407	-2.27102394634098	1	22
"NightPWake"	"DGRP486"	"line_486"	-1.03724774035831	-1.25630767678986	2	38
"NightPWake"	"DGRP491"	"line_491"	-2.28197227999426	-2.26451846555339	2	39
"NightPWake"	"DGRP492"	"line_492"	-2.18258267847939	-2.35163008454266	3	42
"NightPWake"	"DGRP502"	"line_502"	-1.95920711507347	-2.02068680054127	2	43
"NightPWake"	"DGRP505"	"line_505"	-2.52870279888523	-2.46173433595663	1	20
"NightPWake"	"DGRP509"	"line_509"	-1.01737626329563	-0.950407800367022	1	22
"NightPWake"	"DGRP513"	"line_513"	-1.10784289100365	-1.07013268126412	3	55
"NightPWake"	"DGRP517"	"line_517"	-2.53191031423594	-2.63577163916969	2	41
"NightPWake"	"DGRP528"	"line_528"	-1.70194129358378	-1.94370842963924	2	44
"NightPWake"	"DGRP531"	"line_531"	-2.97069535248868	-3.02834050147144	1	16
"NightPWake"	"DGRP535"	"line_535"	-1.85119412190356	-2.07062376543418	2	51
"NightPWake"	"DGRP551"	"line_551"	-2.59568599529361	-2.52871753236501	1	26
"NightPWake"	"DGRP555"	"line_555"	-2.05228231483312	-2.10054913952091	2	45
"NightPWake"	"DGRP559"	"line_559"	-2.27496939592854	-2.34946515145069	1	21
"NightPWake"	"DGRP563"	"line_563"	-1.41828375148638	-1.49277950700853	1	28
"NightPWake"	"DGRP566"	"line_566"	-1.02773360618807	-1.10222936171023	1	22
"NightPWake"	"DGRP57"	"line_57"	-3.77080567634213	-3.8699082611424	1	21
"NightPWake"	"DGRP584"	"line_584"	-2.91291200353277	-3.03239948024163	2	28
"NightPWake"	"DGRP589"	"line_589"	-2.83592825151247	-2.89780177850569	1	21
"NightPWake"	"DGRP59"	"line_59"	-1.6862541060807	-1.85073330397626	1	27
"NightPWake"	"DGRP595"	"line_595"	-0.953697338515696	-1.01134248749846	1	31
"NightPWake"	"DGRP596"	"line_596"	-1.17250004378471	-1.23014519276747	1	30
"NightPWake"	"DGRP627"	"line_627"	-1.93270680589024	-2.00720256141239	1	17
"NightPWake"	"DGRP630"	"line_630"	-2.60115803737655	-2.53799903678605	2	42
"NightPWake"	"DGRP634"	"line_634"	-2.04908262612079	-2.10672777510355	1	24
"NightPWake"	"DGRP639"	"line_639"	-1.73464880502416	-1.95370874145571	2	32
"NightPWake"	"DGRP69"	"line_69"	-2.00973769539078	-2.28290869230546	2	32
"NightPWake"	"DGRP703"	"line_703"	-0.472130070648115	-0.373031741752032	1	26
"NightPWake"	"DGRP705"	"line_705"	-3.08522227633616	-3.10763256654181	2	41
"NightPWake"	"DGRP707"	"line_707"	-2.53078576639715	-2.69783539158398	2	28
"NightPWake"	"DGRP712"	"line_712"	-1.09325710101217	-1.31231703744372	2	39
"NightPWake"	"DGRP714"	"line_714"	-3.04522282778469	-3.38024213727437	1	19
"NightPWake"	"DGRP716"	"line_716"	-2.69380643901913	-2.59470811012304	1	19
"NightPWake"	"DGRP721"	"line_721"	-1.58862713225959	-1.66312288778175	1	21
"NightPWake"	"DGRP73"	"line_73"	-2.64351435205336	-2.17061538994596	2	26
"NightPWake"	"DGRP730"	"line_730"	-0.810745170938574	-0.85901199562636	2	58
"NightPWake"	"DGRP732"	"line_732"	-1.78558172190055	-2.00464165833209	2	41
"NightPWake"	"DGRP737"	"line_737"	-1.83142190066989	-1.73232357177381	1	29
"NightPWake"	"DGRP738"	"line_738"	-0.726267587125855	-0.823417357570108	1	28
"NightPWake"	"DGRP748"	"line_748"	-2.38102537563126	-2.31786637504075	2	42
"NightPWake"	"DGRP75"	"line_75"	-2.36894455853795	-2.46804714333823	1	24
"NightPWake"	"DGRP757"	"line_757"	-1.55843450074472	-1.70114338139022	2	40
"NightPWake"	"DGRP761"	"line_761"	-2.4415632213885	-2.00312997923802	1	17
"NightPWake"	"DGRP765"	"line_765"	-0.851980020334862	-0.873018376187123	3	73
"NightPWake"	"DGRP774"	"line_774"	-1.98227188009798	-2.31729118958767	1	26
"NightPWake"	"DGRP776"	"line_776"	-1.81966927731484	-1.89416503283699	1	23
"NightPWake"	"DGRP783"	"line_783"	-2.1929828272449	-2.4344989082913	2	56
"NightPWake"	"DGRP786"	"line_786"	-2.85419924580939	-3.18921855529908	1	27
"NightPWake"	"DGRP787"	"line_787"	-2.35010279189675	-2.25100446300067	1	29
"NightPWake"	"DGRP790"	"line_790"	-2.43329795962911	-1.9259332775648	1	20
"NightPWake"	"DGRP796"	"line_796"	-2.14888957770132	-2.31336877559688	1	22
"NightPWake"	"DGRP799"	"line_799"	-0.988749758756272	-1.32376906824599	1	30
"NightPWake"	"DGRP801"	"line_801"	-2.5649569068018	-2.12652366465132	1	24
"NightPWake"	"DGRP802"	"line_802"	-2.13511318206767	-2.19698670906089	1	23
"NightPWake"	"DGRP805"	"line_805"	-1.91702401534877	-1.47859077319829	1	26
"NightPWake"	"DGRP808"	"line_808"	-1.86973204737374	-1.77063371847766	1	24
"NightPWake"	"DGRP810"	"line_810"	-1.73084522973467	-1.79271875672789	1	30
"NightPWake"	"DGRP812"	"line_812"	-2.03168983563973	-2.07220407947924	1	17
"NightPWake"	"DGRP818"	"line_818"	-1.60397859339172	-1.16554535124124	1	18
"NightPWake"	"DGRP819"	"line_819"	-2.50953922078902	-2.07110597863854	1	31
"NightPWake"	"DGRP820"	"line_820"	-1.2827185425677	-1.18717047042863	2	44
"NightPWake"	"DGRP821"	"line_821"	-2.83316968277569	-2.76369956792071	2	30
"NightPWake"	"DGRP822"	"line_822"	-2.6044258066267	-2.66207095560946	1	28
"NightPWake"	"DGRP83"	"line_83"	-2.71160783241424	-2.49845002689983	1	17
"NightPWake"	"DGRP832"	"line_832"	-1.16231259297201	-1.22379227843981	2	25
"NightPWake"	"DGRP837"	"line_837"	-2.61581607651356	-2.84151827958528	2	36
"NightPWake"	"DGRP843"	"line_843"	-1.39805255386674	-1.80658896043739	1	22
"NightPWake"	"DGRP85"	"line_85"	-2.06149733645138	-2.16059992125165	1	21
"NightPWake"	"DGRP850"	"line_850"	-2.40792347828744	-2.44843772212695	1	19
"NightPWake"	"DGRP852"	"line_852"	-2.20120184830072	-2.53622115779042	1	25
"NightPWake"	"DGRP855"	"line_855"	-0.816035537299126	-0.856549781138632	1	22
"NightPWake"	"DGRP857"	"line_857"	-1.51657966471348	-1.55709390855298	1	28
"NightPWake"	"DGRP859"	"line_859"	-0.76426271336766	-1.09928202285735	1	31
"NightPWake"	"DGRP861"	"line_861"	-1.66781074589495	-1.70832498973446	1	20
"NightPWake"	"DGRP879"	"line_879"	-2.79560580141604	-2.83612004525555	1	19
"NightPWake"	"DGRP88"	"line_88"	-2.10263126089509	-2.44075112485923	1	22
"NightPWake"	"DGRP890"	"line_890"	-1.53642093409335	-1.51569434413669	2	55
"NightPWake"	"DGRP897"	"line_897"	-2.28727272946195	-2.69580913603261	1	24
"NightPWake"	"DGRP900"	"line_900"	-1.53822417323721	-1.57873841707671	1	28
"NightPWake"	"DGRP907"	"line_907"	-1.80108447010084	-1.70198614120476	1	30
"NightPWake"	"DGRP908"	"line_908"	-2.50226689455691	-2.40316856566083	1	18
"NightPWake"	"DGRP91"	"line_91"	-2.68205979719366	-2.17469511512935	1	25
"NightPWake"	"DGRP911"	"line_911"	-0.98461245268112	-1.04648597967434	1	24
"NightPWake"	"DGRP913"	"line_913"	-1.13693092282552	-1.54546732939618	1	20
"NightPWake"	"DGRP93"	"line_93"	-2.22910105489868	-2.17277037411588	1	30
"NightPDoze"	"DGRP100"	"line_100"	-0.035705552489719	-0.0815434799319137	1	28
"NightPDoze"	"DGRP101"	"line_101"	-0.479070262848309	-0.522958479126199	1	27
"NightPDoze"	"DGRP105"	"line_105"	-1.33461619140696	-1.33109073067802	1	19
"NightPDoze"	"DGRP109"	"line_109"	-0.35294965289471	-0.398787580336905	1	29
"NightPDoze"	"DGRP129"	"line_129"	-0.292805170378729	-0.338643097820924	1	29
"NightPDoze"	"DGRP136"	"line_136"	-1.00445890710066	-0.867394622064242	1	21
"NightPDoze"	"DGRP142"	"line_142"	-0.182305911490167	-0.228143838932361	1	29
"NightPDoze"	"DGRP149"	"line_149"	-1.1052876077387	-1.15112553518089	1	29
"NightPDoze"	"DGRP161"	"line_161"	-0.0489338610800196	-0.205967829311739	2	24
"NightPDoze"	"DGRP176"	"line_176"	-1.0095343102415	-1.03909402565516	1	28
"NightPDoze"	"DGRP181"	"line_181"	-1.00980657684457	-0.891228938349885	2	43
"NightPDoze"	"DGRP189"	"line_189"	-1.3838400724138	-1.41328380454194	2	39
"NightPDoze"	"DGRP195"	"line_195"	-0.882041913064948	-0.943395664803286	2	33
"NightPDoze"	"DGRP208"	"line_208"	-1.38638699352432	-1.42018092317506	2	54
"NightPDoze"	"DGRP21"	"line_21"	-0.486920202860619	-0.516479918274274	1	17
"NightPDoze"	"DGRP217"	"line_217"	-0.741654043049899	-0.715148917933115	2	41
"NightPDoze"	"DGRP228"	"line_228"	-0.127569128490264	0.0363419026830962	1	22
"NightPDoze"	"DGRP229"	"line_229"	-0.477740711482437	-0.523578638924631	1	30
"NightPDoze"	"DGRP235"	"line_235"	-0.543722340227189	-0.701906792757859	2	28
"NightPDoze"	"DGRP239"	"line_239"	-0.44188906562641	-0.522302863399867	2	37
"NightPDoze"	"DGRP26"	"line_26"	0.00445030872662866	-0.195534971809046	2	39
"NightPDoze"	"DGRP280"	"line_280"	-0.992114424024514	-1.02167413943817	1	27
"NightPDoze"	"DGRP287"	"line_287"	-0.256686478478278	-0.0927754473049184	1	20
"NightPDoze"	"DGRP301"	"line_301"	-0.771326009058637	-0.798678310452056	1	13
"NightPDoze"	"DGRP303"	"line_303"	-0.758919199895462	-0.808550323741487	2	36
"NightPDoze"	"DGRP304"	"line_304"	-1.12002881060281	-1.16965993444883	2	47
"NightPDoze"	"DGRP306"	"line_306"	-1.59378726396241	-1.62334697937607	1	30
"NightPDoze"	"DGRP307"	"line_307"	-0.459872545477623	-0.509503669323662	2	49
"NightPDoze"	"DGRP309"	"line_309"	-0.680026085661747	-0.930613230938788	2	40
"NightPDoze"	"DGRP31"	"line_31"	-0.675513567799219	-0.719401784077109	1	24
"NightPDoze"	"DGRP310"	"line_310"	-1.16136160619432	-1.1294015598959	2	49
"NightPDoze"	"DGRP313"	"line_313"	-0.834679122484591	-0.884310246330617	2	54
"NightPDoze"	"DGRP317"	"line_317"	-0.760574512529192	-1.03895030765364	1	25
"NightPDoze"	"DGRP318"	"line_318"	-0.375295119491086	-0.419183335768976	1	24
"NightPDoze"	"DGRP319"	"line_319"	-1.01888507895053	-1.22427306517013	3	43
"NightPDoze"	"DGRP32"	"line_32"	-1.07806962195671	-1.25524168759843	1	28
"NightPDoze"	"DGRP320"	"line_320"	-0.197057589734906	-0.447644735011948	2	30
"NightPDoze"	"DGRP321"	"line_321"	-1.28446798156287	-1.48115071317746	2	47
"NightPDoze"	"DGRP324"	"line_324"	-0.611317230245184	-0.660948354091218	2	51
"NightPDoze"	"DGRP332"	"line_332"	-0.359928554871553	-0.610515700148594	2	38
"NightPDoze"	"DGRP335"	"line_335"	0.181638825638958	0.0970723184888712	2	18
"NightPDoze"	"DGRP336"	"line_336"	-0.434525150352725	-0.405496326038457	4	56
"NightPDoze"	"DGRP338"	"line_338"	-1.60254748045912	-1.68198642265043	2	37
"NightPDoze"	"DGRP348"	"line_348"	-0.726661163525766	-1.00503695865022	1	20
"NightPDoze"	"DGRP350"	"line_350"	-0.992451834116572	-1.27082762924103	1	19
"NightPDoze"	"DGRP352"	"line_352"	-2.18922710614928	-2.46760290127374	1	25
"NightPDoze"	"DGRP354"	"line_354"	-0.702604498037832	-0.884509104483031	2	51
"NightPDoze"	"DGRP355"	"line_355"	-0.809218308424068	-0.894651726190011	1	29
"NightPDoze"	"DGRP356"	"line_356"	-0.887217612715575	-0.987429155650906	2	44
"NightPDoze"	"DGRP357"	"line_357"	-1.64014438313985	-1.86605506491102	1	24
"NightPDoze"	"DGRP358"	"line_358"	-1.35333445273479	-1.40296557658082	2	47
"NightPDoze"	"DGRP359"	"line_359"	-0.365456555727584	-0.450889973493527	1	23
"NightPDoze"	"DGRP360"	"line_360"	-1.01483734699058	-1.0644684708366	2	45
"NightPDoze"	"DGRP361"	"line_361"	-0.217464696092247	-0.209375026782287	1	17
"NightPDoze"	"DGRP362"	"line_362"	-0.396060044663256	-0.445691168509283	2	59
"NightPDoze"	"DGRP365"	"line_365"	-1.34003896194541	-1.36739126333883	1	23
"NightPDoze"	"DGRP370"	"line_370"	-0.461395569424575	-0.546828987190518	1	25
"NightPDoze"	"DGRP371"	"line_371"	-0.77611393884436	-0.861547356610301	1	28
"NightPDoze"	"DGRP373"	"line_373"	-1.15654206168871	-1.18610177710236	1	21
"NightPDoze"	"DGRP374"	"line_374"	-0.171260427598195	-0.208628184954739	1	25
"NightPDoze"	"DGRP375"	"line_375"	-0.842402756048056	-0.892033879894082	2	44
"NightPDoze"	"DGRP377"	"line_377"	-1.33471359639236	-1.42014701415831	1	22
"NightPDoze"	"DGRP379"	"line_379"	-0.310405542658872	-0.30688008192994	1	24
"NightPDoze"	"DGRP38"	"line_38"	-0.924746294394708	-1.20312208951916	1	25
"NightPDoze"	"DGRP380"	"line_380"	-1.52793953363974	-1.59337222029537	3	63
"NightPDoze"	"DGRP381"	"line_381"	-0.618549912335871	-0.703983330101813	1	27
"NightPDoze"	"DGRP382"	"line_382"	-0.912524875023499	-1.13532337045313	1	17
"NightPDoze"	"DGRP383"	"line_383"	-1.91644157970476	-1.2249981255759	1	21
"NightPDoze"	"DGRP385"	"line_385"	-0.022413001957123	-0.107846419723066	1	29
"NightPDoze"	"DGRP386"	"line_386"	-1.24950461785103	-1.23821654331457	2	41
"NightPDoze"	"DGRP390"	"line_390"	-1.27187480141843	-1.35730821918437	1	23
"NightPDoze"	"DGRP391"	"line_391"	-0.878436033740117	-0.896189390066402	4	89
"NightPDoze"	"DGRP392"	"line_392"	-1.03180366298497	-0.34036020885611	1	31
"NightPDoze"	"DGRP395"	"line_395"	-1.00734127949172	-0.315897825362866	1	25
"NightPDoze"	"DGRP397"	"line_397"	-1.33163055136279	-0.640187097233929	1	28
"NightPDoze"	"DGRP399"	"line_399"	-0.701725999126362	-0.781191150431525	2	46
"NightPDoze"	"DGRP40"	"line_40"	-0.808667980409818	-0.750642343944297	3	48
"NightPDoze"	"DGRP405"	"line_405"	-1.88439618570464	-1.19295273157578	1	24
"NightPDoze"	"DGRP406"	"line_406"	-1.95749679820612	-1.26605334407726	1	22
"NightPDoze"	"DGRP409"	"line_409"	-0.672542257982871	-0.550005332045228	2	31
"NightPDoze"	"DGRP41"	"line_41"	-0.860696176332091	-1.03786824197381	1	25
"NightPDoze"	"DGRP426"	"line_426"	-1.3099536115925	-0.618510157463638	1	15
"NightPDoze"	"DGRP427"	"line_427"	-1.42732311456536	-0.735879660436499	1	22
"NightPDoze"	"DGRP437"	"line_437"	-1.9281215900061	-1.84993730978754	3	49
"NightPDoze"	"DGRP439"	"line_439"	-1.72463549979094	-1.03319204566208	1	27
"NightPDoze"	"DGRP440"	"line_440"	-1.72245032554522	-1.03100687141636	1	25
"NightPDoze"	"DGRP441"	"line_441"	-0.849470550063735	-0.640732213198519	3	61
"NightPDoze"	"DGRP443"	"line_443"	-2.20028841887038	-1.50884496474152	1	25
"NightPDoze"	"DGRP45"	"line_45"	-0.445212611302679	-0.622384676944401	1	21
"NightPDoze"	"DGRP461"	"line_461"	-0.770213679236616	-0.727150743248902	1	12
"NightPDoze"	"DGRP48"	"line_48"	-0.702471013641023	-0.879643079282746	1	22
"NightPDoze"	"DGRP486"	"line_486"	-0.958399395006157	-0.89512775809775	2	38
"NightPDoze"	"DGRP491"	"line_491"	-0.528446483589153	-0.618314263310109	2	39
"NightPDoze"	"DGRP492"	"line_492"	-0.645794808901845	-0.764714921318145	3	42
"NightPDoze"	"DGRP502"	"line_502"	-1.05370303269006	-1.03195609498771	2	43
"NightPDoze"	"DGRP505"	"line_505"	-0.737781328612001	-0.694718392624286	1	19
"NightPDoze"	"DGRP509"	"line_509"	-0.779009410128788	-0.735946474141074	1	21
"NightPDoze"	"DGRP513"	"line_513"	-0.634513521674618	-0.582428265102446	3	55
"NightPDoze"	"DGRP517"	"line_517"	-0.59369164992095	-0.594954075370271	2	38
"NightPDoze"	"DGRP528"	"line_528"	-1.19100634159344	-1.22696970765194	2	44
"NightPDoze"	"DGRP531"	"line_531"	-1.38461032455201	-1.61147869955586	1	15
"NightPDoze"	"DGRP535"	"line_535"	-2.03205631705754	-2.05255186646511	2	51
"NightPDoze"	"DGRP551"	"line_551"	-1.74314145044564	-1.70007851445792	1	25
"NightPDoze"	"DGRP555"	"line_555"	-0.307382092675417	-0.386847243980575	2	45
"NightPDoze"	"DGRP559"	"line_559"	-1.48208356426404	-1.57052042803867	1	21
"NightPDoze"	"DGRP563"	"line_563"	-1.38188749510739	-1.47032435888203	1	28
"NightPDoze"	"DGRP566"	"line_566"	-2.11133136289668	-2.19976822667132	1	23
"NightPDoze"	"DGRP57"	"line_57"	-2.46389510069772	-2.64106716633944	1	20
"NightPDoze"	"DGRP584"	"line_584"	-1.147568609246	-1.21373114927226	2	28
"NightPDoze"	"DGRP589"	"line_589"	-1.62435595363668	-1.59911415732901	1	21
"NightPDoze"	"DGRP59"	"line_59"	-0.639034842781492	-0.68292305905938	1	27
"NightPDoze"	"DGRP595"	"line_595"	-1.70371463180601	-1.93058300680987	1	31
"NightPDoze"	"DGRP596"	"line_596"	-0.505340605670336	-0.732208980674188	1	30
"NightPDoze"	"DGRP627"	"line_627"	-1.11615020709189	-1.20458707086652	1	15
"NightPDoze"	"DGRP630"	"line_630"	-0.85097385378561	-0.898217441486712	2	41
"NightPDoze"	"DGRP634"	"line_634"	-1.86287359565339	-2.08974197065724	1	24
"NightPDoze"	"DGRP639"	"line_639"	-1.0421510408876	-0.978879403979197	2	32
"NightPDoze"	"DGRP69"	"line_69"	-0.451618301082923	-0.443599822507873	2	29
"NightPDoze"	"DGRP703"	"line_703"	-2.59376000188334	-2.53336537001543	1	31
"NightPDoze"	"DGRP705"	"line_705"	-1.4612467298223	-1.5878782214046	2	39
"NightPDoze"	"DGRP707"	"line_707"	-0.84895536785808	-0.911857678423669	2	27
"NightPDoze"	"DGRP712"	"line_712"	-1.54293678068887	-1.47966514378046	2	39
"NightPDoze"	"DGRP714"	"line_714"	-0.0746048453330301	-0.101957146726454	1	8
"NightPDoze"	"DGRP716"	"line_716"	-1.91003630513843	-1.84964167327053	1	19
"NightPDoze"	"DGRP721"	"line_721"	-1.02762046636044	-1.11605733013507	1	21
"NightPDoze"	"DGRP73"	"line_73"	-0.137952455812942	-0.196332094249564	2	25
"NightPDoze"	"DGRP730"	"line_730"	-0.898593771432161	-0.978058922737324	2	58
"NightPDoze"	"DGRP732"	"line_732"	-1.23346713296755	-1.17019549605914	2	41
"NightPDoze"	"DGRP737"	"line_737"	-1.05750014942573	-0.997105517557825	1	29
"NightPDoze"	"DGRP738"	"line_738"	-1.02845694492736	-1.12202735455907	1	28
"NightPDoze"	"DGRP748"	"line_748"	-1.12587816210865	-1.17312174980975	2	42
"NightPDoze"	"DGRP75"	"line_75"	-0.851421807954699	-1.02859387359642	1	24
"NightPDoze"	"DGRP757"	"line_757"	-0.903556622647802	-0.893770271115684	2	40
"NightPDoze"	"DGRP761"	"line_761"	-0.0374852003649585	-0.124684761824547	1	17
"NightPDoze"	"DGRP765"	"line_765"	-2.02837252455777	-2.05736173359054	3	76
"NightPDoze"	"DGRP774"	"line_774"	-0.67755817781325	-0.704910479206685	1	26
"NightPDoze"	"DGRP776"	"line_776"	-0.840737299200996	-0.92917416297563	1	23
"NightPDoze"	"DGRP783"	"line_783"	-1.78522944434357	-1.82768514586642	2	56
"NightPDoze"	"DGRP786"	"line_786"	0.417016058360812	0.389663756967396	1	15
"NightPDoze"	"DGRP787"	"line_787"	-1.00989070379377	-0.949496071925866	1	29
"NightPDoze"	"DGRP790"	"line_790"	-0.980716612536093	-1.01027632794975	1	20
"NightPDoze"	"DGRP796"	"line_796"	-1.69792397220223	-1.74181218848012	1	22
"NightPDoze"	"DGRP799"	"line_799"	-1.63341275974894	-1.66076506114236	1	30
"NightPDoze"	"DGRP801"	"line_801"	-0.0574952106650019	-0.14469477212459	1	24
"NightPDoze"	"DGRP802"	"line_802"	-1.50948069958791	-1.48423890328024	1	23
"NightPDoze"	"DGRP805"	"line_805"	-0.925947277727493	-1.01314683918708	1	26
"NightPDoze"	"DGRP808"	"line_808"	-0.502806538357111	-0.442411906489208	1	24
"NightPDoze"	"DGRP810"	"line_810"	-1.3017233692972	-1.27648157298953	1	30
"NightPDoze"	"DGRP812"	"line_812"	-0.90991165334677	-0.809820661393821	1	17
"NightPDoze"	"DGRP818"	"line_818"	-1.10385208326956	-1.19105164472915	1	18
"NightPDoze"	"DGRP819"	"line_819"	-0.618510685560135	-0.705710247019723	1	30
"NightPDoze"	"DGRP820"	"line_820"	-1.38811837670224	-1.58965975040869	2	44
"NightPDoze"	"DGRP821"	"line_821"	-0.894877220688564	-0.885281478348514	2	30
"NightPDoze"	"DGRP822"	"line_822"	-1.31656481788336	-1.54343319288721	1	28
"NightPDoze"	"DGRP83"	"line_83"	-1.35410641032916	-1.40299567654874	1	17
"NightPDoze"	"DGRP832"	"line_832"	-0.824283713071435	-0.802536775369084	2	25
"NightPDoze"	"DGRP837"	"line_837"	-1.02901959207965	-1.05631711019806	2	36
"NightPDoze"	"DGRP843"	"line_843"	-0.724202071483296	-0.720676610754366	1	22
"NightPDoze"	"DGRP85"	"line_85"	-1.5278152066315	-1.70498727227322	1	21
"NightPDoze"	"DGRP850"	"line_850"	-1.72196803456281	-1.62187704260986	1	19
"NightPDoze"	"DGRP852"	"line_852"	-0.901061626155385	-0.928413927548803	1	23
"NightPDoze"	"DGRP855"	"line_855"	-0.370105049403446	-0.270014057450498	1	22
"NightPDoze"	"DGRP857"	"line_857"	-1.80836828651176	-1.70827729455881	1	28
"NightPDoze"	"DGRP859"	"line_859"	-1.55763860268365	-1.58499090407706	1	31
"NightPDoze"	"DGRP861"	"line_861"	-2.83081130652012	-2.73072031456717	1	20
"NightPDoze"	"DGRP879"	"line_879"	-0.95273502244882	-0.852644030495871	1	19
"NightPDoze"	"DGRP88"	"line_88"	-0.434441327688181	-0.712817122812635	1	22
"NightPDoze"	"DGRP890"	"line_890"	-1.23917475286847	-1.32241162443644	2	55
"NightPDoze"	"DGRP897"	"line_897"	-1.16490762143068	-1.16138216070176	1	23
"NightPDoze"	"DGRP900"	"line_900"	-1.06688208022599	-0.966791088273039	1	28
"NightPDoze"	"DGRP907"	"line_907"	-0.400484515866	-0.340089883998097	1	30
"NightPDoze"	"DGRP908"	"line_908"	-0.482885154583715	-0.422490522715812	1	18
"NightPDoze"	"DGRP91"	"line_91"	-1.43502231693008	-1.46458203234374	1	24
"NightPDoze"	"DGRP911"	"line_911"	-0.658533745922363	-0.63329194961469	1	24
"NightPDoze"	"DGRP913"	"line_913"	-1.03526918347571	-1.03174372274678	1	20
"NightPDoze"	"DGRP93"	"line_93"	-0.334195499330477	-0.380033426772672	1	30
"LDHarmonicR2"	"DGRP100"	"line_100"	0.312877543671527	0.35172682290377	1	28
"LDHarmonicR2"	"DGRP101"	"line_101"	0.232168535627095	0.168636472780922	1	27
"LDHarmonicR2"	"DGRP105"	"line_105"	0.423230941855877	0.365368484090633	1	20
"LDHarmonicR2"	"DGRP109"	"line_109"	0.301231867701924	0.340081146934167	1	30
"LDHarmonicR2"	"DGRP129"	"line_129"	0.223570168993267	0.262419448225509	1	29
"LDHarmonicR2"	"DGRP136"	"line_136"	0.565535199929442	0.480893521194851	1	22
"LDHarmonicR2"	"DGRP142"	"line_142"	0.346616137899173	0.385465417131416	1	30
"LDHarmonicR2"	"DGRP149"	"line_149"	0.453567545750407	0.492416824982649	1	29
"LDHarmonicR2"	"DGRP161"	"line_161"	0.623707026038992	0.663235865299312	2	35
"LDHarmonicR2"	"DGRP176"	"line_176"	0.551327276293627	0.553827451695081	1	29
"LDHarmonicR2"	"DGRP181"	"line_181"	0.650816606503919	0.604443664950965	2	43
"LDHarmonicR2"	"DGRP189"	"line_189"	0.38551021067935	0.393067600159094	2	39
"LDHarmonicR2"	"DGRP195"	"line_195"	0.339174577193055	0.316668660950366	2	33
"LDHarmonicR2"	"DGRP208"	"line_208"	0.581621973561236	0.608860757987833	2	54
"LDHarmonicR2"	"DGRP21"	"line_21"	0.542882699558261	0.545382874959714	1	17
"LDHarmonicR2"	"DGRP217"	"line_217"	0.460178320115247	0.404758499360748	2	41
"LDHarmonicR2"	"DGRP228"	"line_228"	0.379957944269612	0.43198035134316	1	23
"LDHarmonicR2"	"DGRP229"	"line_229"	0.392476345476141	0.431325624708384	1	30
"LDHarmonicR2"	"DGRP235"	"line_235"	0.35211890964689	0.345526328143702	2	28
"LDHarmonicR2"	"DGRP239"	"line_239"	0.423278815106647	0.382689501592518	2	44
"LDHarmonicR2"	"DGRP26"	"line_26"	0.28238456737163	0.309305620609358	2	39
"LDHarmonicR2"	"DGRP280"	"line_280"	0.566034469916259	0.568534645317714	1	27
"LDHarmonicR2"	"DGRP287"	"line_287"	0.334868958325888	0.386891365399436	1	24
"LDHarmonicR2"	"DGRP301"	"line_301"	0.453158242267174	0.384854561299791	1	23
"LDHarmonicR2"	"DGRP303"	"line_303"	0.315849684764539	0.329924419292628	2	42
"LDHarmonicR2"	"DGRP304"	"line_304"	0.547306065591669	0.561380800119758	2	48
"LDHarmonicR2"	"DGRP306"	"line_306"	0.397664339327321	0.400164514728776	1	30
"LDHarmonicR2"	"DGRP307"	"line_307"	0.352644856414002	0.366719590942085	2	51
"LDHarmonicR2"	"DGRP309"	"line_309"	0.138780567311793	0.140789983915269	2	40
"LDHarmonicR2"	"DGRP31"	"line_31"	0.54633500924862	0.482802946402447	1	24
"LDHarmonicR2"	"DGRP310"	"line_310"	0.536760001730705	0.545955115457733	2	49
"LDHarmonicR2"	"DGRP313"	"line_313"	0.592228339562822	0.606303074090906	2	58
"LDHarmonicR2"	"DGRP317"	"line_317"	0.476577359988046	0.517503821309058	1	25
"LDHarmonicR2"	"DGRP318"	"line_318"	0.332002308136661	0.268470245290488	1	24
"LDHarmonicR2"	"DGRP319"	"line_319"	0.404817642043041	0.366147951025192	3	44
"LDHarmonicR2"	"DGRP32"	"line_32"	0.180619471753859	0.271369206343375	1	29
"LDHarmonicR2"	"DGRP320"	"line_320"	0.352826487318853	0.354835903922328	2	31
"LDHarmonicR2"	"DGRP321"	"line_321"	0.716731517368457	0.677180794898714	2	47
"LDHarmonicR2"	"DGRP324"	"line_324"	0.372118129359683	0.386192863887772	2	55
"LDHarmonicR2"	"DGRP332"	"line_332"	0.32230779279468	0.324317209398155	2	39
"LDHarmonicR2"	"DGRP335"	"line_335"	0.274695668493873	0.243917115057234	3	40
"LDHarmonicR2"	"DGRP336"	"line_336"	0.380231240359027	0.310893460348436	4	61
"LDHarmonicR2"	"DGRP338"	"line_338"	0.366527485744434	0.274747501191097	2	39
"LDHarmonicR2"	"DGRP348"	"line_348"	0.449459118573621	0.490385579894633	1	20
"LDHarmonicR2"	"DGRP350"	"line_350"	0.461314280462344	0.502240741783356	1	20
"LDHarmonicR2"	"DGRP352"	"line_352"	0.724371855442745	0.765298316763757	1	25
"LDHarmonicR2"	"DGRP354"	"line_354"	0.242502703347963	0.289030250669978	2	51
"LDHarmonicR2"	"DGRP355"	"line_355"	0.264556398117238	0.316685031440258	1	29
"LDHarmonicR2"	"DGRP356"	"line_356"	0.575465516667405	0.541515880198665	2	44
"LDHarmonicR2"	"DGRP357"	"line_357"	0.430343485991504	0.616709139647313	1	24
"LDHarmonicR2"	"DGRP358"	"line_358"	0.444131285497868	0.458206020025954	2	47
"LDHarmonicR2"	"DGRP359"	"line_359"	0.457483483077048	0.509612116400067	1	23
"LDHarmonicR2"	"DGRP360"	"line_360"	0.632925287606767	0.647000022134855	2	47
"LDHarmonicR2"	"DGRP361"	"line_361"	0.346501311884244	0.35946664715855	2	27
"LDHarmonicR2"	"DGRP362"	"line_362"	0.554761622311075	0.568836356839164	2	59
"LDHarmonicR2"	"DGRP365"	"line_365"	0.709692762397565	0.641389081430182	1	23
"LDHarmonicR2"	"DGRP370"	"line_370"	0.463509121441445	0.515637754764465	1	25
"LDHarmonicR2"	"DGRP371"	"line_371"	0.399482701880009	0.451611335203028	1	28
"LDHarmonicR2"	"DGRP373"	"line_373"	0.335623236321337	0.338123411722791	1	24
"LDHarmonicR2"	"DGRP374"	"line_374"	0.269514927912927	0.311638480041612	1	26
"LDHarmonicR2"	"DGRP375"	"line_375"	0.590204752584615	0.604279487112703	2	44
"LDHarmonicR2"	"DGRP377"	"line_377"	0.58406057655593	0.63618920987895	1	22
"LDHarmonicR2"	"DGRP379"	"line_379"	0.404281204468479	0.346418746703235	1	24
"LDHarmonicR2"	"DGRP38"	"line_38"	0.457172480338576	0.498098941659589	1	25
"LDHarmonicR2"	"DGRP380"	"line_380"	0.670710098708322	0.689860512235059	3	63
"LDHarmonicR2"	"DGRP381"	"line_381"	0.419432501587704	0.471561134910724	1	28
"LDHarmonicR2"	"DGRP382"	"line_382"	0.385564484664283	0.365641664128042	2	32
"LDHarmonicR2"	"DGRP383"	"line_383"	0.461779974671581	0.4362910577687	1	21
"LDHarmonicR2"	"DGRP385"	"line_385"	0.487144987048413	0.539273620371432	1	29
"LDHarmonicR2"	"DGRP386"	"line_386"	0.411325974373142	0.379755665233771	2	41
"LDHarmonicR2"	"DGRP390"	"line_390"	0.249748710303422	0.301877343626442	1	23
"LDHarmonicR2"	"DGRP391"	"line_391"	0.411185370451526	0.424760449983964	4	91
"LDHarmonicR2"	"DGRP392"	"line_392"	0.349581940254954	0.324093023352074	1	31
"LDHarmonicR2"	"DGRP395"	"line_395"	0.408028319908031	0.38253940300515	1	25
"LDHarmonicR2"	"DGRP397"	"line_397"	0.258270514782516	0.232781597879635	1	30
"LDHarmonicR2"	"DGRP399"	"line_399"	0.488759682645315	0.496423526871078	2	46
"LDHarmonicR2"	"DGRP40"	"line_40"	0.446781266536927	0.401946184488533	3	50
"LDHarmonicR2"	"DGRP405"	"line_405"	0.697777249251057	0.672288332348176	1	24
"LDHarmonicR2"	"DGRP406"	"line_406"	0.24860715380419	0.223118236901309	1	22
"LDHarmonicR2"	"DGRP409"	"line_409"	0.385523602494651	0.285568137326475	2	34
"LDHarmonicR2"	"DGRP41"	"line_41"	0.398180477076164	0.48893021166568	1	25
"LDHarmonicR2"	"DGRP426"	"line_426"	0.4494222926015	0.423933375698619	1	15
"LDHarmonicR2"	"DGRP427"	"line_427"	0.628408623543323	0.602919706640442	1	22
"LDHarmonicR2"	"DGRP437"	"line_437"	0.533368586248798	0.526327488782289	3	52
"LDHarmonicR2"	"DGRP439"	"line_439"	0.441824240565689	0.416335323662808	1	27
"LDHarmonicR2"	"DGRP440"	"line_440"	0.455411449180224	0.429922532277343	1	25
"LDHarmonicR2"	"DGRP441"	"line_441"	0.463650154152075	0.429471303370299	3	63
"LDHarmonicR2"	"DGRP443"	"line_443"	0.660886860901444	0.635397943998563	1	25
"LDHarmonicR2"	"DGRP45"	"line_45"	0.349209772645995	0.439959507235511	1	25
"LDHarmonicR2"	"DGRP461"	"line_461"	0.509219950111481	0.523933713376847	1	14
"LDHarmonicR2"	"DGRP48"	"line_48"	0.401947400275554	0.49269713486507	1	22
"LDHarmonicR2"	"DGRP486"	"line_486"	0.417584609548876	0.464657589149993	2	38
"LDHarmonicR2"	"DGRP491"	"line_491"	0.361971725878971	0.350874793454624	2	39
"LDHarmonicR2"	"DGRP492"	"line_492"	0.426762723038665	0.450440974036461	3	42
"LDHarmonicR2"	"DGRP502"	"line_502"	0.416488167576552	0.386028560763098	2	43
"LDHarmonicR2"	"DGRP505"	"line_505"	0.352004769128276	0.366718532393642	1	20
"LDHarmonicR2"	"DGRP509"	"line_509"	0.338353485294881	0.353067248560247	1	22
"LDHarmonicR2"	"DGRP513"	"line_513"	0.595449180716099	0.544730173259775	3	55
"LDHarmonicR2"	"DGRP517"	"line_517"	0.396853590101939	0.335633695881339	2	41
"LDHarmonicR2"	"DGRP528"	"line_528"	0.560317638822563	0.507660567324997	2	44
"LDHarmonicR2"	"DGRP531"	"line_531"	0.287833612934723	0.346217049470278	1	16
"LDHarmonicR2"	"DGRP535"	"line_535"	0.578923722137788	0.573181622383268	2	51
"LDHarmonicR2"	"DGRP551"	"line_551"	0.458985720930255	0.473699484195622	1	26
"LDHarmonicR2"	"DGRP555"	"line_555"	0.339627047817766	0.347290892043529	2	45
"LDHarmonicR2"	"DGRP559"	"line_559"	0.583326049728978	0.556486094269073	1	21
"LDHarmonicR2"	"DGRP563"	"line_563"	0.364148684043006	0.337308728583101	1	28
"LDHarmonicR2"	"DGRP566"	"line_566"	0.508678417231329	0.481838461771424	1	23
"LDHarmonicR2"	"DGRP57"	"line_57"	0.522532689372322	0.613282423961838	1	21
"LDHarmonicR2"	"DGRP584"	"line_584"	0.25279489628205	0.20760888712901	2	28
"LDHarmonicR2"	"DGRP589"	"line_589"	0.335234176277921	0.332296163319499	1	21
"LDHarmonicR2"	"DGRP59"	"line_59"	0.515753449818458	0.452221386972285	1	27
"LDHarmonicR2"	"DGRP595"	"line_595"	0.436278655395567	0.494662091931121	1	31
"LDHarmonicR2"	"DGRP596"	"line_596"	0.160353521443237	0.218736957978791	1	30
"LDHarmonicR2"	"DGRP627"	"line_627"	0.522436853837678	0.495596898377773	1	17
"LDHarmonicR2"	"DGRP630"	"line_630"	0.462890290018957	0.417181646951025	2	42
"LDHarmonicR2"	"DGRP634"	"line_634"	0.427744547348189	0.486127983883742	1	24
"LDHarmonicR2"	"DGRP639"	"line_639"	0.249312955060904	0.296385934662021	2	32
"LDHarmonicR2"	"DGRP69"	"line_69"	0.468220483591838	0.451069400018976	2	32
"LDHarmonicR2"	"DGRP703"	"line_703"	0.551526776734764	0.627779461954063	1	31
"LDHarmonicR2"	"DGRP705"	"line_705"	0.310943351938214	0.369974338282427	2	41
"LDHarmonicR2"	"DGRP707"	"line_707"	0.323111938396598	0.330753736730988	2	28
"LDHarmonicR2"	"DGRP712"	"line_712"	0.521938353205394	0.569011332806511	2	39
"LDHarmonicR2"	"DGRP714"	"line_714"	0.413378033646169	0.345074352678788	1	19
"LDHarmonicR2"	"DGRP716"	"line_716"	0.350152450331092	0.426405135550393	1	19
"LDHarmonicR2"	"DGRP721"	"line_721"	0.643848143809974	0.617008188350069	1	21
"LDHarmonicR2"	"DGRP73"	"line_73"	0.488685220253757	0.500272428947028	2	26
"LDHarmonicR2"	"DGRP730"	"line_730"	0.560019353987044	0.567683198212808	2	58
"LDHarmonicR2"	"DGRP732"	"line_732"	0.438603363275233	0.48567634287635	2	41
"LDHarmonicR2"	"DGRP737"	"line_737"	0.408332656721259	0.484585341940559	1	29
"LDHarmonicR2"	"DGRP738"	"line_738"	0.515981764668091	0.539704229775774	1	28
"LDHarmonicR2"	"DGRP748"	"line_748"	0.285036478170954	0.239327835103023	2	42
"LDHarmonicR2"	"DGRP75"	"line_75"	0.289273724723577	0.380023459313093	1	24
"LDHarmonicR2"	"DGRP757"	"line_757"	0.471132472148785	0.400077868617952	2	40
"LDHarmonicR2"	"DGRP761"	"line_761"	0.329221125517285	0.349895367502373	1	17
"LDHarmonicR2"	"DGRP765"	"line_765"	0.502208625952278	0.501707063773107	3	76
"LDHarmonicR2"	"DGRP774"	"line_774"	0.449902699640292	0.38159901867291	1	26
"LDHarmonicR2"	"DGRP776"	"line_776"	0.388894311759408	0.362054356299503	1	23
"LDHarmonicR2"	"DGRP783"	"line_783"	0.291069309394932	0.248718102782357	2	56
"LDHarmonicR2"	"DGRP786"	"line_786"	0.293037628826808	0.224733947859426	1	27
"LDHarmonicR2"	"DGRP787"	"line_787"	0.454056270077548	0.530308955296848	1	29
"LDHarmonicR2"	"DGRP790"	"line_790"	0.246722167964098	0.249222343365552	1	20
"LDHarmonicR2"	"DGRP796"	"line_796"	0.491562566286574	0.428030503440401	1	22
"LDHarmonicR2"	"DGRP799"	"line_799"	0.537375420953398	0.469071739986015	1	30
"LDHarmonicR2"	"DGRP801"	"line_801"	0.489211435762445	0.509885677747533	1	24
"LDHarmonicR2"	"DGRP802"	"line_802"	0.520179586872946	0.517241573914524	1	23
"LDHarmonicR2"	"DGRP805"	"line_805"	0.571151715924783	0.591825957909871	1	26
"LDHarmonicR2"	"DGRP808"	"line_808"	0.273864313040227	0.350116998259526	1	24
"LDHarmonicR2"	"DGRP810"	"line_810"	0.392611886597687	0.389673873639265	1	30
"LDHarmonicR2"	"DGRP812"	"line_812"	0.482374706705427	0.474270502334109	1	17
"LDHarmonicR2"	"DGRP818"	"line_818"	0.586068432210143	0.60674267419523	1	18
"LDHarmonicR2"	"DGRP819"	"line_819"	0.309120236015879	0.329794478000967	1	31
"LDHarmonicR2"	"DGRP820"	"line_820"	0.468690809895809	0.607248504018471	2	44
"LDHarmonicR2"	"DGRP821"	"line_821"	0.536925034469296	0.503167362652107	2	30
"LDHarmonicR2"	"DGRP822"	"line_822"	0.503817959124047	0.5622013956596	1	28
"LDHarmonicR2"	"DGRP83"	"line_83"	0.438349849835719	0.430972238804458	1	17
"LDHarmonicR2"	"DGRP832"	"line_832"	0.311315230839321	0.280855624025867	2	25
"LDHarmonicR2"	"DGRP837"	"line_837"	0.518933741366033	0.497046130845433	2	36
"LDHarmonicR2"	"DGRP843"	"line_843"	0.519436299810687	0.461573842045443	1	22
"LDHarmonicR2"	"DGRP85"	"line_85"	0.283394294596079	0.374144029185596	1	21
"LDHarmonicR2"	"DGRP850"	"line_850"	0.572720242863357	0.56461603849204	1	19
"LDHarmonicR2"	"DGRP852"	"line_852"	0.333157733507881	0.264854052540499	1	25
"LDHarmonicR2"	"DGRP855"	"line_855"	0.431757477593535	0.423653273222218	1	22
"LDHarmonicR2"	"DGRP857"	"line_857"	0.526198049631877	0.51809384526056	1	28
"LDHarmonicR2"	"DGRP859"	"line_859"	0.438517683657726	0.370214002690344	1	31
"LDHarmonicR2"	"DGRP861"	"line_861"	0.620621165853364	0.612516961482047	1	20
"LDHarmonicR2"	"DGRP879"	"line_879"	0.400083398531289	0.391979194159972	1	19
"LDHarmonicR2"	"DGRP88"	"line_88"	0.432346240511357	0.473272701832369	1	22
"LDHarmonicR2"	"DGRP890"	"line_890"	0.498671888077978	0.565989948955405	2	55
"LDHarmonicR2"	"DGRP897"	"line_897"	0.500731956592971	0.442869498827728	1	24
"LDHarmonicR2"	"DGRP900"	"line_900"	0.440591214073144	0.432487009701827	1	28
"LDHarmonicR2"	"DGRP907"	"line_907"	0.134296056927799	0.210548742147098	1	30
"LDHarmonicR2"	"DGRP908"	"line_908"	0.34290984897364	0.419162534192939	1	18
"LDHarmonicR2"	"DGRP91"	"line_91"	0.658939059710014	0.661439235111468	1	25
"LDHarmonicR2"	"DGRP911"	"line_911"	0.344370241758763	0.341432228800341	1	24
"LDHarmonicR2"	"DGRP913"	"line_913"	0.516310743014377	0.458448285249133	1	20
"LDHarmonicR2"	"DGRP93"	"line_93"	0.413798435171132	0.452647714403374	1	30
"TotalSleep"	"DGRP100"	"line_100"	1107.3864950057	1141.6	1	28
"TotalSleep"	"DGRP101"	"line_101"	923.472121508683	937.8	1	27
"TotalSleep"	"DGRP105"	"line_105"	614.128217457796	686.7	1	20
"TotalSleep"	"DGRP109"	"line_109"	870.2864950057	904.5	1	30
"TotalSleep"	"DGRP129"	"line_129"	1061.1864950057	1095.4	1	29
"TotalSleep"	"DGRP136"	"line_136"	965.007304252631	1002.4	1	22
"TotalSleep"	"DGRP142"	"line_142"	601.5864950057	635.8	1	30
"TotalSleep"	"DGRP149"	"line_149"	440.7864950057	475	1	29
"TotalSleep"	"DGRP161"	"line_161"	1035.9309574228	964.5	2	35
"TotalSleep"	"DGRP176"	"line_176"	1015.86125168494	847.4	1	29
"TotalSleep"	"DGRP181"	"line_181"	780.902805115948	802.6	2	43
"TotalSleep"	"DGRP189"	"line_189"	754.294482559677	787.85	2	39
"TotalSleep"	"DGRP195"	"line_195"	962.552647024326	959.05	2	33
"TotalSleep"	"DGRP208"	"line_208"	560.014339404803	585.3	2	54
"TotalSleep"	"DGRP21"	"line_21"	995.861251684939	827.4	1	17
"TotalSleep"	"DGRP217"	"line_217"	709.440304747259	762.2	2	41
"TotalSleep"	"DGRP228"	"line_228"	991.481977049969	1071.6	1	23
"TotalSleep"	"DGRP229"	"line_229"	824.6864950057	858.9	1	30
"TotalSleep"	"DGRP235"	"line_235"	973.310031497996	978.1	2	28
"TotalSleep"	"DGRP239"	"line_239"	1056.26410823437	1121.8	2	44
"TotalSleep"	"DGRP26"	"line_26"	1090.57089152191	1101.85	2	39
"TotalSleep"	"DGRP280"	"line_280"	762.461251684939	594	1	27
"TotalSleep"	"DGRP287"	"line_287"	1023.88197704997	1104	1	24
"TotalSleep"	"DGRP301"	"line_301"	1031.98666624445	1070.8	1	23
"TotalSleep"	"DGRP303"	"line_303"	1151.62685549169	1177.2	2	42
"TotalSleep"	"DGRP304"	"line_304"	981.726855491686	1007.3	2	48
"TotalSleep"	"DGRP306"	"line_306"	804.161251684939	635.7	1	30
"TotalSleep"	"DGRP307"	"line_307"	1030.42685549169	1056	2	51
"TotalSleep"	"DGRP309"	"line_309"	911.24303625128	936.9	2	40
"TotalSleep"	"DGRP31"	"line_31"	984.372121508683	998.7	1	24
"TotalSleep"	"DGRP310"	"line_310"	580.758772224845	629.65	2	49
"TotalSleep"	"DGRP313"	"line_313"	827.326855491688	852.9	2	58
"TotalSleep"	"DGRP317"	"line_317"	570.279084433173	634.6	1	25
"TotalSleep"	"DGRP318"	"line_318"	608.872121508682	623.2	1	24
"TotalSleep"	"DGRP319"	"line_319"	1076.57593132187	1125.96666666667	3	44
"TotalSleep"	"DGRP32"	"line_32"	947.434794974427	983	1	29
"TotalSleep"	"DGRP320"	"line_320"	1109.39303625128	1135.05	2	31
"TotalSleep"	"DGRP321"	"line_321"	843.91040294811	924.5	2	47
"TotalSleep"	"DGRP324"	"line_324"	1023.97685549169	1049.55	2	55
"TotalSleep"	"DGRP332"	"line_332"	1080.59303625128	1106.25	2	39
"TotalSleep"	"DGRP335"	"line_335"	1245.82784461698	1281.03333333333	3	40
"TotalSleep"	"DGRP336"	"line_336"	1114.35063808352	1120.875	4	61
"TotalSleep"	"DGRP338"	"line_338"	1134.90692148586	1190.5	2	39
"TotalSleep"	"DGRP348"	"line_348"	699.279084433174	763.6	1	20
"TotalSleep"	"DGRP350"	"line_350"	971.079084433173	1035.4	1	20
"TotalSleep"	"DGRP352"	"line_352"	297.479084433172	361.8	1	25
"TotalSleep"	"DGRP354"	"line_354"	876.688513946436	870.85	2	51
"TotalSleep"	"DGRP355"	"line_355"	1036.3979434597	960.4	1	29
"TotalSleep"	"DGRP356"	"line_356"	717.369832461372	727.8	2	44
"TotalSleep"	"DGRP357"	"line_357"	839.560730609441	733.4	1	24
"TotalSleep"	"DGRP358"	"line_358"	761.276855491684	786.85	2	47
"TotalSleep"	"DGRP359"	"line_359"	881.797943459698	805.8	1	23
"TotalSleep"	"DGRP360"	"line_360"	668.326855491687	693.9	2	47
"TotalSleep"	"DGRP361"	"line_361"	1071.58562435079	1067.65	2	27
"TotalSleep"	"DGRP362"	"line_362"	1024.52685549169	1050.1	2	59
"TotalSleep"	"DGRP365"	"line_365"	758.186666244451	797	1	23
"TotalSleep"	"DGRP370"	"line_370"	970.197943459698	894.2	1	25
"TotalSleep"	"DGRP371"	"line_371"	488.997943459698	413	1	28
"TotalSleep"	"DGRP373"	"line_373"	1072.86125168494	904.4	1	24
"TotalSleep"	"DGRP374"	"line_374"	899.225518437914	952.3	1	26
"TotalSleep"	"DGRP375"	"line_375"	996.326855491687	1021.9	2	44
"TotalSleep"	"DGRP377"	"line_377"	470.097943459698	394.1	1	22
"TotalSleep"	"DGRP379"	"line_379"	913.128217457795	985.7	1	24
"TotalSleep"	"DGRP38"	"line_38"	374.479084433172	438.8	1	25
"TotalSleep"	"DGRP380"	"line_380"	888.871955462978	914.733333333333	3	63
"TotalSleep"	"DGRP381"	"line_381"	755.097943459697	679.1	1	28
"TotalSleep"	"DGRP382"	"line_382"	1151.43848520473	1165.7	2	32
"TotalSleep"	"DGRP383"	"line_383"	772.238485204732	775	1	21
"TotalSleep"	"DGRP385"	"line_385"	835.197943459697	759.2	1	29
"TotalSleep"	"DGRP386"	"line_386"	714.196112477927	684.75	2	41
"TotalSleep"	"DGRP390"	"line_390"	781.597943459698	705.6	1	23
"TotalSleep"	"DGRP391"	"line_391"	705.396116474337	745.825	4	91
"TotalSleep"	"DGRP392"	"line_392"	787.438485204732	790.2	1	31
"TotalSleep"	"DGRP395"	"line_395"	956.038485204731	958.8	1	25
"TotalSleep"	"DGRP397"	"line_397"	826.238485204731	829	1	30
"TotalSleep"	"DGRP399"	"line_399"	624.645173975509	636.9	2	46
"TotalSleep"	"DGRP40"	"line_40"	823.399344943414	797.496780171415	3	50
"TotalSleep"	"DGRP405"	"line_405"	673.438485204732	676.2	1	24
"TotalSleep"	"DGRP406"	"line_406"	841.738485204732	844.5	1	22
"TotalSleep"	"DGRP409"	"line_409"	1127.85079287439	1155.1	2	34
"TotalSleep"	"DGRP41"	"line_41"	882.234794974427	917.8	1	25
"TotalSleep"	"DGRP426"	"line_426"	965.638485204732	968.4	1	15
"TotalSleep"	"DGRP427"	"line_427"	534.138485204732	536.9	1	22
"TotalSleep"	"DGRP437"	"line_437"	718.300592328013	768.4	3	52
"TotalSleep"	"DGRP439"	"line_439"	918.238485204731	921	1	27
"TotalSleep"	"DGRP440"	"line_440"	647.038485204732	649.8	1	25
"TotalSleep"	"DGRP441"	"line_441"	979.450761349841	976.666666666667	3	63
"TotalSleep"	"DGRP443"	"line_443"	496.638485204731	499.4	1	25
"TotalSleep"	"DGRP45"	"line_45"	1012.43479497443	1048	1	25
"TotalSleep"	"DGRP461"	"line_461"	1087.58498874321	1086.63981931897	1	14
"TotalSleep"	"DGRP48"	"line_48"	854.934794974427	890.5	1	22
"TotalSleep"	"DGRP486"	"line_486"	603.153747743942	669.75	2	38
"TotalSleep"	"DGRP491"	"line_491"	1034.45262495946	1027.47654621265	2	39
"TotalSleep"	"DGRP492"	"line_492"	964.645742720764	993.166666666667	3	42
"TotalSleep"	"DGRP502"	"line_502"	776.110189589618	806.1	2	43
"TotalSleep"	"DGRP505"	"line_505"	1025.99569061951	1025.05052119528	1	20
"TotalSleep"	"DGRP509"	"line_509"	650.396663517358	649.45149409312	1	22
"TotalSleep"	"DGRP513"	"line_513"	627.644169077279	615.9	3	55
"TotalSleep"	"DGRP517"	"line_517"	1032.94171904846	1012.15	2	41
"TotalSleep"	"DGRP528"	"line_528"	806.882500342877	854.839054899236	2	44
"TotalSleep"	"DGRP531"	"line_531"	1158.57742791471	1141.8	1	16
"TotalSleep"	"DGRP535"	"line_535"	581.750724476912	615.34148714385	2	51
"TotalSleep"	"DGRP551"	"line_551"	818.946211814787	818.001042390549	1	26
"TotalSleep"	"DGRP555"	"line_555"	965.645173975507	977.9	2	45
"TotalSleep"	"DGRP559"	"line_559"	734.571933402236	741.563560500695	1	21
"TotalSleep"	"DGRP563"	"line_563"	532.829791538536	539.821418636996	1	28
"TotalSleep"	"DGRP566"	"line_566"	263.749680272889	270.741307371349	1	23
"TotalSleep"	"DGRP57"	"line_57"	930.234794974427	965.8	1	21
"TotalSleep"	"DGRP584"	"line_584"	1107.60408586992	1118.26383866481	2	28
"TotalSleep"	"DGRP589"	"line_589"	982.069982340077	1023.6	1	21
"TotalSleep"	"DGRP59"	"line_59"	762.872121508683	777.2	1	27
"TotalSleep"	"DGRP595"	"line_595"	334.377427914708	317.6	1	31
"TotalSleep"	"DGRP596"	"line_596"	606.277427914707	589.5	1	30
"TotalSleep"	"DGRP627"	"line_627"	896.350236601122	903.341863699582	1	17
"TotalSleep"	"DGRP630"	"line_630"	1106.93729051164	1053.35549374131	2	42
"TotalSleep"	"DGRP634"	"line_634"	667.077427914707	650.3	1	24
"TotalSleep"	"DGRP639"	"line_639"	761.253747743942	827.85	2	32
"TotalSleep"	"DGRP69"	"line_69"	998.635805610576	1035.7	2	32
"TotalSleep"	"DGRP703"	"line_703"	365.389326991895	390.6	1	31
"TotalSleep"	"DGRP705"	"line_705"	1072.92369842695	1039.25	2	41
"TotalSleep"	"DGRP707"	"line_707"	1091.92049226222	1121.95354659249	2	28
"TotalSleep"	"DGRP712"	"line_712"	584.953747743942	651.55	2	39
"TotalSleep"	"DGRP714"	"line_714"	1198.58666624446	1237.4	1	19
"TotalSleep"	"DGRP716"	"line_716"	960.389326991895	985.6	1	19
"TotalSleep"	"DGRP721"	"line_721"	575.775271371637	582.766898470097	1	21
"TotalSleep"	"DGRP73"	"line_73"	1099.17286930792	951.9	2	26
"TotalSleep"	"DGRP730"	"line_730"	504.195173975508	516.45	2	58
"TotalSleep"	"DGRP732"	"line_732"	773.253747743942	839.85	2	41
"TotalSleep"	"DGRP737"	"line_737"	710.789326991895	736	1	29
"TotalSleep"	"DGRP738"	"line_738"	502.313074926607	524.9	1	28
"TotalSleep"	"DGRP748"	"line_748"	953.982700803714	900.40090403338	2	42
"TotalSleep"	"DGRP75"	"line_75"	798.034794974427	833.6	1	24
"TotalSleep"	"DGRP757"	"line_757"	765.874275738487	777.922948539639	2	40
"TotalSleep"	"DGRP761"	"line_761"	1055.88448693089	929.8	1	17
"TotalSleep"	"DGRP765"	"line_765"	324.828887732555	341.8	3	76
"TotalSleep"	"DGRP774"	"line_774"	875.286666244454	914.1	1	26
"TotalSleep"	"DGRP776"	"line_776"	849.052879160233	856.044506258693	1	23
"TotalSleep"	"DGRP783"	"line_783"	794.440200603868	834.2219054242	2	56
"TotalSleep"	"DGRP786"	"line_786"	1201.58666624445	1240.4	1	27
"TotalSleep"	"DGRP787"	"line_787"	823.589326991896	848.8	1	29
"TotalSleep"	"DGRP790"	"line_790"	1007.96125168494	839.5	1	20
"TotalSleep"	"DGRP796"	"line_796"	825.672121508683	840	1	22
"TotalSleep"	"DGRP799"	"line_799"	566.086666244446	604.9	1	30
"TotalSleep"	"DGRP801"	"line_801"	1139.08448693089	1013	1	24
"TotalSleep"	"DGRP802"	"line_802"	799.469982340078	841	1	23
"TotalSleep"	"DGRP805"	"line_805"	801.984486930892	675.9	1	26
"TotalSleep"	"DGRP808"	"line_808"	858.789326991895	884	1	24
"TotalSleep"	"DGRP810"	"line_810"	657.269982340078	698.8	1	30
"TotalSleep"	"DGRP812"	"line_812"	934.198305979266	940.2	1	17
"TotalSleep"	"DGRP818"	"line_818"	814.884486930892	688.8	1	18
"TotalSleep"	"DGRP819"	"line_819"	912.284486930893	786.2	1	31
"TotalSleep"	"DGRP820"	"line_820"	683.797762791934	648.5	2	44
"TotalSleep"	"DGRP821"	"line_821"	1079.6626014896	1043.35	2	30
"TotalSleep"	"DGRP822"	"line_822"	1067.87742791471	1051.1	1	28
"TotalSleep"	"DGRP83"	"line_83"	960.120891521906	969	1	17
"TotalSleep"	"DGRP832"	"line_832"	556.860189589619	586.85	2	25
"TotalSleep"	"DGRP837"	"line_837"	1055.46552422747	1116.5	2	36
"TotalSleep"	"DGRP843"	"line_843"	866.428217457796	939	1	22
"TotalSleep"	"DGRP85"	"line_85"	732.234794974427	767.8	1	21
"TotalSleep"	"DGRP850"	"line_850"	790.998305979266	797	1	19
"TotalSleep"	"DGRP852"	"line_852"	984.186666244453	1023	1	25
"TotalSleep"	"DGRP855"	"line_855"	632.998305979266	639	1	22
"TotalSleep"	"DGRP857"	"line_857"	410.498305979266	416.5	1	28
"TotalSleep"	"DGRP859"	"line_859"	331.786666244455	370.6	1	31
"TotalSleep"	"DGRP861"	"line_861"	339.198305979266	345.2	1	20
"TotalSleep"	"DGRP879"	"line_879"	1111.99830597927	1118	1	19
"TotalSleep"	"DGRP88"	"line_88"	807.979084433173	872.3	1	22
"TotalSleep"	"DGRP890"	"line_890"	638.183377453301	642.4	2	55
"TotalSleep"	"DGRP897"	"line_897"	954.128217457795	1026.7	1	24
"TotalSleep"	"DGRP900"	"line_900"	687.898305979266	693.9	1	28
"TotalSleep"	"DGRP907"	"line_907"	802.289326991896	827.5	1	30
"TotalSleep"	"DGRP908"	"line_908"	1090.0893269919	1115.3	1	18
"TotalSleep"	"DGRP91"	"line_91"	1017.66125168494	849.2	1	25
"TotalSleep"	"DGRP911"	"line_911"	538.069982340078	579.6	1	24
"TotalSleep"	"DGRP913"	"line_913"	786.828217457795	859.4	1	20
"TotalSleep"	"DGRP93"	"line_93"	975.8864950057	1010.1	1	30
