phenotype	min_n	lines	repeated_lines	pairs	symmetric_rho
"TotalSleep__State_D2_D6"	8	176	67	95	0.810983696622097
"TotalSleep__State_D2_D6"	12	176	55	72	0.774552557646009
"TotalSleep__State_D2_D6"	16	173	34	45	0.73759262308579
"TotalSleep__D6_D1"	8	169	66	94	0.577548876974247
"TotalSleep__D6_D1"	12	169	55	72	0.637464403209891
"TotalSleep__D6_D1"	16	166	34	45	0.787922204107175
"TotalSleep__Late2_Early2"	8	169	66	94	0.612763978380526
"TotalSleep__Late2_Early2"	12	169	55	72	0.650756742960612
"TotalSleep__Late2_Early2"	16	166	34	45	0.759577779058566
"LightSleep__State_D2_D6"	8	176	67	95	0.72417835446936
"LightSleep__State_D2_D6"	12	176	55	72	0.752275399161986
"LightSleep__State_D2_D6"	16	173	34	45	0.721955557019241
"LightSleep__D6_D1"	8	169	66	94	0.618830646290237
"LightSleep__D6_D1"	12	169	55	72	0.648766310508671
"LightSleep__D6_D1"	16	166	34	45	0.679924882010395
"LightSleep__Late2_Early2"	8	169	66	94	0.629659699055553
"LightSleep__Late2_Early2"	12	169	55	72	0.654175048785439
"LightSleep__Late2_Early2"	16	166	34	45	0.714126917471531
"DarkSleep__State_D2_D6"	8	176	67	95	0.758764163686373
"DarkSleep__State_D2_D6"	12	176	55	72	0.722274584357409
"DarkSleep__State_D2_D6"	16	173	34	45	0.687963641453354
"DarkSleep__D6_D1"	8	176	67	95	0.564196108382961
"DarkSleep__D6_D1"	12	176	55	72	0.619209643610083
"DarkSleep__D6_D1"	16	173	34	45	0.766921379401205
"DarkSleep__Late2_Early2"	8	176	67	95	0.529979747256256
"DarkSleep__Late2_Early2"	12	176	55	72	0.564959193885815
"DarkSleep__Late2_Early2"	16	173	34	45	0.695806815468594
"SleepAllocation__State_D2_D6"	8	176	67	95	0.456043167733379
"SleepAllocation__State_D2_D6"	12	176	55	72	0.464644718914161
"SleepAllocation__State_D2_D6"	16	173	34	45	0.519776057961469
"SleepAllocation__D6_D1"	8	169	66	94	0.412425103060897
"SleepAllocation__D6_D1"	12	169	55	72	0.425617858305567
"SleepAllocation__D6_D1"	16	166	34	45	0.45107854437675
"SleepAllocation__Late2_Early2"	8	169	66	94	0.336543384912697
"SleepAllocation__Late2_Early2"	12	169	55	72	0.354838968983493
"SleepAllocation__Late2_Early2"	16	166	34	45	0.363378890169603
"ActivityLight__State_D2_D6"	8	176	67	95	0.586788629977359
"ActivityLight__State_D2_D6"	12	176	55	72	0.542770786525886
"ActivityLight__State_D2_D6"	16	173	34	45	0.579746418574016
"ActivityLight__D6_D1"	8	169	66	94	0.385181807098898
"ActivityLight__D6_D1"	12	169	55	72	0.417024714332223
"ActivityLight__D6_D1"	16	166	34	45	0.550963280092211
"ActivityLight__Late2_Early2"	8	169	66	94	0.328827702046769
"ActivityLight__Late2_Early2"	12	169	55	72	0.381148941130131
"ActivityLight__Late2_Early2"	16	166	34	45	0.518952741643339
"ActivityDark__State_D2_D6"	8	176	67	95	0.707274057018081
"ActivityDark__State_D2_D6"	12	176	55	72	0.70956941837518
"ActivityDark__State_D2_D6"	16	173	34	45	0.74701136176519
"ActivityDark__D6_D1"	8	176	67	95	0.480433496985327
"ActivityDark__D6_D1"	12	176	55	72	0.50195134303043
"ActivityDark__D6_D1"	16	173	34	45	0.529820517042648
"ActivityDark__Late2_Early2"	8	176	67	95	0.500047240953357
"ActivityDark__Late2_Early2"	12	176	55	72	0.515447964855729
"ActivityDark__Late2_Early2"	16	173	34	45	0.561995718755146
"ActivityContrast__State_D2_D6"	8	176	67	95	0.461071704768537
"ActivityContrast__State_D2_D6"	12	176	55	72	0.456188229241609
"ActivityContrast__State_D2_D6"	16	173	34	45	0.479861682858554
"ActivityContrast__D6_D1"	8	169	66	94	0.278654090151758
"ActivityContrast__D6_D1"	12	169	55	72	0.235700534157546
"ActivityContrast__D6_D1"	16	166	34	45	0.197464185740161
"ActivityContrast__Late2_Early2"	8	169	66	94	0.172697102555188
"ActivityContrast__Late2_Early2"	12	169	55	72	0.150355904068681
"ActivityContrast__Late2_Early2"	16	166	34	45	0.185410834842747
"PWakeDark__State_D2_D6"	8	176	67	95	0.71250905451606
"PWakeDark__State_D2_D6"	12	176	55	72	0.696828414448379
"PWakeDark__State_D2_D6"	16	173	34	45	0.631845875185246
"PWakeDark__D6_D1"	8	176	67	95	0.425945431449877
"PWakeDark__D6_D1"	12	176	55	72	0.461863401968626
"PWakeDark__D6_D1"	16	173	34	45	0.685855425654537
"PWakeDark__Late2_Early2"	8	176	67	95	0.434704254135333
"PWakeDark__Late2_Early2"	12	176	55	72	0.53175001909141
"PWakeDark__Late2_Early2"	16	173	34	45	0.722147208957682
"PDozeDark__State_D2_D6"	8	176	65	91	0.715902157414089
"PDozeDark__State_D2_D6"	12	174	50	67	0.630622429612855
"PDozeDark__State_D2_D6"	16	165	32	43	0.654166273473625
"PDozeDark__D6_D1"	8	176	66	92	0.490450449061998
"PDozeDark__D6_D1"	12	175	49	66	0.459527437433468
"PDozeDark__D6_D1"	16	170	33	44	0.479562088797682
"PDozeDark__Late2_Early2"	8	176	65	91	0.363895787194864
"PDozeDark__Late2_Early2"	12	174	49	66	0.357824208395082
"PDozeDark__Late2_Early2"	16	167	32	43	0.37446447107672
"FragmentationDark__State_D2_D6"	8	176	67	95	0.636034699355073
"FragmentationDark__State_D2_D6"	12	175	55	72	0.620800392278228
"FragmentationDark__State_D2_D6"	16	171	34	45	0.548625061748724
"FragmentationDark__D6_D1"	8	176	67	95	0.345863267184334
"FragmentationDark__D6_D1"	12	176	55	72	0.360039870901878
"FragmentationDark__D6_D1"	16	173	33	42	0.449750881030502
"FragmentationDark__Late2_Early2"	8	176	67	95	0.283148277104934
"FragmentationDark__Late2_Early2"	12	176	55	72	0.366679662222722
"FragmentationDark__Late2_Early2"	16	171	33	42	0.455057317616559
"LongestBoutDark__State_D2_D6"	8	176	67	95	0.664004843072552
"LongestBoutDark__State_D2_D6"	12	176	55	72	0.677528004083552
"LongestBoutDark__State_D2_D6"	16	173	34	45	0.691816235797794
"LongestBoutDark__D6_D1"	8	176	67	95	0.350653849787766
"LongestBoutDark__D6_D1"	12	176	55	72	0.412362391128724
"LongestBoutDark__D6_D1"	16	173	34	45	0.461946319776058
"LongestBoutDark__Late2_Early2"	8	176	67	95	0.298615315167146
"LongestBoutDark__Late2_Early2"	12	176	55	72	0.417925025019795
"LongestBoutDark__Late2_Early2"	16	173	34	45	0.475185246171579
"WakingActivityDark__State_D2_D6"	8	176	67	93	0.68416871116731
"WakingActivityDark__State_D2_D6"	12	175	54	71	0.643475837093452
"WakingActivityDark__State_D2_D6"	16	167	32	43	0.532773426441446
"WakingActivityDark__D6_D1"	8	176	67	93	0.439828271270966
"WakingActivityDark__D6_D1"	12	176	52	69	0.451391124658926
"WakingActivityDark__D6_D1"	16	170	33	44	0.330573635490889
"WakingActivityDark__Late2_Early2"	8	176	67	93	0.40129747694167
"WakingActivityDark__Late2_Early2"	12	176	52	69	0.428749529061205
"WakingActivityDark__Late2_Early2"	16	167	32	43	0.246616967066151
"PWakeLight__State_D2_D6"	8	176	67	95	0.709856562468287
"PWakeLight__State_D2_D6"	12	176	55	72	0.73711731771723
"PWakeLight__State_D2_D6"	16	173	34	45	0.738284208793018
"PWakeLight__D6_D1"	8	169	66	94	0.527596841121411
"PWakeLight__D6_D1"	12	169	55	72	0.53608276427535
"PWakeLight__D6_D1"	16	166	34	45	0.464778527910423
"PWakeLight__Late2_Early2"	8	169	66	94	0.457173173914418
"PWakeLight__Late2_Early2"	12	169	55	72	0.526790271821481
"PWakeLight__Late2_Early2"	16	166	34	45	0.495208299028487
"PDozeLight__State_D2_D6"	8	172	56	78	0.469490721714665
"PDozeLight__State_D2_D6"	12	164	42	57	0.426201220055575
"PDozeLight__State_D2_D6"	16	148	23	30	0.600177921103111
"PDozeLight__D6_D1"	8	167	61	85	0.217809544282029
"PDozeLight__D6_D1"	12	163	45	60	0.167151127456598
"PDozeLight__D6_D1"	16	150	23	30	0.148369519891023
"PDozeLight__Late2_Early2"	8	166	56	78	0.144475705750324
"PDozeLight__Late2_Early2"	12	159	39	54	0.123128302120503
"PDozeLight__Late2_Early2"	16	141	22	29	0.111234225915666
"FragmentationLight__State_D2_D6"	8	175	67	95	0.593717303136449
"FragmentationLight__State_D2_D6"	12	171	54	71	0.610153471498899
"FragmentationLight__State_D2_D6"	16	167	30	38	0.635702370860565
"FragmentationLight__D6_D1"	8	169	66	94	0.342760000180611
"FragmentationLight__D6_D1"	12	167	55	72	0.30711446405389
"FragmentationLight__D6_D1"	16	162	31	39	0.0321878912820772
"FragmentationLight__Late2_Early2"	8	168	66	94	0.249489097895436
"FragmentationLight__Late2_Early2"	12	166	55	72	0.261198618987713
"FragmentationLight__Late2_Early2"	16	161	30	38	-0.0322404222155378
"MovingLight__State_D2_D6"	8	176	67	95	0.69774351105236
"MovingLight__State_D2_D6"	12	176	55	72	0.695376589134201
"MovingLight__State_D2_D6"	16	173	34	45	0.675075747595837
"MovingLight__D6_D1"	8	169	66	94	0.588277526869194
"MovingLight__D6_D1"	12	169	55	72	0.629289693481354
"MovingLight__D6_D1"	16	166	34	45	0.719027113368958
"MovingLight__Late2_Early2"	8	169	66	94	0.560863035706061
"MovingLight__Late2_Early2"	12	169	55	72	0.61841161256353
"MovingLight__Late2_Early2"	16	166	34	45	0.693683309181926
"MovingDark__State_D2_D6"	8	176	67	95	0.776983137589397
"MovingDark__State_D2_D6"	12	176	55	72	0.730478994383095
"MovingDark__State_D2_D6"	16	173	34	45	0.731006092540754
"MovingDark__D6_D1"	8	176	67	95	0.559500636452314
"MovingDark__D6_D1"	12	176	55	72	0.592845515384152
"MovingDark__D6_D1"	16	173	34	45	0.666315338756958
"MovingDark__Late2_Early2"	8	176	67	95	0.547840943985009
"MovingDark__Late2_Early2"	12	176	55	72	0.557422051627295
"MovingDark__Late2_Early2"	16	173	34	45	0.666348315069283
"Harmonic24Amplitude__State_D2_D6"	8	176	67	95	0.612620683139179
"Harmonic24Amplitude__State_D2_D6"	12	176	55	72	0.560720730859354
"Harmonic24Amplitude__State_D2_D6"	16	173	34	45	0.39064712662605
"Harmonic24Amplitude__D6_D1"	8	169	66	94	0.250215152322426
"Harmonic24Amplitude__D6_D1"	12	169	55	72	0.281680687129978
"Harmonic24Amplitude__D6_D1"	16	166	34	45	0.232076403754322
"Harmonic24Amplitude__Late2_Early2"	8	169	66	94	0.306807663305805
"Harmonic24Amplitude__Late2_Early2"	12	169	55	72	0.336342407446855
"Harmonic24Amplitude__Late2_Early2"	16	166	34	45	0.293989790877655
"Harmonic12Amplitude__State_D2_D6"	8	176	67	95	0.599809636454619
"Harmonic12Amplitude__State_D2_D6"	12	176	55	72	0.576765553470014
"Harmonic12Amplitude__State_D2_D6"	16	173	34	45	0.547406553597892
"Harmonic12Amplitude__D6_D1"	8	169	66	94	0.499125393392363
"Harmonic12Amplitude__D6_D1"	12	169	55	72	0.488928992013762
"Harmonic12Amplitude__D6_D1"	16	166	34	45	0.470014819693726
"Harmonic12Amplitude__Late2_Early2"	8	169	66	94	0.525519819750667
"Harmonic12Amplitude__Late2_Early2"	12	169	55	72	0.469499965836425
"Harmonic12Amplitude__Late2_Early2"	16	166	34	45	0.5301498435699
"TwoHarmonicR2__State_D2_D6"	8	176	67	95	0.652530540401513
"TwoHarmonicR2__State_D2_D6"	12	176	55	72	0.603654296772949
"TwoHarmonicR2__State_D2_D6"	16	173	34	45	0.477391733904166
"TwoHarmonicR2__D6_D1"	8	169	66	94	0.277205593508857
"TwoHarmonicR2__D6_D1"	12	169	55	72	0.167083998183302
"TwoHarmonicR2__D6_D1"	16	166	34	45	0.0201547834678083
"TwoHarmonicR2__Late2_Early2"	8	169	66	94	0.179535018128784
"TwoHarmonicR2__Late2_Early2"	12	169	55	72	0.0863052294385518
"TwoHarmonicR2__Late2_Early2"	16	166	34	45	-0.0238761732257533
"EveningPeakOffset__State_D2_D6"	8	175	66	84	-0.0581716714713467
"EveningPeakOffset__State_D2_D6"	12	169	45	54	-0.111041135888701
"EveningPeakOffset__State_D2_D6"	16	144	18	20	-0.128944402704733
"EveningPeakOffset__D6_D1"	8	150	46	55	0.133870029480493
"EveningPeakOffset__D6_D1"	12	117	16	20	0.336915422885572
"EveningPeakOffset__D6_D1"	16	82	7	9	0.490263459335624
"EveningPeakOffset__Late2_Early2"	8	119	23	30	0.0920869565217392
"EveningPeakOffset__Late2_Early2"	12	82	7	7	0.326291079812207
"EveningPeakOffset__Late2_Early2"	16	38	4	4	-0.625
"EveningPeakAmplitude__State_D2_D6"	8	176	67	95	0.595999653558765
"EveningPeakAmplitude__State_D2_D6"	12	176	55	72	0.664758830941505
"EveningPeakAmplitude__State_D2_D6"	16	173	34	45	0.635951226339753
"EveningPeakAmplitude__D6_D1"	8	169	66	94	0.291636749855722
"EveningPeakAmplitude__D6_D1"	12	169	55	72	0.289164690276159
"EveningPeakAmplitude__D6_D1"	16	166	34	45	0.354920530346702
"EveningPeakAmplitude__Late2_Early2"	8	169	66	94	0.333355910773955
"EveningPeakAmplitude__Late2_Early2"	12	169	55	72	0.32514470616609
"EveningPeakAmplitude__Late2_Early2"	16	166	34	45	0.37366509950515
"DawnAnticipation__State_D2_D6"	8	176	64	86	0.167415884037189
"DawnAnticipation__State_D2_D6"	12	172	43	58	0.157036359232446
"DawnAnticipation__State_D2_D6"	16	161	28	37	0.433002977645438
"DawnAnticipation__D6_D1"	8	176	65	87	0.242068057400223
"DawnAnticipation__D6_D1"	12	175	45	62	0.283232136280796
"DawnAnticipation__D6_D1"	16	168	30	41	0.41370975644278
"DawnAnticipation__Late2_Early2"	8	176	63	85	0.356117519893008
"DawnAnticipation__Late2_Early2"	12	175	42	57	0.309137454733994
"DawnAnticipation__Late2_Early2"	16	162	28	37	0.483785905811594
"DuskAnticipation__State_D2_D6"	8	173	61	83	0.0616800362059805
"DuskAnticipation__State_D2_D6"	12	170	46	61	0.206781453451866
"DuskAnticipation__State_D2_D6"	16	154	23	32	0.347107059416373
"DuskAnticipation__D6_D1"	8	168	64	88	0.00785980251984762
"DuskAnticipation__D6_D1"	12	166	48	63	0.0257151771143323
"DuskAnticipation__D6_D1"	16	152	28	39	0.24689452779113
"DuskAnticipation__Late2_Early2"	8	167	61	83	0.0343786279769908
"DuskAnticipation__Late2_Early2"	12	163	44	59	0.0250120531213932
"DuskAnticipation__Late2_Early2"	16	146	25	34	0.202092721301459
"DuskResponse__State_D2_D6"	8	176	67	95	0.291637174916337
"DuskResponse__State_D2_D6"	12	176	55	72	0.29626577699172
"DuskResponse__State_D2_D6"	16	173	34	45	0.45231899334607
"DuskResponse__D6_D1"	8	176	67	95	0.0880322254802415
"DuskResponse__D6_D1"	12	176	55	72	-0.030010004005628
"DuskResponse__D6_D1"	16	173	34	45	0.122884467805953
"DuskResponse__Late2_Early2"	8	176	67	95	0.0173330264043533
"DuskResponse__Late2_Early2"	12	176	55	72	0.0818020011061391
"DuskResponse__Late2_Early2"	16	173	34	45	0.147488806616259
"DawnResponse__State_D2_D6"	8	176	67	95	0.342774124457106
"DawnResponse__State_D2_D6"	12	176	55	72	0.379255108542073
"DawnResponse__State_D2_D6"	16	173	34	45	0.50294367090171
"SiestaMoving__State_D2_D6"	8	176	67	95	0.687089583446336
"SiestaMoving__State_D2_D6"	12	176	55	72	0.683742167309091
"SiestaMoving__State_D2_D6"	16	173	34	45	0.688869860193983
"SiestaMoving__D6_D1"	8	169	66	94	0.571878826848537
"SiestaMoving__D6_D1"	12	169	55	72	0.614823449024297
"SiestaMoving__D6_D1"	16	166	34	45	0.632673560795679
"SiestaMoving__Late2_Early2"	8	169	66	94	0.543462063322475
"SiestaMoving__Late2_Early2"	12	169	55	72	0.58872721426131
"SiestaMoving__Late2_Early2"	16	166	34	45	0.622694182752487
"DarkCoreMoving__State_D2_D6"	8	176	67	95	0.734056829912691
"DarkCoreMoving__State_D2_D6"	12	176	55	72	0.712854851869566
"DarkCoreMoving__State_D2_D6"	16	173	34	45	0.754981063724683
"DarkCoreMoving__D6_D1"	8	176	67	95	0.536617927916342
"DarkCoreMoving__D6_D1"	12	176	55	72	0.561437850700195
"DarkCoreMoving__D6_D1"	16	173	34	45	0.737496088667842
"DarkCoreMoving__Late2_Early2"	8	176	67	95	0.520173534653128
"DarkCoreMoving__Late2_Early2"	12	176	55	72	0.558829499255424
"DarkCoreMoving__Late2_Early2"	16	173	34	45	0.668428592599911
"MorningPeakOffset__State_D2_D6"	8	172	56	80	0.113389488127454
"MorningPeakOffset__State_D2_D6"	12	165	36	51	0.147227425260168
"MorningPeakOffset__State_D2_D6"	16	142	18	27	0.217678503245514
"MorningPeakAmplitude__State_D2_D6"	8	176	67	95	0.444096648414665
"MorningPeakAmplitude__State_D2_D6"	12	176	55	72	0.41958348321855
"MorningPeakAmplitude__State_D2_D6"	16	173	34	45	0.48472323994105
"LD24hLagCorrelation__State_D2_D6"	8	176	67	95	0.533399354023704
"LD24hLagCorrelation__State_D2_D6"	12	176	55	72	0.542698440131349
"LD24hLagCorrelation__State_D2_D6"	16	173	34	45	0.528404412975465
"LDInterdailyStability__State_D2_D6"	8	176	67	95	0.533493835930419
"LDInterdailyStability__State_D2_D6"	12	176	55	72	0.557312411827832
"LDInterdailyStability__State_D2_D6"	16	173	34	45	0.545002469948954
"LDIntradailyVariability__State_D2_D6"	8	176	67	95	0.595505460704275
"LDIntradailyVariability__State_D2_D6"	12	176	55	72	0.50539181601508
"LDIntradailyVariability__State_D2_D6"	16	173	34	45	0.458883583072617
"OddEvenProfileCorrelation__State_D2_D6"	8	176	67	95	0.494343333251682
"OddEvenProfileCorrelation__State_D2_D6"	12	176	55	72	0.507706900640265
"OddEvenProfileCorrelation__State_D2_D6"	16	173	34	45	0.47620615840606
"PCA_moving_raw_PC1"	8	176	67	95	0.822520987230945
"PCA_moving_raw_PC1"	12	176	55	72	0.784890053576524
"PCA_moving_raw_PC1"	16	173	34	45	0.786629342993578
"PCA_moving_raw_PC2"	8	176	67	95	0.571262103307217
"PCA_moving_raw_PC2"	12	176	55	72	0.569128989602215
"PCA_moving_raw_PC2"	16	173	34	45	0.597859377572864
"PCA_moving_raw_PC3"	8	176	67	95	0.447816243189429
"PCA_moving_raw_PC3"	12	176	55	72	0.532987946286821
"PCA_moving_raw_PC3"	16	173	34	45	0.447818211756957
"PCA_moving_centered_shape_PC1"	8	176	67	95	0.578404235588885
"PCA_moving_centered_shape_PC1"	12	176	55	72	0.587754166951363
"PCA_moving_centered_shape_PC1"	16	173	34	45	0.583500740984686
"PCA_moving_centered_shape_PC2"	8	176	67	95	0.484125290006964
"PCA_moving_centered_shape_PC2"	12	176	55	72	0.545302910334682
"PCA_moving_centered_shape_PC2"	16	173	34	45	0.479499423678577
"PCA_moving_centered_shape_PC3"	8	176	67	95	0.233891709737585
"PCA_moving_centered_shape_PC3"	12	176	55	72	0.264815938714565
"PCA_moving_centered_shape_PC3"	16	173	34	45	0.377474065535979
"PCA_moving_change_PC1"	8	169	66	94	0.588151947659061
"PCA_moving_change_PC1"	12	169	55	72	0.629417651716418
"PCA_moving_change_PC1"	16	166	34	45	0.7301498435699
"PCA_moving_change_PC2"	8	169	66	94	0.524652889091574
"PCA_moving_change_PC2"	12	169	55	72	0.524716341844753
"PCA_moving_change_PC2"	16	166	34	45	0.603128602008892
"PCA_moving_change_PC3"	8	169	66	94	0.354969273629505
"PCA_moving_change_PC3"	12	169	55	72	0.388472003954936
"PCA_moving_change_PC3"	16	166	34	45	0.382282232833855
"PCA_sleep_raw_PC1"	8	176	67	95	0.816176702161536
"PCA_sleep_raw_PC1"	12	176	55	72	0.771682817329373
"PCA_sleep_raw_PC1"	16	173	34	45	0.731467149678907
"PCA_sleep_raw_PC2"	8	176	67	95	0.531068800324738
"PCA_sleep_raw_PC2"	12	176	55	72	0.523590953485288
"PCA_sleep_raw_PC2"	16	173	34	45	0.597826444920138
"PCA_sleep_raw_PC3"	8	176	67	95	0.554349842005256
"PCA_sleep_raw_PC3"	12	176	55	72	0.623742478989401
"PCA_sleep_raw_PC3"	16	173	34	45	0.559657500411658
"PCA_sleep_centered_shape_PC1"	8	176	67	95	0.513663133509933
"PCA_sleep_centered_shape_PC1"	12	176	55	72	0.511493028621037
"PCA_sleep_centered_shape_PC1"	16	173	34	45	0.54332290465997
"PCA_sleep_centered_shape_PC2"	8	176	67	95	0.542291151244537
"PCA_sleep_centered_shape_PC2"	12	176	55	72	0.59236825922517
"PCA_sleep_centered_shape_PC2"	16	173	34	45	0.57302815741808
"PCA_sleep_centered_shape_PC3"	8	176	67	95	0.225251864267993
"PCA_sleep_centered_shape_PC3"	12	176	55	72	0.292982801654321
"PCA_sleep_centered_shape_PC3"	16	173	34	45	0.422624732422197
"PCA_sleep_change_PC1"	8	169	66	94	0.591587160395718
"PCA_sleep_change_PC1"	12	169	55	72	0.668323935000784
"PCA_sleep_change_PC1"	16	166	34	45	0.787584389922608
"PCA_sleep_change_PC2"	8	169	66	94	0.401592082033314
"PCA_sleep_change_PC2"	12	169	55	72	0.348922641608019
"PCA_sleep_change_PC2"	16	166	34	45	0.43905812613206
"PCA_sleep_change_PC3"	8	169	66	94	0.320115048922884
"PCA_sleep_change_PC3"	12	169	55	72	0.313963256070063
"PCA_sleep_change_PC3"	16	166	34	45	0.342334925078215
