model	resampling	bin	zt	median	q025	q975
"moving_raw"	"DGRP_line_bootstrap_frozen_batch"	1	0.25	0.0855971897019654	0.0412053647940824	0.12173414774922
"moving_raw"	"DGRP_line_bootstrap_frozen_batch"	2	0.75	0.0871489930380115	0.0410727440340603	0.12551280853562
"moving_raw"	"DGRP_line_bootstrap_frozen_batch"	3	1.25	0.0878876201919293	0.0464970894055716	0.123743775861816
"moving_raw"	"DGRP_line_bootstrap_frozen_batch"	4	1.75	0.0857566757738312	0.0455761362574936	0.123881021201935
"moving_raw"	"DGRP_line_bootstrap_frozen_batch"	5	2.25	0.0851658493937317	0.0469200369609529	0.120003030091209
"moving_raw"	"DGRP_line_bootstrap_frozen_batch"	6	2.75	0.0842216294143464	0.0494569334056675	0.115669402003739
"moving_raw"	"DGRP_line_bootstrap_frozen_batch"	7	3.25	0.0870155762991987	0.0533360654378731	0.117393511074198
"moving_raw"	"DGRP_line_bootstrap_frozen_batch"	8	3.75	0.0867515110818539	0.0541231710368822	0.116122167088046
"moving_raw"	"DGRP_line_bootstrap_frozen_batch"	9	4.25	0.0866342368632174	0.0554105215303919	0.114528092343209
"moving_raw"	"DGRP_line_bootstrap_frozen_batch"	10	4.75	0.0903144843052141	0.0603607703134237	0.116916040705992
"moving_raw"	"DGRP_line_bootstrap_frozen_batch"	11	5.25	0.0970482692808785	0.0678469022559322	0.121965536742317
"moving_raw"	"DGRP_line_bootstrap_frozen_batch"	12	5.75	0.101367754367632	0.0728692048111927	0.124611299556321
"moving_raw"	"DGRP_line_bootstrap_frozen_batch"	13	6.25	0.102590573409162	0.0746843368174056	0.128229399302204
"moving_raw"	"DGRP_line_bootstrap_frozen_batch"	14	6.75	0.105787376349539	0.0767196194963605	0.131229607626723
"moving_raw"	"DGRP_line_bootstrap_frozen_batch"	15	7.25	0.114703868484304	0.0983980936881889	0.13414621835455
"moving_raw"	"DGRP_line_bootstrap_frozen_batch"	16	7.75	0.144030789695548	0.120112322019203	0.174399278782569
"moving_raw"	"DGRP_line_bootstrap_frozen_batch"	17	8.25	0.152454583285009	0.122463537593795	0.194687577923314
"moving_raw"	"DGRP_line_bootstrap_frozen_batch"	18	8.75	0.16755727576433	0.127510949845067	0.214402843391832
"moving_raw"	"DGRP_line_bootstrap_frozen_batch"	19	9.25	0.1762937835995	0.133880232716807	0.222253328072673
"moving_raw"	"DGRP_line_bootstrap_frozen_batch"	20	9.75	0.186651550287534	0.143869829967943	0.228269108620955
"moving_raw"	"DGRP_line_bootstrap_frozen_batch"	21	10.25	0.193174212231515	0.153133072370312	0.235913762149945
"moving_raw"	"DGRP_line_bootstrap_frozen_batch"	22	10.75	0.193178061856152	0.156805378563799	0.229807502196785
"moving_raw"	"DGRP_line_bootstrap_frozen_batch"	23	11.25	0.18446498976239	0.152367182100759	0.216763765480303
"moving_raw"	"DGRP_line_bootstrap_frozen_batch"	24	11.75	0.171436297064189	0.138316850597391	0.201456246001421
"moving_raw"	"DGRP_line_bootstrap_frozen_batch"	25	12.25	0.162515116109301	0.131744125773482	0.188350460412476
"moving_raw"	"DGRP_line_bootstrap_frozen_batch"	26	12.75	0.148429086659087	0.119054273246824	0.175314564453049
"moving_raw"	"DGRP_line_bootstrap_frozen_batch"	27	13.25	0.139938869701233	0.113492280356616	0.164683234810253
"moving_raw"	"DGRP_line_bootstrap_frozen_batch"	28	13.75	0.133173732799926	0.109412585672622	0.156217942938797
"moving_raw"	"DGRP_line_bootstrap_frozen_batch"	29	14.25	0.133795509647464	0.114457895739893	0.15495427269328
"moving_raw"	"DGRP_line_bootstrap_frozen_batch"	30	14.75	0.135389317404704	0.116867011194374	0.155262521467977
"moving_raw"	"DGRP_line_bootstrap_frozen_batch"	31	15.25	0.140312279747866	0.122417301391022	0.158072254868161
"moving_raw"	"DGRP_line_bootstrap_frozen_batch"	32	15.75	0.14232597104324	0.124072456700055	0.158447215544121
"moving_raw"	"DGRP_line_bootstrap_frozen_batch"	33	16.25	0.149334276517062	0.130868059640644	0.164365742557974
"moving_raw"	"DGRP_line_bootstrap_frozen_batch"	34	16.75	0.152761621515097	0.134050128931493	0.167280315859558
"moving_raw"	"DGRP_line_bootstrap_frozen_batch"	35	17.25	0.158055616703284	0.136063269905486	0.17496193436281
"moving_raw"	"DGRP_line_bootstrap_frozen_batch"	36	17.75	0.162469981047279	0.139163995157508	0.181677434568261
"moving_raw"	"DGRP_line_bootstrap_frozen_batch"	37	18.25	0.169634221893994	0.143142197317809	0.192092515298865
"moving_raw"	"DGRP_line_bootstrap_frozen_batch"	38	18.75	0.171659466903791	0.145243604359433	0.194321587015593
"moving_raw"	"DGRP_line_bootstrap_frozen_batch"	39	19.25	0.173408467881418	0.145218517331174	0.196654532742456
"moving_raw"	"DGRP_line_bootstrap_frozen_batch"	40	19.75	0.175067709227931	0.147169277192776	0.200295705863046
"moving_raw"	"DGRP_line_bootstrap_frozen_batch"	41	20.25	0.172503128754363	0.144495418140165	0.19800879970791
"moving_raw"	"DGRP_line_bootstrap_frozen_batch"	42	20.75	0.17510853955572	0.145547549815586	0.203498680863937
"moving_raw"	"DGRP_line_bootstrap_frozen_batch"	43	21.25	0.174067182072578	0.146308203094275	0.20329194325641
"moving_raw"	"DGRP_line_bootstrap_frozen_batch"	44	21.75	0.177024822352664	0.152100368549577	0.203893240113127
"moving_raw"	"DGRP_line_bootstrap_frozen_batch"	45	22.25	0.175042739556907	0.150296199933851	0.199399622429312
"moving_raw"	"DGRP_line_bootstrap_frozen_batch"	46	22.75	0.170507722924482	0.147822013258	0.192103728952583
"moving_raw"	"DGRP_line_bootstrap_frozen_batch"	47	23.25	0.12061474704136	0.0919804779173367	0.148053875481028
"moving_raw"	"DGRP_line_bootstrap_frozen_batch"	48	23.75	0.116352376759527	0.075390750952765	0.151752098103636
"moving_centered_shape"	"DGRP_line_bootstrap_frozen_batch"	1	0.25	-0.210937255309561	-0.273790487341514	-0.14883694058596
"moving_centered_shape"	"DGRP_line_bootstrap_frozen_batch"	2	0.75	-0.225158836916292	-0.292990944750907	-0.149554250916131
"moving_centered_shape"	"DGRP_line_bootstrap_frozen_batch"	3	1.25	-0.214671266431932	-0.267294363510553	-0.142915114100366
"moving_centered_shape"	"DGRP_line_bootstrap_frozen_batch"	4	1.75	-0.203831096660679	-0.254682621602875	-0.135152041418058
"moving_centered_shape"	"DGRP_line_bootstrap_frozen_batch"	5	2.25	-0.186625797384283	-0.228817360207971	-0.124694717438145
"moving_centered_shape"	"DGRP_line_bootstrap_frozen_batch"	6	2.75	-0.172487524637242	-0.207333246964596	-0.119090652500935
"moving_centered_shape"	"DGRP_line_bootstrap_frozen_batch"	7	3.25	-0.153754795493412	-0.185747069452723	-0.109840658858197
"moving_centered_shape"	"DGRP_line_bootstrap_frozen_batch"	8	3.75	-0.149547373514039	-0.17941415733685	-0.109861808819112
"moving_centered_shape"	"DGRP_line_bootstrap_frozen_batch"	9	4.25	-0.147259948478957	-0.175491339936134	-0.109007910466199
"moving_centered_shape"	"DGRP_line_bootstrap_frozen_batch"	10	4.75	-0.140000303581399	-0.166580261567045	-0.105822495975256
"moving_centered_shape"	"DGRP_line_bootstrap_frozen_batch"	11	5.25	-0.12110307304936	-0.147384806294239	-0.0903851014759623
"moving_centered_shape"	"DGRP_line_bootstrap_frozen_batch"	12	5.75	-0.113485038562812	-0.139837218046167	-0.082045817190957
"moving_centered_shape"	"DGRP_line_bootstrap_frozen_batch"	13	6.25	-0.112591245441665	-0.141780770623084	-0.0782306010341937
"moving_centered_shape"	"DGRP_line_bootstrap_frozen_batch"	14	6.75	-0.115822244354881	-0.144133811578209	-0.0826349505471696
"moving_centered_shape"	"DGRP_line_bootstrap_frozen_batch"	15	7.25	-0.0100258400098606	-0.0561365597263065	0.0307415490282329
"moving_centered_shape"	"DGRP_line_bootstrap_frozen_batch"	16	7.75	0.125827838802822	0.0522764612429062	0.194553260785115
"moving_centered_shape"	"DGRP_line_bootstrap_frozen_batch"	17	8.25	0.203596089736336	0.139261131623497	0.266246740062945
"moving_centered_shape"	"DGRP_line_bootstrap_frozen_batch"	18	8.75	0.276802932735746	0.201445821972385	0.336694091087575
"moving_centered_shape"	"DGRP_line_bootstrap_frozen_batch"	19	9.25	0.288283622455292	0.197156888523052	0.342932636149634
"moving_centered_shape"	"DGRP_line_bootstrap_frozen_batch"	20	9.75	0.295068684948759	0.18164690630614	0.351952487305523
"moving_centered_shape"	"DGRP_line_bootstrap_frozen_batch"	21	10.25	0.284459879700641	0.168545807139882	0.342253488565229
"moving_centered_shape"	"DGRP_line_bootstrap_frozen_batch"	22	10.75	0.254545077139672	0.159913636807064	0.307165638728649
"moving_centered_shape"	"DGRP_line_bootstrap_frozen_batch"	23	11.25	0.20545211506112	0.122340149095542	0.25562386354492
"moving_centered_shape"	"DGRP_line_bootstrap_frozen_batch"	24	11.75	0.148633444801417	0.0940274671323338	0.19880965921123
"moving_centered_shape"	"DGRP_line_bootstrap_frozen_batch"	25	12.25	0.109249060737867	0.0688366833146391	0.157824300729038
"moving_centered_shape"	"DGRP_line_bootstrap_frozen_batch"	26	12.75	0.0825181509309473	0.044905799485989	0.127851976098019
"moving_centered_shape"	"DGRP_line_bootstrap_frozen_batch"	27	13.25	0.0645040949351917	0.0282312816388113	0.105421255724998
"moving_centered_shape"	"DGRP_line_bootstrap_frozen_batch"	28	13.75	0.0442995703322813	0.0089090858933584	0.0782177375325453
"moving_centered_shape"	"DGRP_line_bootstrap_frozen_batch"	29	14.25	0.0377059192213943	0.00466733415582512	0.0719018424091163
"moving_centered_shape"	"DGRP_line_bootstrap_frozen_batch"	30	14.75	0.0271355381234278	-0.00622283457627907	0.064217651143764
"moving_centered_shape"	"DGRP_line_bootstrap_frozen_batch"	31	15.25	0.022585654050687	-0.0152796526012372	0.0616270326138959
"moving_centered_shape"	"DGRP_line_bootstrap_frozen_batch"	32	15.75	0.0220537630018458	-0.014803182966585	0.0616177951925073
"moving_centered_shape"	"DGRP_line_bootstrap_frozen_batch"	33	16.25	0.0241521231819466	-0.0173907164905842	0.0667258846716072
"moving_centered_shape"	"DGRP_line_bootstrap_frozen_batch"	34	16.75	0.0219968667931075	-0.0280792327610442	0.0689155218857921
"moving_centered_shape"	"DGRP_line_bootstrap_frozen_batch"	35	17.25	0.0204830572359836	-0.035386367078741	0.0723750244415502
"moving_centered_shape"	"DGRP_line_bootstrap_frozen_batch"	36	17.75	0.0127777688416278	-0.0491770037518642	0.0693183521580447
"moving_centered_shape"	"DGRP_line_bootstrap_frozen_batch"	37	18.25	0.0156983625776102	-0.0516793696453246	0.0821632236101553
"moving_centered_shape"	"DGRP_line_bootstrap_frozen_batch"	38	18.75	0.0202257157739405	-0.0456196729117431	0.0889790284717683
"moving_centered_shape"	"DGRP_line_bootstrap_frozen_batch"	39	19.25	0.0227752746426109	-0.045329603271547	0.0981839412160146
"moving_centered_shape"	"DGRP_line_bootstrap_frozen_batch"	40	19.75	0.0168661559512157	-0.0540412377502071	0.0997433643881152
"moving_centered_shape"	"DGRP_line_bootstrap_frozen_batch"	41	20.25	0.0040297354701836	-0.073689110979154	0.0949498789908655
"moving_centered_shape"	"DGRP_line_bootstrap_frozen_batch"	42	20.75	-0.00783135266982713	-0.0928630743260432	0.0897066102673138
"moving_centered_shape"	"DGRP_line_bootstrap_frozen_batch"	43	21.25	-0.00648843429826255	-0.0860984998984887	0.0919269724740057
"moving_centered_shape"	"DGRP_line_bootstrap_frozen_batch"	44	21.75	-0.0150917777261898	-0.0903211741504555	0.0704526604390331
"moving_centered_shape"	"DGRP_line_bootstrap_frozen_batch"	45	22.25	-0.019943285174318	-0.078789425527157	0.050075380232139
"moving_centered_shape"	"DGRP_line_bootstrap_frozen_batch"	46	22.75	-0.0284559631721302	-0.07293974734565	0.0204301445066756
"moving_centered_shape"	"DGRP_line_bootstrap_frozen_batch"	47	23.25	-0.117835870497689	-0.153686375013408	-0.0795309839244776
"moving_centered_shape"	"DGRP_line_bootstrap_frozen_batch"	48	23.75	-0.173531346428201	-0.231699965671168	-0.120847241859399
"moving_raw"	"within_cell_whole_fly_refit_batch_and_PCA"	1	0.25	0.0865340400404395	0.0692501457762767	0.103704022715077
"moving_raw"	"within_cell_whole_fly_refit_batch_and_PCA"	2	0.75	0.0873893629123155	0.0720714234586639	0.105866131319522
"moving_raw"	"within_cell_whole_fly_refit_batch_and_PCA"	3	1.25	0.0899490421032044	0.0776716825401489	0.105246406888464
"moving_raw"	"within_cell_whole_fly_refit_batch_and_PCA"	4	1.75	0.0879938337050581	0.0765040778882459	0.102391732833373
"moving_raw"	"within_cell_whole_fly_refit_batch_and_PCA"	5	2.25	0.0871733066976216	0.0764273352517573	0.0994117962435384
"moving_raw"	"within_cell_whole_fly_refit_batch_and_PCA"	6	2.75	0.086517458730714	0.0761761656776586	0.0967638005902801
"moving_raw"	"within_cell_whole_fly_refit_batch_and_PCA"	7	3.25	0.087931428771088	0.079432159788488	0.0976688744273696
"moving_raw"	"within_cell_whole_fly_refit_batch_and_PCA"	8	3.75	0.0883035106037333	0.0800737607414951	0.0987355106473695
"moving_raw"	"within_cell_whole_fly_refit_batch_and_PCA"	9	4.25	0.0879823705503354	0.0798965438876685	0.0979923013463029
"moving_raw"	"within_cell_whole_fly_refit_batch_and_PCA"	10	4.75	0.0928108095972851	0.0841401228693818	0.101426720784546
"moving_raw"	"within_cell_whole_fly_refit_batch_and_PCA"	11	5.25	0.098953751327925	0.0921985944619159	0.106866207147747
"moving_raw"	"within_cell_whole_fly_refit_batch_and_PCA"	12	5.75	0.103008124161847	0.0956361114736865	0.111857235358746
"moving_raw"	"within_cell_whole_fly_refit_batch_and_PCA"	13	6.25	0.105113744495223	0.0970790564474947	0.112464768643918
"moving_raw"	"within_cell_whole_fly_refit_batch_and_PCA"	14	6.75	0.108276539255096	0.10082723194023	0.11663322711563
"moving_raw"	"within_cell_whole_fly_refit_batch_and_PCA"	15	7.25	0.117534313374023	0.110302968659947	0.124261682039972
"moving_raw"	"within_cell_whole_fly_refit_batch_and_PCA"	16	7.75	0.145114625953048	0.132331248755441	0.156105393128866
"moving_raw"	"within_cell_whole_fly_refit_batch_and_PCA"	17	8.25	0.151724355414395	0.13596392629631	0.164338670950161
"moving_raw"	"within_cell_whole_fly_refit_batch_and_PCA"	18	8.75	0.166717076171486	0.150445641678467	0.182849087658272
"moving_raw"	"within_cell_whole_fly_refit_batch_and_PCA"	19	9.25	0.175754872160799	0.16189209287887	0.189431879299565
"moving_raw"	"within_cell_whole_fly_refit_batch_and_PCA"	20	9.75	0.185772111510912	0.171497461215051	0.200253674207539
"moving_raw"	"within_cell_whole_fly_refit_batch_and_PCA"	21	10.25	0.192515577792207	0.179587846096869	0.20420208579421
"moving_raw"	"within_cell_whole_fly_refit_batch_and_PCA"	22	10.75	0.193141749790125	0.181090520403721	0.20290740730297
"moving_raw"	"within_cell_whole_fly_refit_batch_and_PCA"	23	11.25	0.184740304079394	0.174467074281545	0.192462873518611
"moving_raw"	"within_cell_whole_fly_refit_batch_and_PCA"	24	11.75	0.171816957297794	0.163587534961002	0.179031333166452
"moving_raw"	"within_cell_whole_fly_refit_batch_and_PCA"	25	12.25	0.162260062025607	0.15560344507874	0.169857120894999
"moving_raw"	"within_cell_whole_fly_refit_batch_and_PCA"	26	12.75	0.148485307146012	0.14174674515873	0.156723340464431
"moving_raw"	"within_cell_whole_fly_refit_batch_and_PCA"	27	13.25	0.140065232640892	0.133709459514588	0.147852419602685
"moving_raw"	"within_cell_whole_fly_refit_batch_and_PCA"	28	13.75	0.134031116559895	0.127979727495315	0.141378388480015
"moving_raw"	"within_cell_whole_fly_refit_batch_and_PCA"	29	14.25	0.135446635475726	0.1289526018503	0.141927148872686
"moving_raw"	"within_cell_whole_fly_refit_batch_and_PCA"	30	14.75	0.136536851724386	0.13018924218188	0.141937714316119
"moving_raw"	"within_cell_whole_fly_refit_batch_and_PCA"	31	15.25	0.141387692373837	0.135317470788838	0.146660330550443
"moving_raw"	"within_cell_whole_fly_refit_batch_and_PCA"	32	15.75	0.142696924701142	0.135780517594289	0.148253684765759
"moving_raw"	"within_cell_whole_fly_refit_batch_and_PCA"	33	16.25	0.149536181620769	0.142857163836149	0.154263800411223
"moving_raw"	"within_cell_whole_fly_refit_batch_and_PCA"	34	16.75	0.152477726911193	0.145179251833388	0.158952066134686
"moving_raw"	"within_cell_whole_fly_refit_batch_and_PCA"	35	17.25	0.157486820113627	0.150210229691085	0.163892081175216
"moving_raw"	"within_cell_whole_fly_refit_batch_and_PCA"	36	17.75	0.161824385976475	0.15341779362858	0.167466083153958
"moving_raw"	"within_cell_whole_fly_refit_batch_and_PCA"	37	18.25	0.168761373211117	0.161364251709989	0.173591137072251
"moving_raw"	"within_cell_whole_fly_refit_batch_and_PCA"	38	18.75	0.170720723092077	0.164660993090987	0.175967092885747
"moving_raw"	"within_cell_whole_fly_refit_batch_and_PCA"	39	19.25	0.172778207505959	0.16646392752137	0.178907125937928
"moving_raw"	"within_cell_whole_fly_refit_batch_and_PCA"	40	19.75	0.173963659669401	0.168208358482813	0.180165581272141
"moving_raw"	"within_cell_whole_fly_refit_batch_and_PCA"	41	20.25	0.172230469749531	0.165979527184541	0.178556978467347
"moving_raw"	"within_cell_whole_fly_refit_batch_and_PCA"	42	20.75	0.175890528504084	0.169280059667807	0.182427571768033
"moving_raw"	"within_cell_whole_fly_refit_batch_and_PCA"	43	21.25	0.175667541845042	0.16894552196747	0.18257770870811
"moving_raw"	"within_cell_whole_fly_refit_batch_and_PCA"	44	21.75	0.177352102697784	0.172000799002086	0.184429530209349
"moving_raw"	"within_cell_whole_fly_refit_batch_and_PCA"	45	22.25	0.174929763378475	0.168730452798323	0.181535556015506
"moving_raw"	"within_cell_whole_fly_refit_batch_and_PCA"	46	22.75	0.17098514985986	0.165148006064044	0.177138621377887
"moving_raw"	"within_cell_whole_fly_refit_batch_and_PCA"	47	23.25	0.121992248189091	0.112289185329874	0.132784216727667
"moving_raw"	"within_cell_whole_fly_refit_batch_and_PCA"	48	23.75	0.1187296600401	0.103604917681037	0.13165287069325
"moving_centered_shape"	"within_cell_whole_fly_refit_batch_and_PCA"	1	0.25	-0.212085824204491	-0.258151784832294	-0.178354272942354
"moving_centered_shape"	"within_cell_whole_fly_refit_batch_and_PCA"	2	0.75	-0.227800861742342	-0.267920514390543	-0.194712932372896
"moving_centered_shape"	"within_cell_whole_fly_refit_batch_and_PCA"	3	1.25	-0.216530309224428	-0.243955233336987	-0.188631541983578
"moving_centered_shape"	"within_cell_whole_fly_refit_batch_and_PCA"	4	1.75	-0.205753695465974	-0.223218360219054	-0.183492577637996
"moving_centered_shape"	"within_cell_whole_fly_refit_batch_and_PCA"	5	2.25	-0.187507682538805	-0.203302455164015	-0.169880450625981
"moving_centered_shape"	"within_cell_whole_fly_refit_batch_and_PCA"	6	2.75	-0.173673692044328	-0.18721735349539	-0.158059467191424
"moving_centered_shape"	"within_cell_whole_fly_refit_batch_and_PCA"	7	3.25	-0.156329650492757	-0.168538080139857	-0.141068210426501
"moving_centered_shape"	"within_cell_whole_fly_refit_batch_and_PCA"	8	3.75	-0.152616960833237	-0.170971029944292	-0.137260403506414
"moving_centered_shape"	"within_cell_whole_fly_refit_batch_and_PCA"	9	4.25	-0.148742785904223	-0.164922594865071	-0.132299700251061
"moving_centered_shape"	"within_cell_whole_fly_refit_batch_and_PCA"	10	4.75	-0.141182899449428	-0.162002667108221	-0.125811138758815
"moving_centered_shape"	"within_cell_whole_fly_refit_batch_and_PCA"	11	5.25	-0.123038940492784	-0.140612435194731	-0.109376048208155
"moving_centered_shape"	"within_cell_whole_fly_refit_batch_and_PCA"	12	5.75	-0.116098470020365	-0.126693988437552	-0.100424112494896
"moving_centered_shape"	"within_cell_whole_fly_refit_batch_and_PCA"	13	6.25	-0.116052552713079	-0.131829584643737	-0.095825818775121
"moving_centered_shape"	"within_cell_whole_fly_refit_batch_and_PCA"	14	6.75	-0.118693581914387	-0.13670676159322	-0.0996408172552501
"moving_centered_shape"	"within_cell_whole_fly_refit_batch_and_PCA"	15	7.25	-0.0111486534911227	-0.0290879725288231	0.0133959302453782
"moving_centered_shape"	"within_cell_whole_fly_refit_batch_and_PCA"	16	7.75	0.124869191279056	0.0949982376615504	0.163552219654355
"moving_centered_shape"	"within_cell_whole_fly_refit_batch_and_PCA"	17	8.25	0.204345237709096	0.176654180122627	0.227544638579361
"moving_centered_shape"	"within_cell_whole_fly_refit_batch_and_PCA"	18	8.75	0.275549548952405	0.251182812015335	0.299853193194706
"moving_centered_shape"	"within_cell_whole_fly_refit_batch_and_PCA"	19	9.25	0.286337055963151	0.258419616675198	0.310290676824379
"moving_centered_shape"	"within_cell_whole_fly_refit_batch_and_PCA"	20	9.75	0.294275468686932	0.25387424941071	0.325778657060973
"moving_centered_shape"	"within_cell_whole_fly_refit_batch_and_PCA"	21	10.25	0.285315212604626	0.229998788958058	0.31998803226315
"moving_centered_shape"	"within_cell_whole_fly_refit_batch_and_PCA"	22	10.75	0.257043070991476	0.199845787956528	0.290028418169466
"moving_centered_shape"	"within_cell_whole_fly_refit_batch_and_PCA"	23	11.25	0.20937149278745	0.169112550946341	0.236884869579465
"moving_centered_shape"	"within_cell_whole_fly_refit_batch_and_PCA"	24	11.75	0.152653269705188	0.126461816371969	0.176330189949242
"moving_centered_shape"	"within_cell_whole_fly_refit_batch_and_PCA"	25	12.25	0.113962731027661	0.0957816299862566	0.132664601382975
"moving_centered_shape"	"within_cell_whole_fly_refit_batch_and_PCA"	26	12.75	0.0868547074406833	0.072812801999051	0.101363438990391
"moving_centered_shape"	"within_cell_whole_fly_refit_batch_and_PCA"	27	13.25	0.0668221012036942	0.0515921894051704	0.0812337241321695
"moving_centered_shape"	"within_cell_whole_fly_refit_batch_and_PCA"	28	13.75	0.0453294101555472	0.031412323291396	0.0604970702248113
"moving_centered_shape"	"within_cell_whole_fly_refit_batch_and_PCA"	29	14.25	0.0370333271124677	0.0236367451726552	0.0582778485871186
"moving_centered_shape"	"within_cell_whole_fly_refit_batch_and_PCA"	30	14.75	0.0273846433796124	0.0119041087741951	0.0511479407802172
"moving_centered_shape"	"within_cell_whole_fly_refit_batch_and_PCA"	31	15.25	0.0222088043485287	0.00467751857171975	0.0416318847622376
"moving_centered_shape"	"within_cell_whole_fly_refit_batch_and_PCA"	32	15.75	0.0223041488484761	0.00603681845155146	0.0422771218611325
"moving_centered_shape"	"within_cell_whole_fly_refit_batch_and_PCA"	33	16.25	0.024029300117489	0.00558014932561128	0.0455846756135473
"moving_centered_shape"	"within_cell_whole_fly_refit_batch_and_PCA"	34	16.75	0.0233898127803139	-0.000771887170877384	0.0473325522025461
"moving_centered_shape"	"within_cell_whole_fly_refit_batch_and_PCA"	35	17.25	0.0222321315511022	-0.00217994005282387	0.0529906100771953
"moving_centered_shape"	"within_cell_whole_fly_refit_batch_and_PCA"	36	17.75	0.0131892049614702	-0.0145265146634926	0.048057649722021
"moving_centered_shape"	"within_cell_whole_fly_refit_batch_and_PCA"	37	18.25	0.0188901692938795	-0.00901843884648026	0.0502009658885718
"moving_centered_shape"	"within_cell_whole_fly_refit_batch_and_PCA"	38	18.75	0.0208796751499056	-0.00267708032462882	0.042800886563667
"moving_centered_shape"	"within_cell_whole_fly_refit_batch_and_PCA"	39	19.25	0.0226491351546326	-3.01826593479105e-05	0.0443820696681445
"moving_centered_shape"	"within_cell_whole_fly_refit_batch_and_PCA"	40	19.75	0.0179336561881901	-0.00522584758065942	0.0440409700498406
"moving_centered_shape"	"within_cell_whole_fly_refit_batch_and_PCA"	41	20.25	0.00531487954700907	-0.0225596108668808	0.0352163967152477
"moving_centered_shape"	"within_cell_whole_fly_refit_batch_and_PCA"	42	20.75	-0.00522137622735649	-0.0393276218500434	0.0330076839833805
"moving_centered_shape"	"within_cell_whole_fly_refit_batch_and_PCA"	43	21.25	-0.00636484366876747	-0.0387022383258606	0.031281724752167
"moving_centered_shape"	"within_cell_whole_fly_refit_batch_and_PCA"	44	21.75	-0.0151567400629657	-0.0475209599702558	0.0187758640598181
"moving_centered_shape"	"within_cell_whole_fly_refit_batch_and_PCA"	45	22.25	-0.0212744155780066	-0.0483667385293714	0.00486579262186127
"moving_centered_shape"	"within_cell_whole_fly_refit_batch_and_PCA"	46	22.75	-0.0281180356451743	-0.0499797201603384	-0.00984810613879837
"moving_centered_shape"	"within_cell_whole_fly_refit_batch_and_PCA"	47	23.25	-0.119521013645225	-0.139684986949163	-0.0985455441035916
"moving_centered_shape"	"within_cell_whole_fly_refit_batch_and_PCA"	48	23.75	-0.174952044757566	-0.212034137458823	-0.149314824756101
