SNP	Chr	bp	A1	A2	Freq	b	se	p	count_alleles_swapped	arm	MAF	call_rate	n_called	n_missing	minor_allele	minor_homozygotes	major_homozygotes	het	minor_carriers	eligible	trait	variant	region_rank	nominal_screen	six_trait_significant	annotation_label	all_genes	annotation_warning	annotation_REF	annotation_ALT	annotation_alleles_match
"2L_10170542"	21	10170542	"T"	"C"	0.118343	-112.124	26.0275	1.648e-05	FALSE	"2L"	0.118343195266272	0.960227272727273	169	7	"T"	20	149	0	20	TRUE	"TotalSleep"	"primary"	10	FALSE	FALSE	"INTRON|CG44153"	"CG44153;FBtr0304344"	FALSE	"C"	"T"	TRUE
"2L_10641389"	21	10641389	"A"	"G"	0.148148	-0.296595	0.0696172	2.04093e-05	FALSE	"2L"	0.148148148148148	0.920454545454545	162	14	"A"	24	138	0	24	TRUE	"MovingShapePC1"	"primary"	7	FALSE	FALSE	"SYNONYMOUS_CODING|CG31872"	"CG31872;FBtr0304344;CG31872-PA;CG31872-PB"	TRUE	"G"	"A"	TRUE
"2L_10772724"	21	10772724	"A"	"C"	0.252941	-0.25413	0.0538983	2.41725e-06	FALSE	"2L"	0.252941176470588	0.965909090909091	170	6	"A"	43	127	0	43	TRUE	"NightPDoze"	"primary"	2	TRUE	FALSE	"UTR_3_PRIME|CG31869"	"CG31869;FBtr0304344"	FALSE	"C"	"A"	TRUE
"2L_12681166"	21	12681166	"C"	"T"	0.228395	-46.371	10.7901	1.727e-05	FALSE	"2L"	0.228395061728395	0.920454545454545	162	14	"C"	37	125	0	37	TRUE	"NightSleepChange"	"primary"	9	FALSE	FALSE	"INTRON|pdm2"	"pdm2;FBtr0304344;pdm2-PB;pdm2-PC;pdm2-PD;pdm2-PA"	FALSE	"T"	"C"	TRUE
"2L_14815128"	21	14815128	"A"	"AC"	0.109827	-0.0693839	0.0162891	2.04866e-05	FALSE	"2L"	0.109826589595376	0.982954545454545	173	3	"A"	19	154	0	19	TRUE	"LDHarmonicR2"	"primary"	9	FALSE	FALSE	"INTRAGENIC|FBtr0304344"	"FBtr0304344"	FALSE	"AC"	"A"	TRUE
"2L_15610070"	21	15610070	"G"	"C"	0.1125	-0.319791	0.0743218	1.68655e-05	FALSE	"2L"	0.1125	0.909090909090909	160	16	"G"	18	142	0	18	TRUE	"NightPDoze"	"primary"	10	FALSE	FALSE	"UPSTREAM|EXON_2L_15610171_15610746"	"EXON_2L_15610171_15610746;EXON_2L_15610171_15611719;EXON_2L_15610732_15611719;FBtr0304344"	FALSE	"C"	"G"	TRUE
"2L_15943639"	21	15943639	"G"	"C"	0.262195	-89.4092	19.887	6.9292e-06	FALSE	"2L"	0.26219512195122	0.931818181818182	164	12	"G"	43	121	0	43	TRUE	"TotalSleep"	"primary"	2	TRUE	FALSE	"INTRON|beat-Ib"	"CG12448;beat-Ib;FBtr0304344"	FALSE	"C"	"G"	TRUE
"2L_17491087"	21	17491087	"AGTATACAAAAT"	"A"	0.484663	-80.8328	18.073	7.72843e-06	FALSE	"2L"	0.484662576687117	0.926136363636364	163	13	"AGTATACAAAAT"	79	84	0	79	TRUE	"TotalSleep"	"primary"	4	TRUE	FALSE	"INTRON|qua"	"qua;FBtr0304344;qua-PB;qua-PC;qua-PA"	FALSE	"A"	"AGTATACAAAAT"	TRUE
"2L_20321158"	21	20321158	"C"	"T"	0.490798	-0.24709	0.0532023	3.41134e-06	FALSE	"2L"	0.49079754601227	0.926136363636364	163	13	"C"	80	83	0	80	TRUE	"NightPWake"	"primary"	4	TRUE	FALSE	"INTRON|spir"	"spir;FBtr0304344;spir-PH;spir-PI;spir-PD;spir-PG;spir-PJ;spir-PA;spir-PB;spir-PE;spir-PF"	FALSE	"T"	"C"	TRUE
"2L_20321158"	21	20321158	"C"	"T"	0.490798	79.4682	17.7735	7.77988e-06	FALSE	"2L"	0.49079754601227	0.926136363636364	163	13	"C"	80	83	0	80	TRUE	"TotalSleep"	"primary"	5	TRUE	FALSE	"INTRON|spir"	"spir;FBtr0304344;spir-PH;spir-PI;spir-PD;spir-PG;spir-PJ;spir-PA;spir-PB;spir-PE;spir-PF"	FALSE	"T"	"C"	TRUE
"2L_20529112"	21	20529112	"TGTGGAC"	"T"	0.365854	-0.216992	0.0474329	4.76885e-06	FALSE	"2L"	0.365853658536585	0.931818181818182	164	12	"TGTGGAC"	60	104	0	60	TRUE	"NightPDoze"	"primary"	4	TRUE	FALSE	"INTRAGENIC|FBtr0304344"	"FBtr0304344"	FALSE	"T"	"TGTGGAC"	TRUE
"2L_6268648"	21	6268648	"A"	"G"	0.154321	-50.4121	11.749	1.78068e-05	FALSE	"2L"	0.154320987654321	0.920454545454545	162	14	"A"	25	137	0	25	TRUE	"NightSleepChange"	"primary"	10	FALSE	FALSE	"INTRON|Ddr"	"Ddr;FBtr0304344"	FALSE	"G"	"A"	TRUE
"2L_6415893"	21	6415893	"G"	"A"	0.5	0.0479999	0.0101561	2.28762e-06	FALSE	"2L"	0.5	0.920454545454545	162	14	"G"	81	81	0	81	TRUE	"LDHarmonicR2"	"primary"	3	TRUE	FALSE	"SYNONYMOUS_CODING|Tig"	"Tig;CG13982;FBtr0304344;Tig-PA;Tig-PB"	FALSE	"A"	"G"	TRUE
"2L_663591"	21	663591	"G"	"A"	0.25625	-0.214885	0.0513366	2.8417e-05	FALSE	"2L"	0.25625	0.909090909090909	160	16	"G"	41	119	0	41	TRUE	"MovingShapePC1"	"primary"	10	FALSE	FALSE	"INTRON|ds"	"ds;FBtr0304344;ds-PA;ds-PB"	FALSE	"A"	"G"	TRUE
"2R_12665067"	22	12665067	"A"	"G"	0.345238	0.210424	0.0458251	4.39254e-06	FALSE	"2R"	0.345238095238095	0.954545454545455	168	8	"A"	58	110	0	58	TRUE	"MovingShapePC1"	"primary"	2	TRUE	FALSE	"UTR_5_PRIME|nemy"	"nemy;nemy-PA"	TRUE	"G"	"A"	TRUE
"2R_16405149"	22	16405149	"C"	"CCA"	0.402367	0.210071	0.0459732	4.89064e-06	FALSE	"2R"	0.402366863905325	0.960227272727273	169	7	"C"	68	101	0	68	TRUE	"MovingShapePC1"	"primary"	3	TRUE	FALSE	"INTRON|Sema2b"	"Sema2b;Sema2b-PA;Sema2b-PB;Sema2b-PC;Sema2b-PD"	FALSE	"CCA"	"C"	TRUE
"2R_16679757"	22	16679757	"G"	"A"	0.445122	0.0432553	0.010255	2.46497e-05	FALSE	"2R"	0.445121951219512	0.931818181818182	164	12	"G"	73	91	0	73	TRUE	"LDHarmonicR2"	"primary"	10	FALSE	FALSE	"INTRON|Pgant9"	"Pgant9;Pgant9-PE;Pgant9-PA;Pgant9-PB;Pgant9-PC;Pgant9-PD"	FALSE	"A"	"G"	TRUE
"2R_18433628"	22	18433628	"G"	"T"	0.299401	79.4255	18.2193	1.30411e-05	FALSE	"2R"	0.29940119760479	0.948863636363636	167	9	"G"	50	117	0	50	TRUE	"TotalSleep"	"primary"	8	FALSE	FALSE	"INTRON|Ttd14"	"Ttd14;Ttd14-PB;Ttd14-PC;Ttd14-PA"	FALSE	"T"	"G"	TRUE
"2R_22391929"	22	22391929	"C"	"T"	0.409639	37.931	8.63751	1.12608e-05	FALSE	"2R"	0.409638554216867	0.943181818181818	166	10	"C"	68	98	0	68	TRUE	"NightSleepChange"	"primary"	5	FALSE	FALSE	"SYNONYMOUS_CODING|CG13506"	"CG13506;CG13506-PA;CG13506-PB"	TRUE	"T"	"C"	TRUE
"2R_23639685"	22	23639685	"A"	"G"	0.264706	-0.266868	0.0584713	5.0168e-06	FALSE	"2R"	0.264705882352941	0.965909090909091	170	6	"A"	45	125	0	45	TRUE	"NightPWake"	"primary"	5	TRUE	FALSE	"INTRON|retn"	"lncRNA:CR45153;retn;retn-PA;retn-PB;retn-PC;retn-PE"	FALSE	"G"	"A"	TRUE
"2R_24313340"	22	24313340	"A"	"T"	0.236686	0.217601	0.0505561	1.67624e-05	FALSE	"2R"	0.236686390532544	0.960227272727273	169	7	"A"	40	129	0	40	TRUE	"MovingShapePC1"	"primary"	6	FALSE	FALSE	"DOWNSTREAM|betaTub60D"	"betaTub60D;unassigned"	FALSE	"T"	"A"	TRUE
"2R_5727338"	22	5727338	"A"	"G"	0.128655	0.334557	0.0753491	8.99195e-06	FALSE	"2R"	0.128654970760234	0.971590909090909	171	5	"A"	22	149	0	22	TRUE	"NightPWake"	"primary"	8	TRUE	FALSE	"INTRON|ap"	"ap"	FALSE	"G"	"A"	TRUE
"2R_6256391"	22	6256391	"C"	"A"	0.185629	-54.6641	11.2016	1.06078e-06	FALSE	"2R"	0.18562874251497	0.948863636363636	167	9	"C"	31	136	0	31	TRUE	"NightSleepChange"	"primary"	2	TRUE	FALSE	"INTERGENIC|unassigned"	"unassigned"	FALSE	"A"	"C"	TRUE
"2R_7202244"	22	7202244	"T"	"C"	0.207101	-44.3595	10.2881	1.61993e-05	FALSE	"2R"	0.207100591715976	0.960227272727273	169	7	"T"	35	134	0	35	TRUE	"NightSleepChange"	"primary"	8	FALSE	FALSE	"INTRON|pk"	"pk;pk-PA;pk-PB;pk-PC"	FALSE	"C"	"T"	TRUE
"2R_7954848"	22	7954848	"T"	"A"	0.179012	-0.311352	0.0709548	1.14377e-05	FALSE	"2R"	0.179012345679012	0.920454545454545	162	14	"T"	29	133	0	29	TRUE	"NightPWake"	"primary"	9	FALSE	FALSE	"INTRON|CG14764"	"CG14764"	FALSE	"A"	"T"	TRUE
"3L_12509851"	31	12509851	"G"	"T"	0.421687	-39.0974	8.95124	1.25493e-05	FALSE	"3L"	0.421686746987952	0.943181818181818	166	10	"G"	70	96	0	70	TRUE	"NightSleepChange"	"primary"	7	FALSE	FALSE	"SYNONYMOUS_CODING|sti"	"sti;sti-PA;sti-PB"	TRUE	"T"	"G"	TRUE
"3L_1311540"	31	1311540	"C"	"T"	0.267442	-0.219883	0.0509793	1.60927e-05	FALSE	"3L"	0.267441860465116	0.977272727272727	172	4	"C"	46	126	0	46	TRUE	"NightPDoze"	"primary"	8	FALSE	FALSE	"SYNONYMOUS_CODING|Ctr9"	"Ctr9;sturkopf;Ctr9-PB;Ctr9-PA"	TRUE	"T"	"C"	TRUE
"3L_1820086"	31	1820086	"C"	"A"	0.420118	0.185867	0.0440449	2.44357e-05	FALSE	"3L"	0.420118343195266	0.960227272727273	169	7	"C"	71	98	0	71	TRUE	"MovingShapePC1"	"primary"	9	FALSE	FALSE	"INTRON|GV1"	"GV1;GV1-PB;GV1-PA"	FALSE	"A"	"C"	TRUE
"3L_18862904"	31	18862904	"A"	"T"	0.263473	0.238467	0.052506	5.57965e-06	FALSE	"3L"	0.263473053892216	0.948863636363636	167	9	"A"	44	123	0	44	TRUE	"NightPDoze"	"primary"	5	TRUE	FALSE	"UPSTREAM|CG6865"	"CG6865;asRNA:CR45912"	FALSE	"T"	"A"	TRUE
"3L_1888560"	31	1888560	"A"	"G"	0.159091	-52.9579	11.6962	5.9602e-06	FALSE	"3L"	0.159090909090909	1	176	0	"A"	28	148	0	28	TRUE	"NightSleepChange"	"primary"	4	TRUE	FALSE	"INTRON|Tmhs"	"Tmhs"	FALSE	"G"	"A"	TRUE
"3L_2125773"	31	2125773	"G"	"A"	0.366279	-0.23649	0.0542598	1.30969e-05	FALSE	"3L"	0.366279069767442	0.977272727272727	172	4	"G"	63	109	0	63	TRUE	"NightPWake"	"primary"	10	FALSE	FALSE	"SYNONYMOUS_CODING|zormin"	"zormin;zormin-PK;zormin-PE;zormin-PF;zormin-PG;zormin-PI;zormin-PJ"	FALSE	"A"	"G"	TRUE
"3L_2547295"	31	2547295	"CCA"	"C"	0.476471	0.219922	0.0446847	8.5825e-07	FALSE	"3L"	0.476470588235294	0.965909090909091	170	6	"CCA"	81	89	0	81	TRUE	"NightPDoze"	"primary"	1	TRUE	FALSE	"INTRON|Spn"	"Spn"	FALSE	"C"	"CCA"	TRUE
"3L_3724365"	31	3724365	"A"	"G"	0.47619	-0.25602	0.052044	8.6859e-07	FALSE	"3L"	0.476190476190476	0.954545454545455	168	8	"A"	80	88	0	80	TRUE	"NightPWake"	"primary"	1	TRUE	FALSE	"INTRON|CG32264"	"CG32264;CG32264-PB;CG32264-PJ;CG32264-PD;CG32264-PE;CG32264-PL;CG32264-PI;CG32264-PM;CG32264-PK"	FALSE	"G"	"A"	TRUE
"3L_3724365"	31	3724365	"A"	"G"	0.47619	78.9229	17.3421	5.34047e-06	FALSE	"3L"	0.476190476190476	0.954545454545455	168	8	"A"	80	88	0	80	TRUE	"TotalSleep"	"primary"	1	TRUE	FALSE	"INTRON|CG32264"	"CG32264;CG32264-PB;CG32264-PJ;CG32264-PD;CG32264-PE;CG32264-PL;CG32264-PI;CG32264-PM;CG32264-PK"	FALSE	"G"	"A"	TRUE
"3L_4047811"	31	4047811	"T"	"G"	0.270588	0.280094	0.0597554	2.7678e-06	FALSE	"3L"	0.270588235294118	0.965909090909091	170	6	"T"	46	124	0	46	TRUE	"NightPWake"	"primary"	3	TRUE	FALSE	"INTRON|CG1136"	"Dpy-30L2;CG1136;CG1136-PA"	FALSE	"G"	"T"	TRUE
"3L_4047811"	31	4047811	"T"	"G"	0.270588	-88.8618	19.8573	7.6401e-06	FALSE	"3L"	0.270588235294118	0.965909090909091	170	6	"T"	46	124	0	46	TRUE	"TotalSleep"	"primary"	3	TRUE	FALSE	"INTRON|CG1136"	"Dpy-30L2;CG1136;CG1136-PA"	FALSE	"G"	"T"	TRUE
"3L_6298090"	31	6298090	"T"	"G"	0.185629	-0.265241	0.0577886	4.43577e-06	FALSE	"3L"	0.18562874251497	0.948863636363636	167	9	"T"	31	136	0	31	TRUE	"NightPDoze"	"primary"	3	TRUE	FALSE	"INTERGENIC|unassigned"	"unassigned"	FALSE	"G"	"T"	TRUE
"3L_7668543"	31	7668543	"T"	"A"	0.178161	0.257057	0.0597268	1.67832e-05	FALSE	"3L"	0.17816091954023	0.988636363636364	174	2	"T"	31	143	0	31	TRUE	"NightPDoze"	"primary"	9	FALSE	FALSE	"SYNONYMOUS_CODING|Ank2"	"Ank2;CG32373;CG44195;Ank2-PG;Ank2-PY;Ank2-PS;Ank2-PT;Ank2-PL;Ank2-PF;Ank2-PJ;Ank2-PU;Ank2-PP;Ank2-PQ;Ank2-PR;Ank2-PK;Ank2-PV;Ank2-PZ;Ank2-PAA"	FALSE	"A"	"T"	TRUE
"3R_13161784"	32	13161784	"T"	"G"	0.4	-77.8497	17.995	1.51706e-05	FALSE	"3R"	0.4	0.909090909090909	160	16	"T"	64	96	0	64	TRUE	"TotalSleep"	"primary"	9	FALSE	FALSE	"INTRON|timeout"	"timeout;timeout-PA"	FALSE	"G"	"T"	TRUE
"3R_13899553"	32	13899553	"A"	"T"	0.196532	-0.252816	0.0558357	5.95833e-06	FALSE	"3R"	0.196531791907514	0.982954545454545	173	3	"A"	34	139	0	34	TRUE	"NightPDoze"	"primary"	6	TRUE	FALSE	"INTERGENIC|unassigned"	"unassigned"	FALSE	"T"	"A"	TRUE
"3R_15397393"	32	15397393	"C"	"T"	0.150943	0.343148	0.0767556	7.7981e-06	FALSE	"3R"	0.150943396226415	0.903409090909091	159	17	"C"	24	135	0	24	TRUE	"NightPWake"	"primary"	6	TRUE	FALSE	"INTRON|Rbp"	"Rbp;Rbp-PF;Rbp-PG;Rbp-PL;Rbp-PO;Rbp-PI;Rbp-PJ;Rbp-PK;Rbp-PM;Rbp-PN"	FALSE	"T"	"C"	TRUE
"3R_16911341"	32	16911341	"C"	"T"	0.343373	-85.3541	19.4127	1.09855e-05	FALSE	"3R"	0.343373493975904	0.943181818181818	166	10	"C"	57	109	0	57	TRUE	"TotalSleep"	"primary"	7	FALSE	FALSE	"INTRON|lncRNA:iab8"	"lncRNA:iab8"	FALSE	"T"	"C"	TRUE
"3R_19299344"	32	19299344	"A"	"T"	0.478788	0.200445	0.0472723	2.23302e-05	FALSE	"3R"	0.478787878787879	0.9375	165	11	"A"	79	86	0	79	TRUE	"MovingShapePC1"	"primary"	8	FALSE	FALSE	"INTERGENIC|unassigned"	"unassigned"	FALSE	"T"	"A"	TRUE
"3R_21998760"	32	21998760	"G"	"A"	0.105882	-63.802	13.4952	2.27025e-06	FALSE	"3R"	0.105882352941176	0.965909090909091	170	6	"G"	18	152	0	18	TRUE	"NightSleepChange"	"primary"	3	TRUE	FALSE	"INTRON|Eip93F"	"Eip93F;Eip93F-PB;Eip93F-PA;Eip93F-PC"	FALSE	"A"	"G"	TRUE
"3R_22569326"	32	22569326	"C"	"T"	0.14375	0.269418	0.0618932	1.34316e-05	FALSE	"3R"	0.14375	0.909090909090909	160	16	"C"	23	137	0	23	TRUE	"MovingShapePC1"	"primary"	5	FALSE	FALSE	"UPSTREAM|CG33110"	"CG33110;unassigned"	FALSE	"T"	"C"	TRUE
"3R_22697510"	32	22697510	"T"	"C"	0.12963	-61.7445	14.1081	1.20592e-05	FALSE	"3R"	0.12962962962963	0.920454545454545	162	14	"T"	21	141	0	21	TRUE	"NightSleepChange"	"primary"	6	FALSE	FALSE	"SYNONYMOUS_CODING|cd"	"cd;Cyp6d4;cd-PA"	FALSE	"C"	"T"	TRUE
"3R_22770259"	32	22770259	"AC"	"A"	0.145349	0.0578724	0.0134299	1.63828e-05	FALSE	"3R"	0.145348837209302	0.977272727272727	172	4	"AC"	25	147	0	25	TRUE	"LDHarmonicR2"	"primary"	7	FALSE	FALSE	"INTRON|Usp12-46; INTRON|CG43093; INTRON|CG7029"	"CG43092;CG43094;CG43095;Usp12-46;CG43093;CG7029;CG43093-PA"	TRUE	"A"	"AC"	TRUE
"3R_23828086"	32	23828086	"CA"	"C"	0.17284	0.0783384	0.018328	1.91787e-05	FALSE	"3R"	0.17283950617284	0.920454545454545	162	14	"CA"	28	134	0	28	TRUE	"LDHarmonicR2"	"primary"	8	FALSE	FALSE	"INTRON|CG34355"	"EXON_3R_23827870_23828033;CG34355;CG34355-PB;CG34355-PE;CG34355-PF;CG34355-PG"	FALSE	"C"	"CA"	TRUE
"3R_23894037"	32	23894037	"G"	"A"	0.164634	-0.27453	0.0624188	1.09154e-05	FALSE	"3R"	0.164634146341463	0.931818181818182	164	12	"G"	27	137	0	27	TRUE	"NightPDoze"	"primary"	7	FALSE	FALSE	"UPSTREAM|tbrd-1"	"tbrd-1;sba;CR46402"	FALSE	"A"	"G"	TRUE
"3R_24776116"	32	24776116	"T"	"C"	0.130952	0.0688911	0.01436	1.60719e-06	FALSE	"3R"	0.130952380952381	0.954545454545455	168	8	"T"	22	146	0	22	TRUE	"LDHarmonicR2"	"primary"	1	TRUE	FALSE	"SPLICE_SITE_REGION+INTRON|CG42331"	"CG42331;CG42331-PB;CG42331-PD"	FALSE	"C"	"T"	TRUE
"3R_27043638"	32	27043638	"G"	"C"	0.219512	-0.237318	0.0533905	8.79087e-06	FALSE	"3R"	0.219512195121951	0.931818181818182	164	12	"G"	36	128	0	36	TRUE	"MovingShapePC1"	"primary"	4	TRUE	FALSE	"INTRON|RYa-R"	"RYa-R;RYa-R-PC;RYa-R-PA;RYa-R-PB"	FALSE	"C"	"G"	TRUE
"3R_27476251"	32	27476251	"T"	"C"	0.378882	-0.0525795	0.0109697	1.64172e-06	FALSE	"3R"	0.37888198757764	0.914772727272727	161	15	"T"	61	100	0	61	TRUE	"LDHarmonicR2"	"primary"	2	TRUE	FALSE	"INTERGENIC|unassigned"	"unassigned"	FALSE	"C"	"T"	TRUE
"3R_29419559"	32	29419559	"A"	"T"	0.345238	-47.5088	9.64825	8.47576e-07	FALSE	"3R"	0.345238095238095	0.954545454545455	168	8	"A"	58	110	0	58	TRUE	"NightSleepChange"	"primary"	1	TRUE	FALSE	"INTRON|Ptp99A"	"Ptp99A;Ptp99A-PF"	FALSE	"T"	"A"	TRUE
"X_10661963"	1	10661963	"T"	"C"	0.114458	-0.0702938	0.0159686	1.07261e-05	FALSE	"X"	0.114457831325301	0.943181818181818	166	10	"T"	19	147	0	19	TRUE	"LDHarmonicR2"	"primary"	5	FALSE	FALSE	"INTRON|X11Lbeta"	"EXON_X_10660955_10661843;X11Lbeta"	FALSE	"C"	"T"	TRUE
"X_11292471"	1	11292471	"G"	"C"	0.491429	-0.0428923	0.00973427	1.05141e-05	FALSE	"X"	0.491428571428572	0.994318181818182	175	1	"G"	86	89	0	86	TRUE	"LDHarmonicR2"	"primary"	4	FALSE	FALSE	"INTRON|CG44422"	"CG44422;CG44422-PF;CG44422-PE"	FALSE	"G"	"C"	TRUE
"X_17878203"	1	17878203	"A"	"T"	0.4375	-0.246154	0.0522619	2.47708e-06	FALSE	"X"	0.4375	1	176	0	"A"	77	99	0	77	TRUE	"NightPWake"	"primary"	2	TRUE	FALSE	"UTR_5_PRIME|mnb"	"mnb"	FALSE	"T"	"A"	TRUE
"X_2509888"	1	2509888	"T"	"C"	0.16185	-100.77	22.6944	8.98358e-06	FALSE	"X"	0.161849710982659	0.982954545454545	173	3	"T"	28	145	0	28	TRUE	"TotalSleep"	"primary"	6	TRUE	FALSE	"INTRON|trol"	"trol;trol-PAK;trol-PAF;trol-PAH;trol-PAI;trol-PAL;trol-PAM;trol-PAN;trol-PAO;trol-PAP;trol-PAQ;trol-PAR;trol-PAS;trol-PAT;trol-PAU;trol-PAV;trol-PAW;trol-PAY;trol-PAZ;trol-PBA;trol-PBC;trol-PAG;trol-PAX"	FALSE	"C"	"T"	TRUE
"X_3550652"	1	3550652	"C"	"T"	0.251462	0.0503965	0.0116376	1.48788e-05	FALSE	"X"	0.251461988304094	0.971590909090909	171	5	"C"	43	128	0	43	TRUE	"LDHarmonicR2"	"primary"	6	FALSE	FALSE	"INTRON|DIP-alpha"	"DIP-alpha"	FALSE	"T"	"C"	TRUE
"X_8318357"	1	8318357	"C"	"A"	0.25	-0.244921	0.050092	1.01135e-06	FALSE	"X"	0.25	0.909090909090909	160	16	"C"	40	120	0	40	TRUE	"MovingShapePC1"	"primary"	1	TRUE	FALSE	"INTRON|nAChRalpha3"	"nAChRalpha3;nAChRalpha3-PB;nAChRalpha3-PC"	FALSE	"A"	"C"	TRUE
"X_9393204"	1	9393204	"C"	"G"	0.149425	0.317946	0.0711753	7.92928e-06	FALSE	"X"	0.149425287356322	0.988636363636364	174	2	"C"	26	148	0	26	TRUE	"NightPWake"	"primary"	7	TRUE	FALSE	"INTRON|mgl"	"mgl;mgl-PA;mgl-PC;mgl-PD;mgl-PE"	FALSE	"G"	"C"	TRUE
