phenotype	family	repeatability_rho	selected_replicates	selection_frequency	rank_median	rank_q025	rank_q975	rho_q025	rho_q975	in_frozen_QA_pool	in_original_discovery_panel	frozen_primary_GWAS
"DarkSleep__D6_D1"	"sleep_amount_allocation"	0.564196108382961	500	1	34	10	49	0.337639689279613	0.721173543917852	TRUE	TRUE	TRUE
"TwoHarmonicR2__State_D2_D6"	"LD_profile"	0.652530540401513	318	0.636	19	5	44	0.467515232026879	0.772879753785024	TRUE	TRUE	TRUE
"PDozeDark__State_D2_D6"	"sleep_architecture"	0.715902157414089	304	0.608	12	1	36	0.553837083454498	0.817810787829128	TRUE	TRUE	TRUE
"ActivityLight__State_D2_D6"	"activity"	0.586788629977359	250	0.5	30	9	50	0.372652443674678	0.744261117618534	TRUE	TRUE	FALSE
"WakingActivityDark__State_D2_D6"	"sleep_architecture"	0.68416871116731	218	0.436	15	3	40.525	0.505843607826084	0.774139852230183	TRUE	FALSE	FALSE
"PCA_moving_raw_PC1"	"profile_PCA"	0.822520987230945	204	0.408	2	1	10	0.687745323595794	0.878680452727105	TRUE	TRUE	FALSE
"LightSleep__State_D2_D6"	"sleep_amount_allocation"	0.72417835446936	198	0.396	9	2	30	0.55623556569272	0.829142964314008	TRUE	TRUE	FALSE
"Harmonic24Amplitude__State_D2_D6"	"LD_profile"	0.612620683139179	189	0.378	24	9	46.525	0.437016780274851	0.751496334339345	TRUE	TRUE	FALSE
"DarkCoreMoving__D6_D1"	"LD_transition"	0.536617927916342	165	0.33	37	14	50	0.315545269381886	0.699409750071488	TRUE	FALSE	FALSE
"PCA_sleep_raw_PC1"	"profile_PCA"	0.816176702161536	151	0.302	2	1	8	0.687158656641315	0.882116447605833	TRUE	FALSE	FALSE
"LongestBoutDark__State_D2_D6"	"sleep_architecture"	0.664004843072552	143	0.286	17	3	45	0.449379753812197	0.807123391961381	TRUE	FALSE	FALSE
"EveningPeakAmplitude__State_D2_D6"	"LD_profile"	0.595999653558765	142	0.284	27	6	50	0.357029457357791	0.75086002524442	TRUE	FALSE	FALSE
"PCA_moving_raw_PC2"	"profile_PCA"	0.571262103307217	126	0.252	32	10	49.525	0.345293810041738	0.725764418635115	TRUE	FALSE	FALSE
"Harmonic12Amplitude__State_D2_D6"	"LD_profile"	0.599809636454619	124	0.248	28	7.475	50	0.392521367911826	0.740983021447658	TRUE	FALSE	FALSE
"ActivityDark__State_D2_D6"	"activity"	0.707274057018081	118	0.236	13	4	32	0.556674686284719	0.819006040840367	TRUE	FALSE	FALSE
"ActivityDark__Late2_Early2"	"activity"	0.500047240953357	117	0.234	43	18	51	0.289996295900622	0.655990501827445	TRUE	FALSE	FALSE
"TotalSleep__State_D2_D6"	"sleep_amount_allocation"	0.810983696622097	115	0.23	3	1	9	0.682284815762442	0.886439234438028	TRUE	FALSE	TRUE
"PWakeDark__State_D2_D6"	"sleep_architecture"	0.71250905451606	114	0.228	11	4	36	0.5095710847603	0.829034261394647	TRUE	TRUE	TRUE
"PWakeLight__State_D2_D6"	"sleep_architecture"	0.709856562468287	113	0.226	11	1.475	30	0.529841280555195	0.815778056244553	TRUE	FALSE	FALSE
"DarkCoreMoving__Late2_Early2"	"LD_transition"	0.520173534653128	109	0.218	42	16	51	0.271885555733729	0.694778990174768	TRUE	FALSE	FALSE
"MovingLight__State_D2_D6"	"activity"	0.69774351105236	105	0.21	12	3	35	0.520410461299365	0.812345368447237	TRUE	FALSE	FALSE
"MovingLight__D6_D1"	"activity"	0.588277526869194	103	0.206	31	7	49	0.383938957999857	0.7504033121943	TRUE	TRUE	FALSE
"PCA_moving_centered_shape_PC1"	"profile_PCA"	0.578404235588885	102	0.204	32	11	48	0.374054079797233	0.703971706538226	TRUE	TRUE	TRUE
"SiestaMoving__D6_D1"	"LD_transition"	0.571878826848537	102	0.204	32.5	10.475	49	0.381745612434318	0.719955808721474	TRUE	FALSE	FALSE
"PCA_sleep_raw_PC3"	"profile_PCA"	0.554349842005256	99	0.198	35	11.475	51	0.30799713970931	0.723349360031741	TRUE	FALSE	FALSE
"LightSleep__Late2_Early2"	"sleep_amount_allocation"	0.629659699055553	93	0.186	24	7	43.525	0.443181917343341	0.756644239545403	TRUE	FALSE	FALSE
"LDIntradailyVariability__State_D2_D6"	"LD_profile"	0.595505460704275	86	0.172	29	10	48.525	0.418227898782338	0.725156660730046	TRUE	FALSE	FALSE
"SiestaMoving__State_D2_D6"	"LD_transition"	0.687089583446336	82	0.164	14	4	36	0.519948272550009	0.806187234545994	TRUE	FALSE	FALSE
"PCA_moving_change_PC2"	"profile_PCA"	0.524652889091574	79	0.158	40	18.475	51	0.329658710226841	0.649815590401758	TRUE	FALSE	FALSE
"PCA_sleep_centered_shape_PC2"	"profile_PCA"	0.542291151244537	75	0.15	36	12	51	0.30188795583519	0.715535621152275	TRUE	FALSE	FALSE
"LightSleep__D6_D1"	"sleep_amount_allocation"	0.618830646290237	54	0.108	26	8.475	42.525	0.448184148036818	0.742051661112648	TRUE	FALSE	FALSE
"Harmonic12Amplitude__Late2_Early2"	"LD_profile"	0.525519819750667	52	0.104	39	16.475	51	0.325852383555796	0.63911216361404	TRUE	FALSE	FALSE
"FragmentationDark__State_D2_D6"	"sleep_architecture"	0.636034699355073	50	0.1	21	6	48	0.411726209880593	0.794467304114353	TRUE	FALSE	FALSE
"FragmentationLight__State_D2_D6"	"sleep_architecture"	0.593717303136449	49	0.098	28	8	49	0.372171501989575	0.759344586124841	TRUE	FALSE	FALSE
"LDInterdailyStability__State_D2_D6"	"LD_profile"	0.533493835930419	26	0.052	39	13	51	0.31550706203005	0.703391538882535	TRUE	FALSE	FALSE
"MovingLight__Late2_Early2"	"activity"	0.560863035706061	25	0.05	36	13	50	0.373392568689727	0.705813429738481	TRUE	FALSE	FALSE
"SiestaMoving__Late2_Early2"	"LD_transition"	0.543462063322475	22	0.044	38	15	51	0.343285044742328	0.693992754685849	TRUE	FALSE	FALSE
"LD24hLagCorrelation__State_D2_D6"	"LD_profile"	0.533399354023704	22	0.044	38	12	51	0.322042979798086	0.726549766536868	TRUE	FALSE	FALSE
"PCA_sleep_raw_PC2"	"profile_PCA"	0.531068800324738	19	0.038	39	13	51	0.276546148820472	0.702912194176613	TRUE	FALSE	FALSE
"MovingDark__State_D2_D6"	"activity"	0.776983137589397	16	0.032	5	2	19	0.630572064107408	0.857554118458172	TRUE	FALSE	FALSE
"DarkCoreMoving__State_D2_D6"	"LD_transition"	0.734056829912691	10	0.02	9	2.475	26.525	0.57402811781854	0.822461199757573	TRUE	FALSE	FALSE
"DarkSleep__State_D2_D6"	"sleep_amount_allocation"	0.758764163686373	4	0.008	7	2.475	25	0.595161548556664	0.848889640671166	TRUE	FALSE	FALSE
"PCA_sleep_centered_shape_PC1"	"profile_PCA"	0.513663133509933	4	0.008	41	18	51	0.284161992385794	0.671576233080455	TRUE	FALSE	FALSE
"PWakeLight__D6_D1"	"sleep_architecture"	0.527596841121411	3	0.006	40	15	51	0.293554898156427	0.679933234856942	TRUE	FALSE	FALSE
"TotalSleep__Late2_Early2"	"sleep_amount_allocation"	0.612763978380526	0	0	26	6.475	44	0.398505105471478	0.751880420625111	TRUE	FALSE	FALSE
"PCA_sleep_change_PC1"	"profile_PCA"	0.591587160395718	0	0	30	8	46	0.398431518178749	0.731713886135985	TRUE	FALSE	FALSE
"PCA_moving_change_PC1"	"profile_PCA"	0.588151947659061	0	0	29	6	50	0.327904146199526	0.74105890798179	TRUE	FALSE	FALSE
"TotalSleep__D6_D1"	"sleep_amount_allocation"	0.577548876974247	0	0	31	9	48	0.370909073225442	0.740376756974492	TRUE	FALSE	FALSE
"MovingDark__D6_D1"	"activity"	0.559500636452314	0	0	35	11	50	0.327553444035122	0.710082280770611	TRUE	FALSE	FALSE
"MovingDark__Late2_Early2"	"activity"	0.547840943985009	0	0	37	17	50	0.309375091654293	0.688862628560727	TRUE	FALSE	FALSE
"DarkSleep__Late2_Early2"	"sleep_amount_allocation"	0.529979747256256	0	0	40	15.475	50	0.318350080924757	0.6821081142327	TRUE	FALSE	FALSE
