model	resampling	metric	n_valid	median	q025	q975
"moving_raw"	"DGRP_line_bootstrap_frozen_batch"	"PC1_loading_cosine"	500	0.995738827585975	0.981471150402785	0.998802132330501
"moving_centered_shape"	"DGRP_line_bootstrap_frozen_batch"	"PC1_loading_cosine"	500	0.98712491722162	0.915919039505598	0.997669205957765
"moving_raw"	"within_cell_whole_fly_refit_batch_and_PCA"	"PC1_loading_cosine"	200	0.999562349310058	0.997995194608239	0.999880496773607
"moving_centered_shape"	"within_cell_whole_fly_refit_batch_and_PCA"	"PC1_loading_cosine"	200	0.997039552504623	0.982929700923935	0.999243205232479
"moving_raw"	"DGRP_line_bootstrap_frozen_batch"	"frozen_PC2_to_new_PC1_abs_cosine"	500	0.0476109054274419	0.00490595694686206	0.166843217842736
"moving_centered_shape"	"DGRP_line_bootstrap_frozen_batch"	"frozen_PC2_to_new_PC1_abs_cosine"	500	0.100610134429098	0.00458253419421445	0.372594723557955
"moving_raw"	"within_cell_whole_fly_refit_batch_and_PCA"	"frozen_PC2_to_new_PC1_abs_cosine"	200	0.014118095014798	0.000812939902557815	0.0554314748157277
"moving_centered_shape"	"within_cell_whole_fly_refit_batch_and_PCA"	"frozen_PC2_to_new_PC1_abs_cosine"	200	0.0458841380120285	0.00216981202815254	0.163275811860436
"moving_raw"	"DGRP_line_bootstrap_frozen_batch"	"PC1_best_matching_frozen_axis"	500	1	1	1
"moving_centered_shape"	"DGRP_line_bootstrap_frozen_batch"	"PC1_best_matching_frozen_axis"	500	1	1	1
"moving_raw"	"within_cell_whole_fly_refit_batch_and_PCA"	"PC1_best_matching_frozen_axis"	200	1	1	1
"moving_centered_shape"	"within_cell_whole_fly_refit_batch_and_PCA"	"PC1_best_matching_frozen_axis"	200	1	1	1
"moving_raw"	"DGRP_line_bootstrap_frozen_batch"	"PC1_fixed_profile_score_rho"	500	0.998426150121065	0.990628219238389	0.999623816861105
"moving_centered_shape"	"DGRP_line_bootstrap_frozen_batch"	"PC1_fixed_profile_score_rho"	500	0.99369029275809	0.94764142637024	0.999376458287475
"moving_raw"	"within_cell_whole_fly_refit_batch_and_PCA"	"PC1_fixed_profile_score_rho"	200	0.999744662117543	0.998777624917455	0.999953775038521
"moving_centered_shape"	"within_cell_whole_fly_refit_batch_and_PCA"	"PC1_fixed_profile_score_rho"	200	0.998286374642307	0.989126238168611	0.99964852520361
"moving_raw"	"DGRP_line_bootstrap_frozen_batch"	"PC1_perturbed_profile_score_rho"	0	NA	NA	NA
"moving_centered_shape"	"DGRP_line_bootstrap_frozen_batch"	"PC1_perturbed_profile_score_rho"	0	NA	NA	NA
"moving_raw"	"within_cell_whole_fly_refit_batch_and_PCA"	"PC1_perturbed_profile_score_rho"	200	0.980009905348888	0.969043418445961	0.985748073959938
"moving_centered_shape"	"within_cell_whole_fly_refit_batch_and_PCA"	"PC1_perturbed_profile_score_rho"	200	0.980233325996038	0.963571923838873	0.987329297820823
"moving_raw"	"DGRP_line_bootstrap_frozen_batch"	"PC1_out_of_bag_score_rho"	500	0.997665426751631	0.989351284492048	0.999442867983899
"moving_centered_shape"	"DGRP_line_bootstrap_frozen_batch"	"PC1_out_of_bag_score_rho"	500	0.9918790550847	0.948717912445192	0.99880277755607
"moving_raw"	"within_cell_whole_fly_refit_batch_and_PCA"	"PC1_out_of_bag_score_rho"	0	NA	NA	NA
"moving_centered_shape"	"within_cell_whole_fly_refit_batch_and_PCA"	"PC1_out_of_bag_score_rho"	0	NA	NA	NA
"moving_raw"	"DGRP_line_bootstrap_frozen_batch"	"n_out_of_bag"	500	64	57	72.525
"moving_centered_shape"	"DGRP_line_bootstrap_frozen_batch"	"n_out_of_bag"	500	64	57	72.525
"moving_raw"	"within_cell_whole_fly_refit_batch_and_PCA"	"n_out_of_bag"	200	0	0	0
"moving_centered_shape"	"within_cell_whole_fly_refit_batch_and_PCA"	"n_out_of_bag"	200	0	0	0
"moving_raw"	"DGRP_line_bootstrap_frozen_batch"	"first2_subspace_min_cosine"	500	0.986409980326799	0.908049569556549	0.996767738473285
"moving_centered_shape"	"DGRP_line_bootstrap_frozen_batch"	"first2_subspace_min_cosine"	500	0.983976401681294	0.912425154587549	0.995506440443918
"moving_raw"	"within_cell_whole_fly_refit_batch_and_PCA"	"first2_subspace_min_cosine"	200	0.996170660689567	0.973643474678808	0.999016232602355
"moving_centered_shape"	"within_cell_whole_fly_refit_batch_and_PCA"	"first2_subspace_min_cosine"	200	0.996494507223175	0.982179047255792	0.998992457207891
"moving_raw"	"DGRP_line_bootstrap_frozen_batch"	"first3_subspace_min_cosine"	500	0.980954340236183	0.901776119516583	0.994885683631203
"moving_centered_shape"	"DGRP_line_bootstrap_frozen_batch"	"first3_subspace_min_cosine"	500	0.974231438670531	0.841357416518747	0.992154316657007
"moving_raw"	"within_cell_whole_fly_refit_batch_and_PCA"	"first3_subspace_min_cosine"	200	0.99578704602307	0.969638165492248	0.998940199124498
"moving_centered_shape"	"within_cell_whole_fly_refit_batch_and_PCA"	"first3_subspace_min_cosine"	200	0.992595870434999	0.965980388490244	0.997684310699788
"moving_raw"	"DGRP_line_bootstrap_frozen_batch"	"variance_fraction_PC1"	500	0.49027918002092	0.420219346490957	0.54678752771935
"moving_centered_shape"	"DGRP_line_bootstrap_frozen_batch"	"variance_fraction_PC1"	500	0.37102705631597	0.316303413142178	0.427464067794895
"moving_raw"	"within_cell_whole_fly_refit_batch_and_PCA"	"variance_fraction_PC1"	200	0.480302985556285	0.460850635076936	0.497480403628522
"moving_centered_shape"	"within_cell_whole_fly_refit_batch_and_PCA"	"variance_fraction_PC1"	200	0.354876439122718	0.334980842903537	0.387643466356432
"moving_raw"	"DGRP_line_bootstrap_frozen_batch"	"variance_fraction_PC2"	500	0.185246342743772	0.149464535852071	0.22828731015496
"moving_centered_shape"	"DGRP_line_bootstrap_frozen_batch"	"variance_fraction_PC2"	500	0.217716380574872	0.179708081582885	0.255422749079535
"moving_raw"	"within_cell_whole_fly_refit_batch_and_PCA"	"variance_fraction_PC2"	200	0.180375206565131	0.166231336661216	0.205924154451086
"moving_centered_shape"	"within_cell_whole_fly_refit_batch_and_PCA"	"variance_fraction_PC2"	200	0.211738102243332	0.200104081377202	0.223684481476335
"moving_raw"	"DGRP_line_bootstrap_frozen_batch"	"variance_fraction_PC3"	500	0.110667250197158	0.0893035729936488	0.138547555410406
"moving_centered_shape"	"DGRP_line_bootstrap_frozen_batch"	"variance_fraction_PC3"	500	0.133270096277796	0.106283257388762	0.163680704610264
"moving_raw"	"within_cell_whole_fly_refit_batch_and_PCA"	"variance_fraction_PC3"	200	0.110117384560519	0.10286083384505	0.117558332321567
"moving_centered_shape"	"within_cell_whole_fly_refit_batch_and_PCA"	"variance_fraction_PC3"	200	0.132671961098686	0.11932689482246	0.145460231146084
"moving_raw"	"DGRP_line_bootstrap_frozen_batch"	"variance_gap_PC1_PC2"	500	0.305393302361207	0.20554294124253	0.388496903893227
"moving_centered_shape"	"DGRP_line_bootstrap_frozen_batch"	"variance_gap_PC1_PC2"	500	0.154388092162002	0.0719648649373245	0.235722274064935
"moving_raw"	"within_cell_whole_fly_refit_batch_and_PCA"	"variance_gap_PC1_PC2"	200	0.299660337801834	0.257380750901572	0.329865751178313
"moving_centered_shape"	"within_cell_whole_fly_refit_batch_and_PCA"	"variance_gap_PC1_PC2"	200	0.142495558649315	0.116708907421077	0.184470589537602
