phenotype	eligible_lines	eligible_line_batches	valid_fly_fraction	repeated_lines	batch_pairs	repeatability_rho	rho_ci_low	rho_ci_high	traditional_pair_rho	max_LOO_rho_change	raw_batchFE_rho	batchFE_available	CS_batches	CS_sd_vs_DGRP_sd	conditional_line_variance_fraction	mixed_model_singular	min8_min16_line_rho	min16_lines	raw_sd	metric	contrast	family	unit	definition	aggregation	eligibility	selection_class	review_status
"PCA_moving_raw_PC1"	176	256	1	67	95	0.822520987230945	0.706606201754281	0.879361064756451	0.82086433666291	0.0252297340824547	0.955487563284173	TRUE	22	0.48763389456228	0.872662589124909	FALSE	0.985957048361154	173	0.850553627455333	"PCA_moving_raw_PC1"	"State_D2_D6"	"profile_PCA"	"PC score"	"PC 1 of moving raw 48-bin profiles; basis trained on equal-weight batch-adjusted DGRP line means"	"Per-fly projection; mean score per line-batch (linear projection); batch-adjusted line score"	"All bins valid for required days; >=8 flies per line-batch"	"PCA_discovery"	"priority candidate"
"PCA_sleep_raw_PC1"	176	256	1	67	95	0.816176702161536	0.692588872015713	0.886938144466795	0.81847740111017	0.0243532092038347	0.951030156284394	TRUE	22	0.583407224919389	0.861840353975849	FALSE	0.985748455252143	173	1.00316152644108	"PCA_sleep_raw_PC1"	"State_D2_D6"	"profile_PCA"	"PC score"	"PC 1 of sleep raw 48-bin profiles; basis trained on equal-weight batch-adjusted DGRP line means"	"Per-fly projection; mean score per line-batch (linear projection); batch-adjusted line score"	"All bins valid for required days; >=8 flies per line-batch"	"PCA_discovery"	"priority candidate"
"TotalSleep__State_D2_D6"	176	256	1	67	95	0.810983696622097	0.686191543103938	0.882066036163116	0.810511616186363	0.0243590796330336	0.953659425115507	TRUE	22	0.577734100395516	0.86097638780608	FALSE	0.987634448788381	173	214.550470317489	"TotalSleep"	"State_D2_D6"	"sleep_amount_allocation"	"minutes"	"24-hour sleep minutes; window coverage >=95%"	"Strict within-fly contrast of daily values; all specified days valid"	"finite values and >=8 flies per line-batch"	"continuous"	"priority candidate"
"MovingDark__State_D2_D6"	176	256	1	67	95	0.776983137589397	0.623003341536971	0.876294402903784	0.774014601605757	0.0296011849110197	0.941286012154012	TRUE	22	0.49202945393379	0.815604207649923	FALSE	0.986930467724235	173	0.144694803977652	"MovingDark"	"State_D2_D6"	"activity"	"dimensionless"	"Fraction of observed minutes with >=1 beam crossing, ZT8-24"	"Strict within-fly contrast of daily values; all specified days valid"	"finite values and >=8 flies per line-batch"	"continuous"	"priority candidate"
"DarkSleep__State_D2_D6"	176	256	1	67	95	0.758764163686373	0.571139144642919	0.860334933332787	0.768105644863978	0.042124338190038	0.942639098921718	TRUE	22	0.554678474350751	0.811754637243929	FALSE	0.985609326472906	173	165.294625120971	"DarkSleep"	"State_D2_D6"	"sleep_amount_allocation"	"minutes"	"ZT8-24 sleep minutes"	"Strict within-fly contrast of daily values; all specified days valid"	"finite values and >=8 flies per line-batch"	"continuous"	"priority candidate"
"DarkCoreMoving__State_D2_D6"	176	256	1	67	95	0.734056829912691	0.568539249647193	0.814393414054637	0.737101476671497	0.0427023604917606	0.939624047366536	TRUE	22	0.435835698832646	0.84617754138918	FALSE	0.987297222285159	173	0.150697193927136	"DarkCoreMoving"	"State_D2_D6"	"LD_transition"	"dimensionless"	"Moving probability ZT12-20"	"Strict within-fly contrast of daily values; all specified days valid"	"finite values and >=8 flies per line-batch"	"continuous"	"priority candidate"
"LightSleep__State_D2_D6"	176	256	1	67	95	0.72417835446936	0.543269936348945	0.822292795159075	0.732652475589616	0.0457416993246272	0.957479018511681	TRUE	22	0.75320124419275	0.796674903689594	FALSE	0.984826528052286	173	81.8632516742356	"LightSleep"	"State_D2_D6"	"sleep_amount_allocation"	"minutes"	"ZT0-8 sleep minutes"	"Strict within-fly contrast of daily values; all specified days valid"	"finite values and >=8 flies per line-batch"	"continuous"	"priority candidate"
"PDozeDark__State_D2_D6"	176	253	0.970134874759152	65	91	0.715902157414089	0.511242285065106	0.814476154491255	0.715853522562559	0.028439081949422	0.926040061633282	TRUE	22	0.276823668471568	0.772152351641665	FALSE	0.986933988726525	165	0.549223502312985	"PDozeDark"	"State_D2_D6"	"sleep_architecture"	"log odds"	"Corrected log odds of active-to-inactive transitions, ZT8-24; >=30 opportunities"	"Strict within-fly contrast of daily values; all specified days valid"	"finite values and >=8 flies per line-batch"	"continuous"	"priority candidate"
"PWakeDark__State_D2_D6"	176	256	0.998394348105331	67	95	0.71250905451606	0.536956017079442	0.832601173739961	0.705962439014147	0.0568953941067008	0.924314329738058	TRUE	22	0.700123646621836	0.795656616717914	FALSE	0.983152629895565	173	0.654561444744152	"PWakeDark"	"State_D2_D6"	"sleep_architecture"	"log odds"	"Corrected log odds of inactive-to-active transitions, ZT8-24; >=30 opportunities"	"Strict within-fly contrast of daily values; all specified days valid"	"finite values and >=8 flies per line-batch"	"continuous"	"priority candidate"
"PWakeLight__State_D2_D6"	176	256	0.998394348105331	67	95	0.709856562468287	0.544775459759608	0.796912979728604	0.758832011535688	0.0408749092208325	0.941032357473036	TRUE	22	0.641207765124991	0.776670983990915	FALSE	0.97851027436947	173	0.657552252024801	"PWakeLight"	"State_D2_D6"	"sleep_architecture"	"log odds"	"Corrected log odds of inactive-to-active transitions, ZT0-8; >=30 opportunities"	"Strict within-fly contrast of daily values; all specified days valid"	"finite values and >=8 flies per line-batch"	"continuous"	"priority candidate"
"ActivityDark__State_D2_D6"	176	256	1	67	95	0.707274057018081	0.507391047522224	0.802122405062316	0.703449506863315	0.02872230604232	0.906288795949813	TRUE	22	0.76388488548487	0.784243000384988	FALSE	0.98397309612434	173	0.197623027649449	"ActivityDark"	"State_D2_D6"	"activity"	"log1p scale"	"log1p(beam crossings per observed minute), ZT8-24"	"Strict within-fly contrast of daily values; all specified days valid"	"finite values and >=8 flies per line-batch"	"continuous"	"priority candidate"
"MovingLight__State_D2_D6"	176	256	1	67	95	0.69774351105236	0.512257720637172	0.801113748238797	0.70149833580448	0.0431150554074334	0.956631033052564	TRUE	22	0.674464155039731	0.798171586096186	FALSE	0.986609990854967	173	0.129498166953018	"MovingLight"	"State_D2_D6"	"activity"	"dimensionless"	"Fraction of observed minutes with >=1 beam crossing, ZT0-8"	"Strict within-fly contrast of daily values; all specified days valid"	"finite values and >=8 flies per line-batch"	"continuous"	"priority candidate"
"SiestaMoving__State_D2_D6"	176	256	1	67	95	0.687089583446336	0.528030659069723	0.787693642510741	0.710985734103014	0.0405782720549328	0.947986841256019	TRUE	22	0.698513303194804	0.778797384862622	FALSE	0.982307115106766	173	0.131474912329899	"SiestaMoving"	"State_D2_D6"	"LD_transition"	"dimensionless"	"Moving probability ZT2-6"	"Strict within-fly contrast of daily values; all specified days valid"	"finite values and >=8 flies per line-batch"	"continuous"	"priority candidate"
"WakingActivityDark__State_D2_D6"	176	255	0.980571612074502	67	93	0.68416871116731	0.487539613305587	0.778969569457057	0.691253935803501	0.0455052565835422	0.912022892361875	TRUE	22	0.661384078659417	0.751660208656591	FALSE	0.988915456522411	167	0.147599497631951	"WakingActivityDark"	"State_D2_D6"	"sleep_architecture"	"log1p scale"	"log1p(beam crossings per awake minute), ZT8-24; >=30 awake minutes"	"Strict within-fly contrast of daily values; all specified days valid"	"finite values and >=8 flies per line-batch"	"continuous"	"priority candidate"
"LongestBoutDark__State_D2_D6"	176	256	0.992935131663455	67	95	0.664004843072552	0.422593522971102	0.799164910953221	0.663235592638999	0.0698907649431376	0.846900726392252	TRUE	22	0.990370676719281	0.780182865041285	FALSE	0.978336446778627	173	0.607019821909389	"LongestBoutDark"	"State_D2_D6"	"sleep_architecture"	"log1p scale"	"log1p(longest sleep bout minutes), clipped to ZT8-24"	"Strict within-fly contrast of daily values; all specified days valid"	"finite values and >=8 flies per line-batch"	"continuous"	"priority candidate"
"TwoHarmonicR2__State_D2_D6"	176	256	1	67	95	0.652530540401513	0.466668449699518	0.763357139217886	0.666518504000392	0.0383383522088674	0.916169931763152	TRUE	22	0.556384404565313	0.717756392774479	FALSE	0.975416143252477	173	0.120276609275647	"TwoHarmonicR2"	"State_D2_D6"	"LD_profile"	"dimensionless"	"Variance explained by fixed 24h + 12h harmonics in daily moving profile; LD descriptive only"	"Strict within-fly contrast of daily values; all specified days valid"	"finite values and >=8 flies per line-batch"	"continuous"	"priority candidate"
"FragmentationDark__State_D2_D6"	176	256	0.976236351958895	67	95	0.636034699355073	0.392260322304064	0.80753275841162	0.630756469575321	0.0801912533845707	0.855170592119745	TRUE	22	0.941354734854012	0.711252156731187	FALSE	0.975755393956848	171	0.306759057271998	"FragmentationDark"	"State_D2_D6"	"sleep_architecture"	"log1p scale"	"log1p(bouts per sleep hour), ZT8-24; >=30 sleep minutes; bouts clipped at window boundary"	"Strict within-fly contrast of daily values; all specified days valid"	"finite values and >=8 flies per line-batch"	"continuous"	"priority candidate"
"LightSleep__Late2_Early2"	169	248	0.964675658317277	66	94	0.629659699055553	0.43879003373881	0.759059922982357	0.615501624572459	0.0360344741458323	0.909236917854306	TRUE	21	0.764078497209822	0.600931494550796	FALSE	0.979219327786271	166	48.0657818227332	"LightSleep"	"Late2_Early2"	"sleep_amount_allocation"	"minutes"	"ZT0-8 sleep minutes"	"Strict within-fly contrast of daily values; all specified days valid"	"finite values and >=8 flies per line-batch"	"continuous"	"priority candidate"
"LightSleep__D6_D1"	169	248	0.964675658317277	66	94	0.618830646290237	0.460608464695853	0.75854868976027	0.618882774349014	0.0380874058185121	0.907883720644204	TRUE	21	0.697372671930682	0.652427658709594	FALSE	0.982595212772869	166	61.4576973533387	"LightSleep"	"D6_D1"	"sleep_amount_allocation"	"minutes"	"ZT0-8 sleep minutes"	"Strict within-fly contrast of daily values; all specified days valid"	"finite values and >=8 flies per line-batch"	"continuous"	"priority candidate"
"TotalSleep__Late2_Early2"	169	248	0.964675658317277	66	94	0.612763978380526	0.403390274755886	0.738004098831748	0.616090268730466	0.0531272977291831	0.860162188280883	TRUE	21	0.783794704789555	0.763428905928054	FALSE	0.978955135291248	166	124.344898083066	"TotalSleep"	"Late2_Early2"	"sleep_amount_allocation"	"minutes"	"24-hour sleep minutes; window coverage >=95%"	"Strict within-fly contrast of daily values; all specified days valid"	"finite values and >=8 flies per line-batch"	"continuous"	"priority candidate"
"Harmonic24Amplitude__State_D2_D6"	176	256	1	67	95	0.612620683139179	0.418176429193243	0.749956076705548	0.616770847187126	0.0355018464235926	0.916585956416465	TRUE	22	0.530750175694263	0.623169033354815	FALSE	0.986295432737993	173	0.0558459737197584	"Harmonic24Amplitude"	"State_D2_D6"	"LD_profile"	"dimensionless"	"24-hour harmonic amplitude from 48-bin moving profile"	"Strict within-fly contrast of daily values; all specified days valid"	"finite values and >=8 flies per line-batch"	"continuous"	"priority candidate"
"Harmonic12Amplitude__State_D2_D6"	176	256	1	67	95	0.599809636454619	0.353619820796041	0.730606039969929	0.615174890277962	0.0538221443545131	0.916046665199208	TRUE	22	0.636397381901447	0.677084939328767	FALSE	0.973791434703404	173	0.0617359527003078	"Harmonic12Amplitude"	"State_D2_D6"	"LD_profile"	"dimensionless"	"12-hour harmonic amplitude from 48-bin moving profile"	"Strict within-fly contrast of daily values; all specified days valid"	"finite values and >=8 flies per line-batch"	"continuous"	"priority candidate"
"EveningPeakAmplitude__State_D2_D6"	176	256	1	67	95	0.595999653558765	0.359563444100107	0.753843595977196	0.623704574840921	0.0407811327248498	0.942786782885819	TRUE	22	0.451128718057202	0.561677519926659	FALSE	0.96721154743179	173	0.132579660555482	"EveningPeakAmplitude"	"State_D2_D6"	"LD_profile"	"dimensionless"	"Max-minus-min within ZT5-11"	"Strict within-fly contrast of daily values; all specified days valid"	"finite values and >=8 flies per line-batch"	"continuous"	"priority candidate"
"LDIntradailyVariability__State_D2_D6"	176	256	1	67	95	0.595505460704275	0.387130002564554	0.713084833508829	0.606677119717768	0.0362489270544856	0.904631300902487	TRUE	22	0.35166519655914	0.728412946026127	FALSE	0.977993426999365	173	0.243767865394484	"LDIntradailyVariability"	"State_D2_D6"	"LD_profile"	"dimensionless"	"Mean squared successive 30-min difference / population variance, D2-D6"	"Computed per fly over all 5 complete days"	"240 valid half-hour bins; nonconstant profile; >=8 flies per line-batch"	"continuous"	"priority candidate"
"FragmentationLight__State_D2_D6"	175	255	0.944605009633911	67	95	0.593717303136449	0.34293336835481	0.746729928141968	0.679391156438776	0.0696376143748233	0.925463502015226	TRUE	22	0.604002093776584	0.714436292933302	FALSE	0.96646551990683	167	0.301318313585336	"FragmentationLight"	"State_D2_D6"	"sleep_architecture"	"log1p scale"	"log1p(bouts per sleep hour), ZT0-8; >=30 sleep minutes; bouts clipped at window boundary"	"Strict within-fly contrast of daily values; all specified days valid"	"finite values and >=8 flies per line-batch"	"continuous"	"priority candidate"
"PCA_sleep_change_PC1"	169	248	0.964675658317277	66	94	0.591587160395718	0.390311257965675	0.734854951513036	0.590410850024567	0.0421550945623533	0.893737258216896	TRUE	21	0.785795957020899	0.782215489044702	FALSE	0.980276905116383	166	0.591308623336072	"PCA_sleep_change_PC1"	"Late2_Early2"	"profile_PCA"	"PC score"	"PC 1 of sleep change 48-bin profiles; basis trained on equal-weight batch-adjusted DGRP line means"	"Per-fly projection; mean score per line-batch (linear projection); batch-adjusted line score"	"All bins valid for required days; >=8 flies per line-batch"	"PCA_discovery"	"priority candidate"
"MovingLight__D6_D1"	169	248	0.964675658317277	66	94	0.588277526869194	0.381625464544538	0.750653620129316	0.586243153026537	0.0386653545327964	0.888536950000237	TRUE	21	0.613618244729	0.666076621178837	FALSE	0.984232757038389	166	0.0956471595823678	"MovingLight"	"D6_D1"	"activity"	"dimensionless"	"Fraction of observed minutes with >=1 beam crossing, ZT0-8"	"Strict within-fly contrast of daily values; all specified days valid"	"finite values and >=8 flies per line-batch"	"continuous"	"priority candidate"
"PCA_moving_change_PC1"	169	248	0.964675658317277	66	94	0.588151947659061	0.366146684895543	0.725329299775143	0.581653371484725	0.059939628564057	0.876791308239272	TRUE	21	0.705859267682761	0.746663151848353	FALSE	0.979586937843918	166	0.458250942158661	"PCA_moving_change_PC1"	"Late2_Early2"	"profile_PCA"	"PC score"	"PC 1 of moving change 48-bin profiles; basis trained on equal-weight batch-adjusted DGRP line means"	"Per-fly projection; mean score per line-batch (linear projection); batch-adjusted line score"	"All bins valid for required days; >=8 flies per line-batch"	"PCA_discovery"	"priority candidate"
"ActivityLight__State_D2_D6"	176	256	1	67	95	0.586788629977359	0.394944986862943	0.736075604948835	0.595778413982822	0.0769408010387427	0.921404358353511	TRUE	22	0.888889633679704	0.704244341791563	FALSE	0.974600312426123	173	0.166322528708221	"ActivityLight"	"State_D2_D6"	"activity"	"log1p scale"	"log1p(beam crossings per observed minute), ZT0-8"	"Strict within-fly contrast of daily values; all specified days valid"	"finite values and >=8 flies per line-batch"	"continuous"	"priority candidate"
"PCA_moving_centered_shape_PC1"	176	256	1	67	95	0.578404235588885	0.385527352524494	0.704691337179916	0.622531691644326	0.0391522484269334	0.866152322254017	TRUE	22	0.76826661017967	0.715778829481451	FALSE	0.984327704409658	173	0.493234510233544	"PCA_moving_centered_shape_PC1"	"State_D2_D6"	"profile_PCA"	"PC score"	"PC 1 of moving centered_shape 48-bin profiles; basis trained on equal-weight batch-adjusted DGRP line means"	"Per-fly projection; mean score per line-batch (linear projection); batch-adjusted line score"	"All bins valid for required days; >=8 flies per line-batch"	"PCA_discovery"	"priority candidate"
"TotalSleep__D6_D1"	169	248	0.964675658317277	66	94	0.577548876974247	0.388099007457904	0.738782875053583	0.594059370725867	0.0502057139691847	0.888353385711075	TRUE	21	0.718604213382479	0.757621042329224	FALSE	0.983416333649019	166	153.748909700146	"TotalSleep"	"D6_D1"	"sleep_amount_allocation"	"minutes"	"24-hour sleep minutes; window coverage >=95%"	"Strict within-fly contrast of daily values; all specified days valid"	"finite values and >=8 flies per line-batch"	"continuous"	"priority candidate"
"SiestaMoving__D6_D1"	169	248	0.964675658317277	66	94	0.571878826848537	0.402185152329487	0.709718288155672	0.575830710956901	0.0358296623816898	0.901789649002468	TRUE	21	0.608034019650246	0.622696919641372	FALSE	0.983520959413495	166	0.10307326485114	"SiestaMoving"	"D6_D1"	"LD_transition"	"dimensionless"	"Moving probability ZT2-6"	"Strict within-fly contrast of daily values; all specified days valid"	"finite values and >=8 flies per line-batch"	"continuous"	"priority candidate"
"PCA_moving_raw_PC2"	176	256	1	67	95	0.571262103307217	0.311299870499101	0.728705541000626	0.610961004052891	0.0604278106376801	0.860823244552058	TRUE	22	0.776099290498074	0.757530342865999	FALSE	0.98350260277846	173	0.472015450276605	"PCA_moving_raw_PC2"	"State_D2_D6"	"profile_PCA"	"PC score"	"PC 2 of moving raw 48-bin profiles; basis trained on equal-weight batch-adjusted DGRP line means"	"Per-fly projection; mean score per line-batch (linear projection); batch-adjusted line score"	"All bins valid for required days; >=8 flies per line-batch"	"PCA_discovery"	"priority candidate"
"DarkSleep__D6_D1"	176	256	1	67	95	0.564196108382961	0.337708987892817	0.719194077400459	0.56763293500818	0.0420158749007347	0.881335654961149	TRUE	22	0.686505511902125	0.734240010189544	FALSE	0.982650365048094	173	103.704753690228	"DarkSleep"	"D6_D1"	"sleep_amount_allocation"	"minutes"	"ZT8-24 sleep minutes"	"Strict within-fly contrast of daily values; all specified days valid"	"finite values and >=8 flies per line-batch"	"continuous"	"priority candidate"
"MovingLight__Late2_Early2"	169	248	0.964675658317277	66	94	0.560863035706061	0.395850516606986	0.697924558543789	0.559356325840331	0.0384710391539699	0.856160449906803	TRUE	21	0.662277830996497	0.552577456558533	FALSE	0.976339592275512	166	0.0736995827790395	"MovingLight"	"Late2_Early2"	"activity"	"dimensionless"	"Fraction of observed minutes with >=1 beam crossing, ZT0-8"	"Strict within-fly contrast of daily values; all specified days valid"	"finite values and >=8 flies per line-batch"	"continuous"	"priority candidate"
"MovingDark__D6_D1"	176	256	1	67	95	0.559500636452314	0.354122198750152	0.700023837335445	0.571671579372209	0.052137994412905	0.899180986899979	TRUE	22	0.596308996208736	0.677493918915441	FALSE	0.988114676685008	173	0.0854909558666495	"MovingDark"	"D6_D1"	"activity"	"dimensionless"	"Fraction of observed minutes with >=1 beam crossing, ZT8-24"	"Strict within-fly contrast of daily values; all specified days valid"	"finite values and >=8 flies per line-batch"	"continuous"	"priority candidate"
"PCA_sleep_raw_PC3"	176	256	1	67	95	0.554349842005256	0.340716307338511	0.718427504465688	0.609596040906895	0.0425386060155666	0.933114681928241	TRUE	22	0.53125445147617	0.796878718196506	FALSE	0.976873977314341	173	0.49688075486275	"PCA_sleep_raw_PC3"	"State_D2_D6"	"profile_PCA"	"PC score"	"PC 3 of sleep raw 48-bin profiles; basis trained on equal-weight batch-adjusted DGRP line means"	"Per-fly projection; mean score per line-batch (linear projection); batch-adjusted line score"	"All bins valid for required days; >=8 flies per line-batch"	"PCA_discovery"	"priority candidate"
"MovingDark__Late2_Early2"	176	256	1	67	95	0.547840943985009	0.328653282338697	0.703521473858769	0.557442802224492	0.0435511304018995	0.879763239889637	TRUE	22	0.682988594732877	0.60817780431482	FALSE	0.98270409458174	173	0.0702132442187912	"MovingDark"	"Late2_Early2"	"activity"	"dimensionless"	"Fraction of observed minutes with >=1 beam crossing, ZT8-24"	"Strict within-fly contrast of daily values; all specified days valid"	"finite values and >=8 flies per line-batch"	"continuous"	"priority candidate"
"SiestaMoving__Late2_Early2"	169	248	0.964675658317277	66	94	0.543462063322475	0.366191971376734	0.686169553380069	0.513316045400404	0.0367930606715973	0.824566528609113	TRUE	21	0.585530008443053	0.507678052874115	FALSE	0.982763064780274	166	0.0813513854945789	"SiestaMoving"	"Late2_Early2"	"LD_transition"	"dimensionless"	"Moving probability ZT2-6"	"Strict within-fly contrast of daily values; all specified days valid"	"finite values and >=8 flies per line-batch"	"continuous"	"priority candidate"
"PCA_sleep_centered_shape_PC2"	176	256	1	67	95	0.542291151244537	0.360681642233572	0.731148582087226	0.569872113452937	0.0449130876630601	0.923273167510456	TRUE	22	0.499071343813551	0.786631755656143	FALSE	0.978255327236234	173	0.510555713522537	"PCA_sleep_centered_shape_PC2"	"State_D2_D6"	"profile_PCA"	"PC score"	"PC 2 of sleep centered_shape 48-bin profiles; basis trained on equal-weight batch-adjusted DGRP line means"	"Per-fly projection; mean score per line-batch (linear projection); batch-adjusted line score"	"All bins valid for required days; >=8 flies per line-batch"	"PCA_discovery"	"priority candidate"
"DarkCoreMoving__D6_D1"	176	256	1	67	95	0.536617927916342	0.315847668936234	0.70749616472935	0.545949655271066	0.046173480792277	0.906329604328989	TRUE	22	0.497895171068289	0.683366004684458	FALSE	0.980369411304005	173	0.0893509443174279	"DarkCoreMoving"	"D6_D1"	"LD_transition"	"dimensionless"	"Moving probability ZT12-20"	"Strict within-fly contrast of daily values; all specified days valid"	"finite values and >=8 flies per line-batch"	"continuous"	"priority candidate"
"LDInterdailyStability__State_D2_D6"	176	256	1	67	95	0.533493835930419	0.3069591782886	0.699099631966201	0.541529878693275	0.0467537832990432	0.922225401716927	TRUE	22	0.67187391309933	0.593937074020632	FALSE	0.976125359823113	173	0.104098098006593	"LDInterdailyStability"	"State_D2_D6"	"LD_profile"	"dimensionless"	"Five times sum of squared mean-profile deviations divided by total D2-D6 squared deviations"	"Computed per fly over all 5 complete days"	"240 valid half-hour bins; nonconstant profile; >=8 flies per line-batch"	"continuous"	"priority candidate"
"LD24hLagCorrelation__State_D2_D6"	176	256	1	67	95	0.533399354023704	0.345041639347547	0.692486521808096	0.550398639236741	0.0469868026349066	0.929187761391151	TRUE	22	0.612971136649338	0.640537639944448	FALSE	0.978137124474461	173	0.12359177158622	"LD24hLagCorrelation"	"State_D2_D6"	"LD_profile"	"dimensionless"	"Pearson correlation of adjacent D2-D6 daily moving profiles after centering each day; 48-bin lag"	"Computed per fly over all 5 complete days"	"240 valid half-hour bins; nonconstant profile; >=8 flies per line-batch"	"continuous"	"priority candidate"
"PCA_sleep_raw_PC2"	176	256	1	67	95	0.531068800324738	0.291892295223792	0.7018262392232	0.594042460853557	0.0728281200720262	0.852540171692714	TRUE	22	0.892268386374223	0.746404969545052	FALSE	0.980192925448823	173	0.587375380084233	"PCA_sleep_raw_PC2"	"State_D2_D6"	"profile_PCA"	"PC score"	"PC 2 of sleep raw 48-bin profiles; basis trained on equal-weight batch-adjusted DGRP line means"	"Per-fly projection; mean score per line-batch (linear projection); batch-adjusted line score"	"All bins valid for required days; >=8 flies per line-batch"	"PCA_discovery"	"priority candidate"
"DarkSleep__Late2_Early2"	176	256	1	67	95	0.529979747256256	0.301505403992021	0.692500799494511	0.532581532698967	0.0453605762942598	0.84771873058036	TRUE	22	0.787466295038433	0.662713056737166	FALSE	0.979460317644264	173	85.7497593920555	"DarkSleep"	"Late2_Early2"	"sleep_amount_allocation"	"minutes"	"ZT8-24 sleep minutes"	"Strict within-fly contrast of daily values; all specified days valid"	"finite values and >=8 flies per line-batch"	"continuous"	"priority candidate"
"PWakeLight__D6_D1"	169	248	0.963230571612075	66	94	0.527596841121411	0.269301655619952	0.705479152581188	0.535033526980549	0.0446973960272263	0.910834866490975	TRUE	21	0.64341168857661	0.581755143669028	FALSE	0.967978172898453	166	0.522043120035631	"PWakeLight"	"D6_D1"	"sleep_architecture"	"log odds"	"Corrected log odds of inactive-to-active transitions, ZT0-8; >=30 opportunities"	"Strict within-fly contrast of daily values; all specified days valid"	"finite values and >=8 flies per line-batch"	"continuous"	"priority candidate"
"Harmonic12Amplitude__Late2_Early2"	169	248	0.964675658317277	66	94	0.525519819750667	0.313259899680831	0.647014338605765	0.505690193358189	0.0299754894946142	0.796380090497738	TRUE	21	0.962259326322772	0.462551475685282	FALSE	0.977695430606476	166	0.0348691061030288	"Harmonic12Amplitude"	"Late2_Early2"	"LD_profile"	"dimensionless"	"12-hour harmonic amplitude from 48-bin moving profile"	"Strict within-fly contrast of daily values; all specified days valid"	"finite values and >=8 flies per line-batch"	"continuous"	"priority candidate"
"PCA_moving_change_PC2"	169	248	0.964675658317277	66	94	0.524652889091574	0.308302698358788	0.65505862176812	0.573560652041966	0.0496414148527536	0.720282432499627	TRUE	21	1.35397271260977	0.593787593408411	FALSE	0.970661961946862	166	0.230863594043407	"PCA_moving_change_PC2"	"Late2_Early2"	"profile_PCA"	"PC score"	"PC 2 of moving change 48-bin profiles; basis trained on equal-weight batch-adjusted DGRP line means"	"Per-fly projection; mean score per line-batch (linear projection); batch-adjusted line score"	"All bins valid for required days; >=8 flies per line-batch"	"PCA_discovery"	"priority candidate"
"DarkCoreMoving__Late2_Early2"	176	256	1	67	95	0.520173534653128	0.282623670159179	0.700131771035485	0.527569334596918	0.0481662524333991	0.848847978508715	TRUE	22	0.61417831291379	0.568663827628639	FALSE	0.980304083809122	173	0.074277877265528	"DarkCoreMoving"	"Late2_Early2"	"LD_transition"	"dimensionless"	"Moving probability ZT12-20"	"Strict within-fly contrast of daily values; all specified days valid"	"finite values and >=8 flies per line-batch"	"continuous"	"priority candidate"
"PCA_sleep_centered_shape_PC1"	176	256	1	67	95	0.513663133509933	0.285293460147173	0.679777125419889	0.572966029917192	0.0478281145009787	0.852815320272948	TRUE	22	0.872985078133734	0.719705589860907	FALSE	0.981337869847171	173	0.601742788801559	"PCA_sleep_centered_shape_PC1"	"State_D2_D6"	"profile_PCA"	"PC score"	"PC 1 of sleep centered_shape 48-bin profiles; basis trained on equal-weight batch-adjusted DGRP line means"	"Per-fly projection; mean score per line-batch (linear projection); batch-adjusted line score"	"All bins valid for required days; >=8 flies per line-batch"	"PCA_discovery"	"priority candidate"
"ActivityDark__Late2_Early2"	176	256	1	67	95	0.500047240953357	0.305358557820593	0.662409584611988	0.50677581705294	0.0445571046800493	0.848320493066256	TRUE	22	0.884030501194816	0.441296828041692	FALSE	0.973942085282134	173	0.0987218697062334	"ActivityDark"	"Late2_Early2"	"activity"	"log1p scale"	"log1p(beam crossings per observed minute), ZT8-24"	"Strict within-fly contrast of daily values; all specified days valid"	"finite values and >=8 flies per line-batch"	"continuous"	"priority candidate"
"Harmonic12Amplitude__D6_D1"	169	248	0.964675658317277	66	94	0.499125393392363	0.303716946321327	0.633443570708959	0.509635394086534	0.0449878770682338	0.837250758291483	TRUE	21	0.799772838473506	0.425026978255416	FALSE	0.979975208400286	166	0.042671295331491	"Harmonic12Amplitude"	"D6_D1"	"LD_profile"	"dimensionless"	"12-hour harmonic amplitude from 48-bin moving profile"	"Strict within-fly contrast of daily values; all specified days valid"	"finite values and >=8 flies per line-batch"	"continuous"	"secondary / batch-sensitive"
"OddEvenProfileCorrelation__State_D2_D6"	176	256	1	67	95	0.494343333251682	0.276430372608433	0.68367062470696	0.50917675222769	0.0487990839808543	0.909273607748184	TRUE	22	0.475438683633168	0.563381282251845	FALSE	0.975793928549907	173	0.0985260482076197	"OddEvenProfileCorrelation"	"State_D2_D6"	"LD_profile"	"dimensionless"	"Correlation of average D2/D4/D6 and D3/D5 moving profiles"	"Computed per fly over all 5 complete days"	"240 valid half-hour bins; nonconstant profile; >=8 flies per line-batch"	"continuous"	"secondary / batch-sensitive"
"PDozeDark__D6_D1"	176	254	0.97703917790623	66	92	0.490450449061998	0.289404844919478	0.640928891330772	0.497055831303758	0.046668503358522	0.859969183359014	TRUE	22	0.670552232967808	0.41416067876907	FALSE	0.981153021781743	170	0.348802317058779	"PDozeDark"	"D6_D1"	"sleep_architecture"	"log odds"	"Corrected log odds of active-to-inactive transitions, ZT8-24; >=30 opportunities"	"Strict within-fly contrast of daily values; all specified days valid"	"finite values and >=8 flies per line-batch"	"continuous"	"secondary / batch-sensitive"
"PCA_moving_centered_shape_PC2"	176	256	1	67	95	0.484125290006964	0.222300916130475	0.671115551632882	0.533732089233591	0.0486372553611852	0.920603125687871	TRUE	22	0.558624319510574	0.765886952016491	FALSE	0.976987544673691	173	0.407307227513475	"PCA_moving_centered_shape_PC2"	"State_D2_D6"	"profile_PCA"	"PC score"	"PC 2 of moving centered_shape 48-bin profiles; basis trained on equal-weight batch-adjusted DGRP line means"	"Per-fly projection; mean score per line-batch (linear projection); batch-adjusted line score"	"All bins valid for required days; >=8 flies per line-batch"	"PCA_discovery"	"secondary / batch-sensitive"
"ActivityDark__D6_D1"	176	256	1	67	95	0.480433496985327	0.285455790093999	0.641639405643192	0.490662252119193	0.0456428473384508	0.871837992515959	TRUE	22	0.751300129529155	0.501299049168014	FALSE	0.979738656011422	173	0.11878615088043	"ActivityDark"	"D6_D1"	"activity"	"log1p scale"	"log1p(beam crossings per observed minute), ZT8-24"	"Strict within-fly contrast of daily values; all specified days valid"	"finite values and >=8 flies per line-batch"	"continuous"	"secondary / batch-sensitive"
"PDozeLight__State_D2_D6"	172	238	0.870102761721259	56	78	0.469490721714665	0.241289527282203	0.661422585635908	0.512388854457837	0.0540430875470435	NA	FALSE	21	0.477177872505661	0.676966953123568	FALSE	0.96423666509956	148	0.504354501738421	"PDozeLight"	"State_D2_D6"	"sleep_architecture"	"log odds"	"Corrected log odds of active-to-inactive transitions, ZT0-8; >=30 opportunities"	"Strict within-fly contrast of daily values; all specified days valid"	"finite values and >=8 flies per line-batch"	"continuous"	"insufficient coverage/calibration"
"ActivityContrast__State_D2_D6"	176	256	1	67	95	0.461071704768537	0.226974763986444	0.644798041283763	0.470243803417308	0.0533094527364432	0.890913493286375	TRUE	22	0.856713427696245	0.547061161333496	FALSE	0.980204513954879	173	0.156105130922899	"ActivityContrast"	"State_D2_D6"	"activity"	"log1p scale"	"log1p(dark activity/min) minus log1p(light activity/min); not a raw total ratio"	"Strict within-fly contrast of daily values; all specified days valid"	"finite values and >=8 flies per line-batch"	"continuous"	"secondary / batch-sensitive"
"PWakeLight__Late2_Early2"	169	248	0.962748876043674	66	94	0.457173173914418	0.207060586968834	0.65045630261911	0.461122431284141	0.0550481085947869	0.847620705086769	TRUE	21	0.621253327945782	0.566922765850099	FALSE	0.964084973535951	166	0.436769336516595	"PWakeLight"	"Late2_Early2"	"sleep_architecture"	"log odds"	"Corrected log odds of inactive-to-active transitions, ZT0-8; >=30 opportunities"	"Strict within-fly contrast of daily values; all specified days valid"	"finite values and >=8 flies per line-batch"	"continuous"	"secondary / batch-sensitive"
"SleepAllocation__State_D2_D6"	176	256	1	67	95	0.456043167733379	0.238246350719922	0.620702501161638	0.472903731599247	0.0595439649354478	0.902344265903588	TRUE	22	0.824308383482061	0.637607802793238	FALSE	0.979330740598245	173	0.163511572668812	"SleepAllocation"	"State_D2_D6"	"sleep_amount_allocation"	"dimensionless"	"Dark sleep fraction minus light sleep fraction; window durations normalized"	"Strict within-fly contrast of daily values; all specified days valid"	"finite values and >=8 flies per line-batch"	"continuous"	"secondary / batch-sensitive"
"PCA_moving_raw_PC3"	176	256	1	67	95	0.447816243189429	0.242918945989536	0.64779453482662	0.507643793617572	0.0487193760277862	0.920675764913053	TRUE	22	0.629837476063172	0.758611996006587	FALSE	0.973151749169104	173	0.393163793830238	"PCA_moving_raw_PC3"	"State_D2_D6"	"profile_PCA"	"PC score"	"PC 3 of moving raw 48-bin profiles; basis trained on equal-weight batch-adjusted DGRP line means"	"Per-fly projection; mean score per line-batch (linear projection); batch-adjusted line score"	"All bins valid for required days; >=8 flies per line-batch"	"PCA_discovery"	"secondary / batch-sensitive"
"MorningPeakAmplitude__State_D2_D6"	176	256	1	67	95	0.444096648414665	0.182553778863198	0.629962617134322	0.463842223155537	0.0561310285048058	0.831915579739005	TRUE	22	0.970278108904111	0.654436619398537	FALSE	0.963191730381243	173	0.125491199615244	"MorningPeakAmplitude"	"State_D2_D6"	"LD_profile"	"dimensionless"	"Max-minus-min within contiguous previous-day ZT21-24 and current ZT0-3 around dawn"	"Strict within-fly contrast of daily values; all specified days valid"	"finite values and >=8 flies per line-batch"	"continuous"	"secondary / batch-sensitive"
"WakingActivityDark__D6_D1"	176	255	0.985549132947977	67	93	0.439828271270966	0.229717200378938	0.619141249179727	0.437780729112262	0.0483473114770742	0.843799251595862	TRUE	22	0.626641770531757	0.50071895426056	FALSE	0.95494409535848	170	0.088495889192345	"WakingActivityDark"	"D6_D1"	"sleep_architecture"	"log1p scale"	"log1p(beam crossings per awake minute), ZT8-24; >=30 awake minutes"	"Strict within-fly contrast of daily values; all specified days valid"	"finite values and >=8 flies per line-batch"	"continuous"	"secondary / batch-sensitive"
"PWakeDark__Late2_Early2"	176	256	0.998073217726397	67	95	0.434704254135333	0.198444512917362	0.600759667342936	0.441376582832263	0.0562168475213492	0.849782082324455	TRUE	22	0.788575889515943	0.698316404292957	FALSE	0.963225034881403	173	0.385672540461082	"PWakeDark"	"Late2_Early2"	"sleep_architecture"	"log odds"	"Corrected log odds of inactive-to-active transitions, ZT8-24; >=30 opportunities"	"Strict within-fly contrast of daily values; all specified days valid"	"finite values and >=8 flies per line-batch"	"continuous"	"secondary / batch-sensitive"
"PWakeDark__D6_D1"	176	256	0.998876043673732	67	95	0.425945431449877	0.191697124204348	0.635170189138158	0.46259300998873	0.0532297526168606	0.853255558001321	TRUE	22	0.73441913570378	0.713922832234815	FALSE	0.960249106526183	173	0.4703719272201	"PWakeDark"	"D6_D1"	"sleep_architecture"	"log odds"	"Corrected log odds of inactive-to-active transitions, ZT8-24; >=30 opportunities"	"Strict within-fly contrast of daily values; all specified days valid"	"finite values and >=8 flies per line-batch"	"continuous"	"secondary / batch-sensitive"
"SleepAllocation__D6_D1"	169	248	0.964675658317277	66	94	0.412425103060897	0.201437820535708	0.569966389454257	0.409487990982398	0.0406023743177715	0.859745910198399	TRUE	21	0.716396545852246	0.367303162234366	FALSE	0.968303480661896	166	0.0986118945582951	"SleepAllocation"	"D6_D1"	"sleep_amount_allocation"	"dimensionless"	"Dark sleep fraction minus light sleep fraction; window durations normalized"	"Strict within-fly contrast of daily values; all specified days valid"	"finite values and >=8 flies per line-batch"	"continuous"	"secondary / batch-sensitive"
"PCA_sleep_change_PC2"	169	248	0.964675658317277	66	94	0.401592082033314	0.110113096465284	0.55940534512471	0.443788115263447	0.0736709939782989	0.732305703346428	TRUE	21	1.41590241515153	0.535540495115224	FALSE	0.960721711013898	166	0.256071118293665	"PCA_sleep_change_PC2"	"Late2_Early2"	"profile_PCA"	"PC score"	"PC 2 of sleep change 48-bin profiles; basis trained on equal-weight batch-adjusted DGRP line means"	"Per-fly projection; mean score per line-batch (linear projection); batch-adjusted line score"	"All bins valid for required days; >=8 flies per line-batch"	"PCA_discovery"	"secondary / batch-sensitive"
"WakingActivityDark__Late2_Early2"	176	255	0.979608220937701	67	93	0.40129747694167	0.184982043117411	0.580705869906021	0.396206706161491	0.0533757922710649	0.859077701959058	TRUE	22	0.652967585659204	0.410821913629528	FALSE	0.961072691106599	167	0.0751638754276541	"WakingActivityDark"	"Late2_Early2"	"sleep_architecture"	"log1p scale"	"log1p(beam crossings per awake minute), ZT8-24; >=30 awake minutes"	"Strict within-fly contrast of daily values; all specified days valid"	"finite values and >=8 flies per line-batch"	"continuous"	"secondary / batch-sensitive"
"ActivityLight__D6_D1"	169	248	0.964675658317277	66	94	0.385181807098898	0.152005834210157	0.593216421517128	0.381163472932744	0.0481635966567278	0.887136393018746	TRUE	21	0.813234769677783	0.600407407712126	FALSE	0.978645119399755	166	0.123369381185288	"ActivityLight"	"D6_D1"	"activity"	"log1p scale"	"log1p(beam crossings per observed minute), ZT0-8"	"Strict within-fly contrast of daily values; all specified days valid"	"finite values and >=8 flies per line-batch"	"continuous"	"secondary / batch-sensitive"
"PDozeDark__Late2_Early2"	176	253	0.969653179190751	65	91	0.363895787194864	0.128146355386501	0.567390527406359	0.369498733693315	0.0594173177265812	0.838527404798591	TRUE	22	0.80188471511024	0.248283779925343	FALSE	0.969490451111546	167	0.285718967797822	"PDozeDark"	"Late2_Early2"	"sleep_architecture"	"log odds"	"Corrected log odds of active-to-inactive transitions, ZT8-24; >=30 opportunities"	"Strict within-fly contrast of daily values; all specified days valid"	"finite values and >=8 flies per line-batch"	"continuous"	"secondary / batch-sensitive"
"DawnAnticipation__Late2_Early2"	176	249	0.923410404624278	63	85	0.356117519893008	0.0821916246290336	0.543263508945939	0.353475235526367	0.0661461833228522	0.83138014527845	TRUE	21	0.790482348162359	0.312307971585497	FALSE	0.966842657160075	162	0.0654253687699203	"DawnAnticipation"	"Late2_Early2"	"LD_transition"	"dimensionless"	"Moving minutes ZT21-24 / ZT18-24; >=10 active denominator minutes; relates to next dawn"	"Strict within-fly contrast of daily values; all specified days valid"	"finite values and >=8 flies per line-batch"	"continuous"	"secondary / batch-sensitive"
"PCA_moving_change_PC3"	169	248	0.964675658317277	66	94	0.354969273629505	0.105945556297833	0.555598027700454	0.358012514812567	0.0768616406664615	0.822415593456318	TRUE	21	0.568934585661755	0.398810118189805	FALSE	0.977183857913964	166	0.182541619012977	"PCA_moving_change_PC3"	"Late2_Early2"	"profile_PCA"	"PC score"	"PC 3 of moving change 48-bin profiles; basis trained on equal-weight batch-adjusted DGRP line means"	"Per-fly projection; mean score per line-batch (linear projection); batch-adjusted line score"	"All bins valid for required days; >=8 flies per line-batch"	"PCA_discovery"	"secondary / batch-sensitive"
"LongestBoutDark__D6_D1"	176	256	0.995664739884393	67	95	0.350653849787766	0.0965325869735868	0.583961957814077	0.352268988737304	0.0846776691411258	0.829363856482501	TRUE	22	0.852972453332155	0.581285631140025	FALSE	0.961709815528421	173	0.462342730868794	"LongestBoutDark"	"D6_D1"	"sleep_architecture"	"log1p scale"	"log1p(longest sleep bout minutes), clipped to ZT8-24"	"Strict within-fly contrast of daily values; all specified days valid"	"finite values and >=8 flies per line-batch"	"continuous"	"secondary / batch-sensitive"
"FragmentationDark__D6_D1"	176	256	0.983943481053308	67	95	0.345863267184334	0.159837254810404	0.581127335605202	0.347089128593528	0.0718916520292726	0.863557120845256	TRUE	22	0.960367947453818	0.592592904682209	FALSE	0.961964205422494	173	0.232344650717275	"FragmentationDark"	"D6_D1"	"sleep_architecture"	"log1p scale"	"log1p(bouts per sleep hour), ZT8-24; >=30 sleep minutes; bouts clipped at window boundary"	"Strict within-fly contrast of daily values; all specified days valid"	"finite values and >=8 flies per line-batch"	"continuous"	"exploratory / low repeatability"
"DawnResponse__State_D2_D6"	176	256	1	67	95	0.342774124457106	0.0447330262788742	0.525420136051808	0.333772049317261	0.0637616431944134	0.76315948783436	TRUE	22	1.07427952028845	0.469068666459777	FALSE	0.950793786934094	173	0.102418830265383	"DawnResponse"	"State_D2_D6"	"LD_transition"	"dimensionless"	"Moving probability ZT0-0.5 minus previous-day ZT23.5-24; D1 unavailable"	"Strict within-fly contrast of daily values; all specified days valid"	"finite values and >=8 flies per line-batch"	"continuous"	"exploratory / low repeatability"
"FragmentationLight__D6_D1"	169	248	0.927906229929351	66	94	0.342760000180611	0.107574119510724	0.54611552409264	0.350837451949478	0.0736354433283712	0.93422007856397	TRUE	21	0.739141621164928	0.52065069521677	FALSE	0.958473582373289	162	0.258732969489752	"FragmentationLight"	"D6_D1"	"sleep_architecture"	"log1p scale"	"log1p(bouts per sleep hour), ZT0-8; >=30 sleep minutes; bouts clipped at window boundary"	"Strict within-fly contrast of daily values; all specified days valid"	"finite values and >=8 flies per line-batch"	"continuous"	"exploratory / low repeatability"
"SleepAllocation__Late2_Early2"	169	248	0.964675658317277	66	94	0.336543384912697	0.144072071432095	0.505045637752219	0.334001705251597	0.0403152514366977	0.809005022127194	TRUE	21	0.674645754650196	0.284076944532064	FALSE	0.965706898824836	166	0.0773124822582502	"SleepAllocation"	"Late2_Early2"	"sleep_amount_allocation"	"dimensionless"	"Dark sleep fraction minus light sleep fraction; window durations normalized"	"Strict within-fly contrast of daily values; all specified days valid"	"finite values and >=8 flies per line-batch"	"continuous"	"exploratory / low repeatability"
"EveningPeakAmplitude__Late2_Early2"	169	248	0.964675658317277	66	94	0.333355910773955	0.137942605014603	0.517546091531495	0.352075527600727	0.0376545328297461	0.698809529048708	TRUE	21	1.06158546470859	0.378751847364046	FALSE	0.96934935258035	166	0.0951751953155462	"EveningPeakAmplitude"	"Late2_Early2"	"LD_profile"	"dimensionless"	"Max-minus-min within ZT5-11"	"Strict within-fly contrast of daily values; all specified days valid"	"finite values and >=8 flies per line-batch"	"continuous"	"exploratory / low repeatability"
"ActivityLight__Late2_Early2"	169	248	0.964675658317277	66	94	0.328827702046769	0.0943924248451566	0.554244401216051	0.343626260874592	0.074483262482699	0.841817910596191	TRUE	21	0.748548259614381	0.451827458445786	FALSE	0.962363990529347	166	0.0998560094792313	"ActivityLight"	"Late2_Early2"	"activity"	"log1p scale"	"log1p(beam crossings per observed minute), ZT0-8"	"Strict within-fly contrast of daily values; all specified days valid"	"finite values and >=8 flies per line-batch"	"continuous"	"exploratory / low repeatability"
"PCA_sleep_change_PC3"	169	248	0.964675658317277	66	94	0.320115048922884	0.0913247001883655	0.494184260217845	0.323705164889159	0.0476489295709884	0.831154592014321	TRUE	21	0.538918462619205	0.327319519473769	FALSE	0.96441815164851	166	0.260114171691537	"PCA_sleep_change_PC3"	"Late2_Early2"	"profile_PCA"	"PC score"	"PC 3 of sleep change 48-bin profiles; basis trained on equal-weight batch-adjusted DGRP line means"	"Per-fly projection; mean score per line-batch (linear projection); batch-adjusted line score"	"All bins valid for required days; >=8 flies per line-batch"	"PCA_discovery"	"exploratory / low repeatability"
"Harmonic24Amplitude__Late2_Early2"	169	248	0.964675658317277	66	94	0.306807663305805	0.0430793245141294	0.47218415494226	0.307404115725888	0.0505430591037574	0.672756203072945	TRUE	21	1.2119221766116	0.39676894229529	FALSE	0.97630237881302	166	0.0313334841105416	"Harmonic24Amplitude"	"Late2_Early2"	"LD_profile"	"dimensionless"	"24-hour harmonic amplitude from 48-bin moving profile"	"Strict within-fly contrast of daily values; all specified days valid"	"finite values and >=8 flies per line-batch"	"continuous"	"exploratory / low repeatability"
"LongestBoutDark__Late2_Early2"	176	256	0.993416827231856	67	95	0.298615315167146	0.0763458365665511	0.503560002806671	0.302465333435997	0.0552127022732675	0.734611490204711	TRUE	22	0.974722184334053	0.513537111565836	FALSE	0.960246788824972	173	0.363907402567818	"LongestBoutDark"	"Late2_Early2"	"sleep_architecture"	"log1p scale"	"log1p(longest sleep bout minutes), clipped to ZT8-24"	"Strict within-fly contrast of daily values; all specified days valid"	"finite values and >=8 flies per line-batch"	"continuous"	"exploratory / low repeatability"
"DuskResponse__State_D2_D6"	176	256	1	67	95	0.291637174916337	0.0747403289382405	0.510416456688211	0.421806688579132	0.0710337672496164	0.371499469032913	TRUE	22	1.03526065165415	0.543462170186539	FALSE	0.947983058595204	173	0.173927582263579	"DuskResponse"	"State_D2_D6"	"LD_transition"	"dimensionless"	"Moving probability ZT8-8.5 minus ZT7.5-8"	"Strict within-fly contrast of daily values; all specified days valid"	"finite values and >=8 flies per line-batch"	"continuous"	"exploratory / low repeatability"
"EveningPeakAmplitude__D6_D1"	169	248	0.964675658317277	66	94	0.291636749855722	0.0528994628832386	0.480745001149588	0.313369517592821	0.0705457198837138	0.732325994860359	TRUE	21	0.894647304100541	0.310791050622415	FALSE	0.95606638578158	166	0.116518351781183	"EveningPeakAmplitude"	"D6_D1"	"LD_profile"	"dimensionless"	"Max-minus-min within ZT5-11"	"Strict within-fly contrast of daily values; all specified days valid"	"finite values and >=8 flies per line-batch"	"continuous"	"exploratory / low repeatability"
"FragmentationDark__Late2_Early2"	176	256	0.976718047527296	67	95	0.283148277104934	0.0459123822141178	0.462152232463783	0.288612707456899	0.0549415583206191	0.790343385428131	TRUE	22	1.01084890003471	0.517864775589192	FALSE	0.966097871217031	171	0.196151886065542	"FragmentationDark"	"Late2_Early2"	"sleep_architecture"	"log1p scale"	"log1p(bouts per sleep hour), ZT8-24; >=30 sleep minutes; bouts clipped at window boundary"	"Strict within-fly contrast of daily values; all specified days valid"	"finite values and >=8 flies per line-batch"	"continuous"	"exploratory / low repeatability"
"ActivityContrast__D6_D1"	169	248	0.964675658317277	66	94	0.278654090151758	0.036017817335912	0.448454208624645	0.277786207693864	0.040554554294349	0.767124956491473	TRUE	21	0.941203939314185	0.275391372488679	FALSE	0.960317699759299	166	0.107343330147491	"ActivityContrast"	"D6_D1"	"activity"	"log1p scale"	"log1p(dark activity/min) minus log1p(light activity/min); not a raw total ratio"	"Strict within-fly contrast of daily values; all specified days valid"	"finite values and >=8 flies per line-batch"	"continuous"	"exploratory / low repeatability"
"TwoHarmonicR2__D6_D1"	169	248	0.964675658317277	66	94	0.277205593508857	0.0435911600588675	0.470330803719666	0.269664585681667	0.0574648397641824	0.776125006215504	TRUE	21	0.952505377680346	0.34345897854526	FALSE	0.969216441159302	166	0.0853163009702202	"TwoHarmonicR2"	"D6_D1"	"LD_profile"	"dimensionless"	"Variance explained by fixed 24h + 12h harmonics in daily moving profile; LD descriptive only"	"Strict within-fly contrast of daily values; all specified days valid"	"finite values and >=8 flies per line-batch"	"continuous"	"exploratory / low repeatability"
"Harmonic24Amplitude__D6_D1"	169	248	0.964675658317277	66	94	0.250215152322426	0.00249318624576736	0.434523619390323	0.257836209138992	0.0341775715242892	0.779048779275024	TRUE	21	1.05846941346787	0.393876772757417	FALSE	0.979201290737255	166	0.0393261966878845	"Harmonic24Amplitude"	"D6_D1"	"LD_profile"	"dimensionless"	"24-hour harmonic amplitude from 48-bin moving profile"	"Strict within-fly contrast of daily values; all specified days valid"	"finite values and >=8 flies per line-batch"	"continuous"	"exploratory / low repeatability"
"FragmentationLight__Late2_Early2"	168	247	0.915542710340398	66	94	0.249489097895436	-0.0165077645621373	0.473649590764335	0.247510766207116	0.0742354088915288	0.860230511082653	TRUE	21	0.694382014936103	0.394580586394517	FALSE	0.961536691971475	161	0.214481914329232	"FragmentationLight"	"Late2_Early2"	"sleep_architecture"	"log1p scale"	"log1p(bouts per sleep hour), ZT0-8; >=30 sleep minutes; bouts clipped at window boundary"	"Strict within-fly contrast of daily values; all specified days valid"	"finite values and >=8 flies per line-batch"	"continuous"	"exploratory / low repeatability"
"DawnAnticipation__D6_D1"	176	251	0.945889531149647	65	87	0.242068057400223	0.0208311460106034	0.426960849530769	0.255773893113823	0.0668404504559647	0.882201674115077	TRUE	21	0.741928499095447	0.254514303505844	FALSE	0.955444084920714	168	0.0815017099328209	"DawnAnticipation"	"D6_D1"	"LD_transition"	"dimensionless"	"Moving minutes ZT21-24 / ZT18-24; >=10 active denominator minutes; relates to next dawn"	"Strict within-fly contrast of daily values; all specified days valid"	"finite values and >=8 flies per line-batch"	"continuous"	"exploratory / low repeatability"
"PCA_moving_centered_shape_PC3"	176	256	1	67	95	0.233891709737585	-0.0470757730597278	0.46475813270196	0.27165916520254	0.0723218614284549	0.803099273607748	TRUE	22	0.987948443598185	0.54380826963714	FALSE	0.94591180683351	173	0.312974926107065	"PCA_moving_centered_shape_PC3"	"State_D2_D6"	"profile_PCA"	"PC score"	"PC 3 of moving centered_shape 48-bin profiles; basis trained on equal-weight batch-adjusted DGRP line means"	"Per-fly projection; mean score per line-batch (linear projection); batch-adjusted line score"	"All bins valid for required days; >=8 flies per line-batch"	"PCA_discovery"	"exploratory / low repeatability"
"PCA_sleep_centered_shape_PC3"	176	256	1	67	95	0.225251864267993	-0.0843512816973448	0.486380371109728	0.27886197072679	0.0722047541774867	0.759046885318072	TRUE	22	1.10883973827716	0.529230304482365	FALSE	0.936534387732871	173	0.346740281907715	"PCA_sleep_centered_shape_PC3"	"State_D2_D6"	"profile_PCA"	"PC score"	"PC 3 of sleep centered_shape 48-bin profiles; basis trained on equal-weight batch-adjusted DGRP line means"	"Per-fly projection; mean score per line-batch (linear projection); batch-adjusted line score"	"All bins valid for required days; >=8 flies per line-batch"	"PCA_discovery"	"exploratory / low repeatability"
"PDozeLight__D6_D1"	167	239	0.872992935131664	61	85	0.217809544282029	-0.0168759767945304	0.405511789478717	0.249205945877271	0.0370307452102709	0.895565151968009	TRUE	21	0.620879108693779	0.23394523143925	FALSE	0.946991421840971	150	0.370375351349966	"PDozeLight"	"D6_D1"	"sleep_architecture"	"log odds"	"Corrected log odds of active-to-inactive transitions, ZT0-8; >=30 opportunities"	"Strict within-fly contrast of daily values; all specified days valid"	"finite values and >=8 flies per line-batch"	"continuous"	"exploratory / low repeatability"
"TwoHarmonicR2__Late2_Early2"	169	248	0.964675658317277	66	94	0.179535018128784	-0.0807390356805973	0.367065517319905	0.177552096881413	0.0595920756386599	0.639679777236339	TRUE	21	1.08485152575457	0.284844032382856	FALSE	0.974730932439612	166	0.0717324077195681	"TwoHarmonicR2"	"Late2_Early2"	"LD_profile"	"dimensionless"	"Variance explained by fixed 24h + 12h harmonics in daily moving profile; LD descriptive only"	"Strict within-fly contrast of daily values; all specified days valid"	"finite values and >=8 flies per line-batch"	"continuous"	"exploratory / low repeatability"
"ActivityContrast__Late2_Early2"	169	248	0.964675658317277	66	94	0.172697102555188	-0.0368999997785616	0.326118222531754	0.179849851151767	0.0346932704701852	0.753266868877729	TRUE	21	0.967668947682113	0.300748817384795	FALSE	0.948609243725036	166	0.0894344292944666	"ActivityContrast"	"Late2_Early2"	"activity"	"log1p scale"	"log1p(dark activity/min) minus log1p(light activity/min); not a raw total ratio"	"Strict within-fly contrast of daily values; all specified days valid"	"finite values and >=8 flies per line-batch"	"continuous"	"exploratory / low repeatability"
"DawnAnticipation__State_D2_D6"	176	250	0.930314707771355	64	86	0.167415884037189	-0.052351497934011	0.336877434614429	0.205352003698846	0.0346546701220224	0.797605106757649	TRUE	21	0.876402868615049	0.527625049512596	FALSE	0.938382792730619	161	0.109893553996652	"DawnAnticipation"	"State_D2_D6"	"LD_transition"	"dimensionless"	"Moving minutes ZT21-24 / ZT18-24; >=10 active denominator minutes; relates to next dawn"	"Strict within-fly contrast of daily values; all specified days valid"	"finite values and >=8 flies per line-batch"	"continuous"	"exploratory / low repeatability"
"PDozeLight__Late2_Early2"	166	232	0.836062941554271	56	78	0.144475705750324	-0.0726880338230128	0.385604416513197	0.177579904633014	0.0490181538503475	NA	FALSE	20	0.77845053199803	0.166203034362585	FALSE	0.942848580846783	141	0.29737835183536	"PDozeLight"	"Late2_Early2"	"sleep_architecture"	"log odds"	"Corrected log odds of active-to-inactive transitions, ZT0-8; >=30 opportunities"	"Strict within-fly contrast of daily values; all specified days valid"	"finite values and >=8 flies per line-batch"	"continuous"	"insufficient coverage/calibration"
"EveningPeakOffset__D6_D1"	150	200	0.57096981374438	46	55	0.133870029480493	-0.111667483210226	0.398562409686622	0.214721836951201	0.0597446091513085	NA	FALSE	19	1.298832370225	0.497896609103722	FALSE	0.946475012206228	82	0.467325108752668	"EveningPeakOffset"	"D6_D1"	"LD_profile"	"hours relative to LD transition"	"Local smoothed moving peak offset in hours from dusk ZT8, searched ZT5-11; range >=0.10, unique interior maximum"	"Strict within-fly contrast of daily values; all specified days valid"	"conditional on identifiable peak; descriptive / validation required"	"conditional_phase"	"phase-selected: validate missingness"
"MorningPeakOffset__State_D2_D6"	172	239	0.833815028901734	56	80	0.113389488127454	-0.123277710150174	0.372083954949929	0.132314564127746	0.0712039559662877	0.738266240390996	TRUE	22	1.18837222125904	0.471136575387007	FALSE	0.949469164284798	142	0.593617614993344	"MorningPeakOffset"	"State_D2_D6"	"LD_profile"	"hours relative to LD transition"	"Local smoothed moving peak offset from dawn; previous-day ZT21-24 plus current ZT0-3; range >=0.10, unique interior maximum"	"Mean of >=3 identifiable D2-D6 daily peak offsets"	"conditional on identifiable peak; descriptive / validation required"	"conditional_phase"	"phase-selected: validate missingness"
"EveningPeakOffset__Late2_Early2"	119	145	0.417469492614001	23	30	0.0920869565217392	-0.273743433737524	0.386993785360928	0.151672098445043	0.102810716592923	NA	FALSE	16	1.90054780390839	0.121097137622356	FALSE	0.976451299470649	38	0.335123181242679	"EveningPeakOffset"	"Late2_Early2"	"LD_profile"	"hours relative to LD transition"	"Local smoothed moving peak offset in hours from dusk ZT8, searched ZT5-11; range >=0.10, unique interior maximum"	"Strict within-fly contrast of daily values; all specified days valid"	"conditional on identifiable peak; descriptive / validation required"	"conditional_phase"	"phase-selected: validate missingness"
"DuskResponse__D6_D1"	176	256	1	67	95	0.0880322254802415	-0.0945956164288109	0.245799422302651	0.0980151916637242	0.0471215515240155	0.483412687675384	TRUE	22	1.01785353551519	0.131635330459223	FALSE	0.924304015675567	173	0.154921515107663	"DuskResponse"	"D6_D1"	"LD_transition"	"dimensionless"	"Moving probability ZT8-8.5 minus ZT7.5-8"	"Strict within-fly contrast of daily values; all specified days valid"	"finite values and >=8 flies per line-batch"	"continuous"	"exploratory / low repeatability"
"DuskAnticipation__State_D2_D6"	173	244	0.902055234425177	61	83	0.0616800362059805	-0.165997720257959	0.249606376937194	0.231473317378343	0.0631767888606217	0.705862856983929	TRUE	21	1.08178676602776	0.369300265650483	FALSE	0.875692681764788	154	0.0923559364823532	"DuskAnticipation"	"State_D2_D6"	"LD_transition"	"dimensionless"	"Moving minutes ZT5-8 / ZT2-8; >=10 active denominator minutes"	"Strict within-fly contrast of daily values; all specified days valid"	"finite values and >=8 flies per line-batch"	"continuous"	"exploratory / low repeatability"
"DuskAnticipation__Late2_Early2"	167	238	0.868175979447656	61	83	0.0343786279769908	-0.156674320834691	0.203016662343691	0.102090943443759	0.0301041494077836	0.681905552062828	TRUE	21	0.727459174889987	0.129124426298919	FALSE	0.920256813164567	146	0.0939619681471894	"DuskAnticipation"	"Late2_Early2"	"LD_transition"	"dimensionless"	"Moving minutes ZT5-8 / ZT2-8; >=10 active denominator minutes"	"Strict within-fly contrast of daily values; all specified days valid"	"finite values and >=8 flies per line-batch"	"continuous"	"exploratory / low repeatability"
"DuskResponse__Late2_Early2"	176	256	1	67	95	0.0173330264043533	-0.156242676498251	0.197194979141161	0.0199988107656872	0.0348610617206124	0.478452146473444	TRUE	22	1.13228797147536	0	TRUE	0.915054580838487	173	0.127836574156458	"DuskResponse"	"Late2_Early2"	"LD_transition"	"dimensionless"	"Moving probability ZT8-8.5 minus ZT7.5-8"	"Strict within-fly contrast of daily values; all specified days valid"	"finite values and >=8 flies per line-batch"	"continuous"	"exploratory / low repeatability"
"DuskAnticipation__D6_D1"	168	243	0.898843930635838	64	88	0.00785980251984762	-0.21222715827814	0.19202861741316	0.0544135908478428	0.073463746510608	0.705620482800696	TRUE	21	0.723252837261778	0.189333917468373	FALSE	0.942580838067575	152	0.117973252377769	"DuskAnticipation"	"D6_D1"	"LD_transition"	"dimensionless"	"Moving minutes ZT5-8 / ZT2-8; >=10 active denominator minutes"	"Strict within-fly contrast of daily values; all specified days valid"	"finite values and >=8 flies per line-batch"	"continuous"	"exploratory / low repeatability"
"EveningPeakOffset__State_D2_D6"	175	249	0.857739242132306	66	84	-0.0581716714713467	-0.238472490549618	0.18830636778635	0.0509944927496082	0.0505772602506821	NA	FALSE	22	0.672643185553228	0.562899658106549	FALSE	0.923892840892355	144	0.579734691172916	"EveningPeakOffset"	"State_D2_D6"	"LD_profile"	"hours relative to LD transition"	"Local smoothed moving peak offset in hours from dusk ZT8, searched ZT5-11; range >=0.10, unique interior maximum"	"Mean of >=3 identifiable D2-D6 daily peak offsets"	"conditional on identifiable peak; descriptive / validation required"	"conditional_phase"	"phase-selected: validate missingness"
