SNP	primary_p	primary_beta	primary_A1	region_rank	Chr	bp	A1	A2	Freq	b	se	p	count_alleles_swapped	arm	MAF	call_rate	n_called	n_missing	minor_allele	minor_homozygotes	major_homozygotes	het	minor_carriers	eligible	trait	variant	same_direction	delta_neglogp
"2L_14815128"	2.04866e-05	-0.0693839	"A"	9	21	14815128	"A"	"AC"	0.109827	-0.0693839	0.0162891	2.04866e-05	FALSE	"2L"	0.109826589595376	0.982954545454545	173	3	"A"	19	154	0	19	TRUE	"LDHarmonicR2"	"primary"	TRUE	0
"2L_6415893"	2.28762e-06	0.0479999	"G"	3	21	6415893	"G"	"A"	0.5	0.0479999	0.0101561	2.28762e-06	FALSE	"2L"	0.5	0.920454545454545	162	14	"G"	81	81	0	81	TRUE	"LDHarmonicR2"	"primary"	TRUE	0
"2R_16679757"	2.46497e-05	0.0432553	"G"	10	22	16679757	"G"	"A"	0.445122	0.0432553	0.010255	2.46497e-05	FALSE	"2R"	0.445121951219512	0.931818181818182	164	12	"G"	73	91	0	73	TRUE	"LDHarmonicR2"	"primary"	TRUE	0
"3R_22770259"	1.63828e-05	0.0578724	"AC"	7	32	22770259	"AC"	"A"	0.145349	0.0578724	0.0134299	1.63828e-05	FALSE	"3R"	0.145348837209302	0.977272727272727	172	4	"AC"	25	147	0	25	TRUE	"LDHarmonicR2"	"primary"	TRUE	0
"3R_23828086"	1.91787e-05	0.0783384	"CA"	8	32	23828086	"CA"	"C"	0.17284	0.0783384	0.018328	1.91787e-05	FALSE	"3R"	0.17283950617284	0.920454545454545	162	14	"CA"	28	134	0	28	TRUE	"LDHarmonicR2"	"primary"	TRUE	0
"3R_24776116"	1.60719e-06	0.0688911	"T"	1	32	24776116	"T"	"C"	0.130952	0.0688911	0.01436	1.60719e-06	FALSE	"3R"	0.130952380952381	0.954545454545455	168	8	"T"	22	146	0	22	TRUE	"LDHarmonicR2"	"primary"	TRUE	0
"3R_27476251"	1.64172e-06	-0.0525795	"T"	2	32	27476251	"T"	"C"	0.378882	-0.0525795	0.0109697	1.64172e-06	FALSE	"3R"	0.37888198757764	0.914772727272727	161	15	"T"	61	100	0	61	TRUE	"LDHarmonicR2"	"primary"	TRUE	0
"X_10661963"	1.07261e-05	-0.0702938	"T"	5	1	10661963	"T"	"C"	0.114458	-0.0702938	0.0159686	1.07261e-05	FALSE	"X"	0.114457831325301	0.943181818181818	166	10	"T"	19	147	0	19	TRUE	"LDHarmonicR2"	"primary"	TRUE	0
"X_11292471"	1.05141e-05	-0.0428923	"G"	4	1	11292471	"G"	"C"	0.491429	-0.0428923	0.00973427	1.05141e-05	FALSE	"X"	0.491428571428572	0.994318181818182	175	1	"G"	86	89	0	86	TRUE	"LDHarmonicR2"	"primary"	TRUE	0
"X_3550652"	1.48788e-05	0.0503965	"C"	6	1	3550652	"C"	"T"	0.251462	0.0503965	0.0116376	1.48788e-05	FALSE	"X"	0.251461988304094	0.971590909090909	171	5	"C"	43	128	0	43	TRUE	"LDHarmonicR2"	"primary"	TRUE	0
"2L_10641389"	2.04093e-05	-0.296595	"A"	7	21	10641389	"A"	"G"	0.148148	-0.296595	0.0696172	2.04093e-05	FALSE	"2L"	0.148148148148148	0.920454545454545	162	14	"A"	24	138	0	24	TRUE	"MovingShapePC1"	"primary"	TRUE	0
"2L_663591"	2.8417e-05	-0.214885	"G"	10	21	663591	"G"	"A"	0.25625	-0.214885	0.0513366	2.8417e-05	FALSE	"2L"	0.25625	0.909090909090909	160	16	"G"	41	119	0	41	TRUE	"MovingShapePC1"	"primary"	TRUE	0
"2R_12665067"	4.39254e-06	0.210424	"A"	2	22	12665067	"A"	"G"	0.345238	0.210424	0.0458251	4.39254e-06	FALSE	"2R"	0.345238095238095	0.954545454545455	168	8	"A"	58	110	0	58	TRUE	"MovingShapePC1"	"primary"	TRUE	0
"2R_16405149"	4.89064e-06	0.210071	"C"	3	22	16405149	"C"	"CCA"	0.402367	0.210071	0.0459732	4.89064e-06	FALSE	"2R"	0.402366863905325	0.960227272727273	169	7	"C"	68	101	0	68	TRUE	"MovingShapePC1"	"primary"	TRUE	0
"2R_24313340"	1.67624e-05	0.217601	"A"	6	22	24313340	"A"	"T"	0.236686	0.217601	0.0505561	1.67624e-05	FALSE	"2R"	0.236686390532544	0.960227272727273	169	7	"A"	40	129	0	40	TRUE	"MovingShapePC1"	"primary"	TRUE	0
"3L_1820086"	2.44357e-05	0.185867	"C"	9	31	1820086	"C"	"A"	0.420118	0.185867	0.0440449	2.44357e-05	FALSE	"3L"	0.420118343195266	0.960227272727273	169	7	"C"	71	98	0	71	TRUE	"MovingShapePC1"	"primary"	TRUE	0
"3R_19299344"	2.23302e-05	0.200445	"A"	8	32	19299344	"A"	"T"	0.478788	0.200445	0.0472723	2.23302e-05	FALSE	"3R"	0.478787878787879	0.9375	165	11	"A"	79	86	0	79	TRUE	"MovingShapePC1"	"primary"	TRUE	0
"3R_22569326"	1.34316e-05	0.269418	"C"	5	32	22569326	"C"	"T"	0.14375	0.269418	0.0618932	1.34316e-05	FALSE	"3R"	0.14375	0.909090909090909	160	16	"C"	23	137	0	23	TRUE	"MovingShapePC1"	"primary"	TRUE	0
"3R_27043638"	8.79087e-06	-0.237318	"G"	4	32	27043638	"G"	"C"	0.219512	-0.237318	0.0533905	8.79087e-06	FALSE	"3R"	0.219512195121951	0.931818181818182	164	12	"G"	36	128	0	36	TRUE	"MovingShapePC1"	"primary"	TRUE	0
"X_8318357"	1.01135e-06	-0.244921	"C"	1	1	8318357	"C"	"A"	0.25	-0.244921	0.050092	1.01135e-06	FALSE	"X"	0.25	0.909090909090909	160	16	"C"	40	120	0	40	TRUE	"MovingShapePC1"	"primary"	TRUE	0
"2L_10772724"	2.41725e-06	-0.25413	"A"	2	21	10772724	"A"	"C"	0.252941	-0.25413	0.0538983	2.41725e-06	FALSE	"2L"	0.252941176470588	0.965909090909091	170	6	"A"	43	127	0	43	TRUE	"NightPDoze"	"primary"	TRUE	0
"2L_15610070"	1.68655e-05	-0.319791	"G"	10	21	15610070	"G"	"C"	0.1125	-0.319791	0.0743218	1.68655e-05	FALSE	"2L"	0.1125	0.909090909090909	160	16	"G"	18	142	0	18	TRUE	"NightPDoze"	"primary"	TRUE	0
"2L_20529112"	4.76885e-06	-0.216992	"TGTGGAC"	4	21	20529112	"TGTGGAC"	"T"	0.365854	-0.216992	0.0474329	4.76885e-06	FALSE	"2L"	0.365853658536585	0.931818181818182	164	12	"TGTGGAC"	60	104	0	60	TRUE	"NightPDoze"	"primary"	TRUE	0
"3L_1311540"	1.60927e-05	-0.219883	"C"	8	31	1311540	"C"	"T"	0.267442	-0.219883	0.0509793	1.60927e-05	FALSE	"3L"	0.267441860465116	0.977272727272727	172	4	"C"	46	126	0	46	TRUE	"NightPDoze"	"primary"	TRUE	0
"3L_18862904"	5.57965e-06	0.238467	"A"	5	31	18862904	"A"	"T"	0.263473	0.238467	0.052506	5.57965e-06	FALSE	"3L"	0.263473053892216	0.948863636363636	167	9	"A"	44	123	0	44	TRUE	"NightPDoze"	"primary"	TRUE	0
"3L_2547295"	8.5825e-07	0.219922	"CCA"	1	31	2547295	"CCA"	"C"	0.476471	0.219922	0.0446847	8.5825e-07	FALSE	"3L"	0.476470588235294	0.965909090909091	170	6	"CCA"	81	89	0	81	TRUE	"NightPDoze"	"primary"	TRUE	0
"3L_6298090"	4.43577e-06	-0.265241	"T"	3	31	6298090	"T"	"G"	0.185629	-0.265241	0.0577886	4.43577e-06	FALSE	"3L"	0.18562874251497	0.948863636363636	167	9	"T"	31	136	0	31	TRUE	"NightPDoze"	"primary"	TRUE	0
"3L_7668543"	1.67832e-05	0.257057	"T"	9	31	7668543	"T"	"A"	0.178161	0.257057	0.0597268	1.67832e-05	FALSE	"3L"	0.17816091954023	0.988636363636364	174	2	"T"	31	143	0	31	TRUE	"NightPDoze"	"primary"	TRUE	0
"3R_13899553"	5.95833e-06	-0.252816	"A"	6	32	13899553	"A"	"T"	0.196532	-0.252816	0.0558357	5.95833e-06	FALSE	"3R"	0.196531791907514	0.982954545454545	173	3	"A"	34	139	0	34	TRUE	"NightPDoze"	"primary"	TRUE	0
"3R_23894037"	1.09154e-05	-0.27453	"G"	7	32	23894037	"G"	"A"	0.164634	-0.27453	0.0624188	1.09154e-05	FALSE	"3R"	0.164634146341463	0.931818181818182	164	12	"G"	27	137	0	27	TRUE	"NightPDoze"	"primary"	TRUE	0
"2L_20321158"	3.41134e-06	-0.24709	"C"	4	21	20321158	"C"	"T"	0.490798	-0.24709	0.0532023	3.41134e-06	FALSE	"2L"	0.49079754601227	0.926136363636364	163	13	"C"	80	83	0	80	TRUE	"NightPWake"	"primary"	TRUE	0
"2R_23639685"	5.0168e-06	-0.266868	"A"	5	22	23639685	"A"	"G"	0.264706	-0.266868	0.0584713	5.0168e-06	FALSE	"2R"	0.264705882352941	0.965909090909091	170	6	"A"	45	125	0	45	TRUE	"NightPWake"	"primary"	TRUE	0
"2R_5727338"	8.99195e-06	0.334557	"A"	8	22	5727338	"A"	"G"	0.128655	0.334557	0.0753491	8.99195e-06	FALSE	"2R"	0.128654970760234	0.971590909090909	171	5	"A"	22	149	0	22	TRUE	"NightPWake"	"primary"	TRUE	0
"2R_7954848"	1.14377e-05	-0.311352	"T"	9	22	7954848	"T"	"A"	0.179012	-0.311352	0.0709548	1.14377e-05	FALSE	"2R"	0.179012345679012	0.920454545454545	162	14	"T"	29	133	0	29	TRUE	"NightPWake"	"primary"	TRUE	0
"3L_2125773"	1.30969e-05	-0.23649	"G"	10	31	2125773	"G"	"A"	0.366279	-0.23649	0.0542598	1.30969e-05	FALSE	"3L"	0.366279069767442	0.977272727272727	172	4	"G"	63	109	0	63	TRUE	"NightPWake"	"primary"	TRUE	0
"3L_3724365"	8.6859e-07	-0.25602	"A"	1	31	3724365	"A"	"G"	0.47619	-0.25602	0.052044	8.6859e-07	FALSE	"3L"	0.476190476190476	0.954545454545455	168	8	"A"	80	88	0	80	TRUE	"NightPWake"	"primary"	TRUE	0
"3L_4047811"	2.7678e-06	0.280094	"T"	3	31	4047811	"T"	"G"	0.270588	0.280094	0.0597554	2.7678e-06	FALSE	"3L"	0.270588235294118	0.965909090909091	170	6	"T"	46	124	0	46	TRUE	"NightPWake"	"primary"	TRUE	0
"3R_15397393"	7.7981e-06	0.343148	"C"	6	32	15397393	"C"	"T"	0.150943	0.343148	0.0767556	7.7981e-06	FALSE	"3R"	0.150943396226415	0.903409090909091	159	17	"C"	24	135	0	24	TRUE	"NightPWake"	"primary"	TRUE	0
"X_17878203"	2.47708e-06	-0.246154	"A"	2	1	17878203	"A"	"T"	0.4375	-0.246154	0.0522619	2.47708e-06	FALSE	"X"	0.4375	1	176	0	"A"	77	99	0	77	TRUE	"NightPWake"	"primary"	TRUE	0
"X_9393204"	7.92928e-06	0.317946	"C"	7	1	9393204	"C"	"G"	0.149425	0.317946	0.0711753	7.92928e-06	FALSE	"X"	0.149425287356322	0.988636363636364	174	2	"C"	26	148	0	26	TRUE	"NightPWake"	"primary"	TRUE	0
"2L_12681166"	1.727e-05	-46.371	"C"	9	21	12681166	"C"	"T"	0.228395	-46.371	10.7901	1.727e-05	FALSE	"2L"	0.228395061728395	0.920454545454545	162	14	"C"	37	125	0	37	TRUE	"NightSleepChange"	"primary"	TRUE	0
"2L_6268648"	1.78068e-05	-50.4121	"A"	10	21	6268648	"A"	"G"	0.154321	-50.4121	11.749	1.78068e-05	FALSE	"2L"	0.154320987654321	0.920454545454545	162	14	"A"	25	137	0	25	TRUE	"NightSleepChange"	"primary"	TRUE	0
"2R_22391929"	1.12608e-05	37.931	"C"	5	22	22391929	"C"	"T"	0.409639	37.931	8.63751	1.12608e-05	FALSE	"2R"	0.409638554216867	0.943181818181818	166	10	"C"	68	98	0	68	TRUE	"NightSleepChange"	"primary"	TRUE	0
"2R_6256391"	1.06078e-06	-54.6641	"C"	2	22	6256391	"C"	"A"	0.185629	-54.6641	11.2016	1.06078e-06	FALSE	"2R"	0.18562874251497	0.948863636363636	167	9	"C"	31	136	0	31	TRUE	"NightSleepChange"	"primary"	TRUE	0
"2R_7202244"	1.61993e-05	-44.3595	"T"	8	22	7202244	"T"	"C"	0.207101	-44.3595	10.2881	1.61993e-05	FALSE	"2R"	0.207100591715976	0.960227272727273	169	7	"T"	35	134	0	35	TRUE	"NightSleepChange"	"primary"	TRUE	0
"3L_12509851"	1.25493e-05	-39.0974	"G"	7	31	12509851	"G"	"T"	0.421687	-39.0974	8.95124	1.25493e-05	FALSE	"3L"	0.421686746987952	0.943181818181818	166	10	"G"	70	96	0	70	TRUE	"NightSleepChange"	"primary"	TRUE	0
"3L_1888560"	5.9602e-06	-52.9579	"A"	4	31	1888560	"A"	"G"	0.159091	-52.9579	11.6962	5.9602e-06	FALSE	"3L"	0.159090909090909	1	176	0	"A"	28	148	0	28	TRUE	"NightSleepChange"	"primary"	TRUE	0
"3R_21998760"	2.27025e-06	-63.802	"G"	3	32	21998760	"G"	"A"	0.105882	-63.802	13.4952	2.27025e-06	FALSE	"3R"	0.105882352941176	0.965909090909091	170	6	"G"	18	152	0	18	TRUE	"NightSleepChange"	"primary"	TRUE	0
"3R_22697510"	1.20592e-05	-61.7445	"T"	6	32	22697510	"T"	"C"	0.12963	-61.7445	14.1081	1.20592e-05	FALSE	"3R"	0.12962962962963	0.920454545454545	162	14	"T"	21	141	0	21	TRUE	"NightSleepChange"	"primary"	TRUE	0
"3R_29419559"	8.47576e-07	-47.5088	"A"	1	32	29419559	"A"	"T"	0.345238	-47.5088	9.64825	8.47576e-07	FALSE	"3R"	0.345238095238095	0.954545454545455	168	8	"A"	58	110	0	58	TRUE	"NightSleepChange"	"primary"	TRUE	0
"2L_10170542"	1.648e-05	-112.124	"T"	10	21	10170542	"T"	"C"	0.118343	-112.124	26.0275	1.648e-05	FALSE	"2L"	0.118343195266272	0.960227272727273	169	7	"T"	20	149	0	20	TRUE	"TotalSleep"	"primary"	TRUE	0
"2L_15943639"	6.9292e-06	-89.4092	"G"	2	21	15943639	"G"	"C"	0.262195	-89.4092	19.887	6.9292e-06	FALSE	"2L"	0.26219512195122	0.931818181818182	164	12	"G"	43	121	0	43	TRUE	"TotalSleep"	"primary"	TRUE	0
"2L_17491087"	7.72843e-06	-80.8328	"AGTATACAAAAT"	4	21	17491087	"AGTATACAAAAT"	"A"	0.484663	-80.8328	18.073	7.72843e-06	FALSE	"2L"	0.484662576687117	0.926136363636364	163	13	"AGTATACAAAAT"	79	84	0	79	TRUE	"TotalSleep"	"primary"	TRUE	0
"2L_20321158"	7.77988e-06	79.4682	"C"	5	21	20321158	"C"	"T"	0.490798	79.4682	17.7735	7.77988e-06	FALSE	"2L"	0.49079754601227	0.926136363636364	163	13	"C"	80	83	0	80	TRUE	"TotalSleep"	"primary"	TRUE	0
"2R_18433628"	1.30411e-05	79.4255	"G"	8	22	18433628	"G"	"T"	0.299401	79.4255	18.2193	1.30411e-05	FALSE	"2R"	0.29940119760479	0.948863636363636	167	9	"G"	50	117	0	50	TRUE	"TotalSleep"	"primary"	TRUE	0
"3L_3724365"	5.34047e-06	78.9229	"A"	1	31	3724365	"A"	"G"	0.47619	78.9229	17.3421	5.34047e-06	FALSE	"3L"	0.476190476190476	0.954545454545455	168	8	"A"	80	88	0	80	TRUE	"TotalSleep"	"primary"	TRUE	0
"3L_4047811"	7.6401e-06	-88.8618	"T"	3	31	4047811	"T"	"G"	0.270588	-88.8618	19.8573	7.6401e-06	FALSE	"3L"	0.270588235294118	0.965909090909091	170	6	"T"	46	124	0	46	TRUE	"TotalSleep"	"primary"	TRUE	0
"3R_13161784"	1.51706e-05	-77.8497	"T"	9	32	13161784	"T"	"G"	0.4	-77.8497	17.995	1.51706e-05	FALSE	"3R"	0.4	0.909090909090909	160	16	"T"	64	96	0	64	TRUE	"TotalSleep"	"primary"	TRUE	0
"3R_16911341"	1.09855e-05	-85.3541	"C"	7	32	16911341	"C"	"T"	0.343373	-85.3541	19.4127	1.09855e-05	FALSE	"3R"	0.343373493975904	0.943181818181818	166	10	"C"	57	109	0	57	TRUE	"TotalSleep"	"primary"	TRUE	0
"X_2509888"	8.98358e-06	-100.77	"T"	6	1	2509888	"T"	"C"	0.16185	-100.77	22.6944	8.98358e-06	FALSE	"X"	0.161849710982659	0.982954545454545	173	3	"T"	28	145	0	28	TRUE	"TotalSleep"	"primary"	TRUE	0
"2L_14815128"	2.04866e-05	-0.0693839	"A"	9	21	14815128	"A"	"AC"	0.109827	-0.0625288	0.0156981	6.7994e-05	FALSE	"2L"	0.109826589595376	0.982954545454545	173	3	"A"	19	154	0	19	TRUE	"LDHarmonicR2"	"raw_batch"	TRUE	-0.521000702974774
"2L_6415893"	2.28762e-06	0.0479999	"G"	3	21	6415893	"G"	"A"	0.5	0.0436618	0.0101121	1.57621e-05	FALSE	"2L"	0.5	0.920454545454545	162	14	"G"	81	81	0	81	TRUE	"LDHarmonicR2"	"raw_batch"	TRUE	-0.838230193684685
"2R_16679757"	2.46497e-05	0.0432553	"G"	10	22	16679757	"G"	"A"	0.445122	0.0353782	0.0101325	0.000480245	FALSE	"2R"	0.445121951219512	0.931818181818182	164	12	"G"	73	91	0	73	TRUE	"LDHarmonicR2"	"raw_batch"	TRUE	-1.28965121391445
"3R_22770259"	1.63828e-05	0.0578724	"AC"	7	32	22770259	"AC"	"A"	0.145349	0.0573883	0.0135001	2.12869e-05	FALSE	"3R"	0.145348837209302	0.977272727272727	172	4	"AC"	25	147	0	25	TRUE	"LDHarmonicR2"	"raw_batch"	TRUE	-0.113724290514245
"3R_23828086"	1.91787e-05	0.0783384	"CA"	8	32	23828086	"CA"	"C"	0.17284	0.064037	0.0183858	0.000495883	FALSE	"3R"	0.17283950617284	0.920454545454545	162	14	"CA"	28	134	0	28	TRUE	"LDHarmonicR2"	"raw_batch"	TRUE	-1.41256005412219
"3R_24776116"	1.60719e-06	0.0688911	"T"	1	32	24776116	"T"	"C"	0.130952	0.0667691	0.0143655	3.35376e-06	FALSE	"3R"	0.130952380952381	0.954545454545455	168	8	"T"	22	146	0	22	TRUE	"LDHarmonicR2"	"raw_batch"	TRUE	-0.319464759078842
"3R_27476251"	1.64172e-06	-0.0525795	"T"	2	32	27476251	"T"	"C"	0.378882	-0.0387737	0.0106964	0.000289041	FALSE	"3R"	0.37888198757764	0.914772727272727	161	15	"T"	61	100	0	61	TRUE	"LDHarmonicR2"	"raw_batch"	TRUE	-2.24566036215437
"X_10661963"	1.07261e-05	-0.0702938	"T"	5	1	10661963	"T"	"C"	0.114458	-0.0563844	0.0154347	0.0002591	FALSE	"X"	0.114457831325301	0.943181818181818	166	10	"T"	19	147	0	19	TRUE	"LDHarmonicR2"	"raw_batch"	TRUE	-1.38302557138938
"X_11292471"	1.05141e-05	-0.0428923	"G"	4	1	11292471	"G"	"C"	0.491429	-0.0437282	0.0097009	6.55507e-06	FALSE	"X"	0.491428571428572	0.994318181818182	175	1	"G"	86	89	0	86	TRUE	"LDHarmonicR2"	"raw_batch"	TRUE	0.205194769517051
"X_3550652"	1.48788e-05	0.0503965	"C"	6	1	3550652	"C"	"T"	0.251462	0.0401653	0.0113418	0.00039806	FALSE	"X"	0.251461988304094	0.971590909090909	171	5	"C"	43	128	0	43	TRUE	"LDHarmonicR2"	"raw_batch"	TRUE	-1.42738063262008
"2L_10641389"	2.04093e-05	-0.296595	"A"	7	21	10641389	"A"	"G"	0.148148	-0.223984	0.0617963	0.000289464	FALSE	"2L"	0.148148148148148	0.920454545454545	162	14	"A"	24	138	0	24	TRUE	"MovingShapePC1"	"raw_batch"	TRUE	-1.15176644967344
"2L_663591"	2.8417e-05	-0.214885	"G"	10	21	663591	"G"	"A"	0.25625	-0.146427	0.0456453	0.00133697	FALSE	"2L"	0.25625	0.909090909090909	160	16	"G"	41	119	0	41	TRUE	"MovingShapePC1"	"raw_batch"	TRUE	-1.67254343504667
"2R_12665067"	4.39254e-06	0.210424	"A"	2	22	12665067	"A"	"G"	0.345238	0.159854	0.0400294	6.51265e-05	FALSE	"2R"	0.345238095238095	0.954545454545455	168	8	"A"	58	110	0	58	TRUE	"MovingShapePC1"	"raw_batch"	TRUE	-1.17104201411407
"2R_16405149"	4.89064e-06	0.210071	"C"	3	22	16405149	"C"	"CCA"	0.402367	0.170117	0.0408035	3.05717e-05	FALSE	"2R"	0.402366863905325	0.960227272727273	169	7	"C"	68	101	0	68	TRUE	"MovingShapePC1"	"raw_batch"	TRUE	-0.795953893621471
"2R_24313340"	1.67624e-05	0.217601	"A"	6	22	24313340	"A"	"T"	0.236686	0.131056	0.0448554	0.00348071	FALSE	"2R"	0.236686390532544	0.960227272727273	169	7	"A"	40	129	0	40	TRUE	"MovingShapePC1"	"raw_batch"	TRUE	-2.31733164098453
"3L_1820086"	2.44357e-05	0.185867	"C"	9	31	1820086	"C"	"A"	0.420118	0.145964	0.039631	0.000230445	FALSE	"3L"	0.420118343195266	0.960227272727273	169	7	"C"	71	98	0	71	TRUE	"MovingShapePC1"	"raw_batch"	TRUE	-0.974542505002131
"3R_19299344"	2.23302e-05	0.200445	"A"	8	32	19299344	"A"	"T"	0.478788	0.128935	0.040472	0.00144358	FALSE	"3R"	0.478787878787879	0.9375	165	11	"A"	79	86	0	79	TRUE	"MovingShapePC1"	"raw_batch"	TRUE	-1.81054824368115
"3R_22569326"	1.34316e-05	0.269418	"C"	5	32	22569326	"C"	"T"	0.14375	0.198213	0.0558392	0.000385646	FALSE	"3R"	0.14375	0.909090909090909	160	16	"C"	23	137	0	23	TRUE	"MovingShapePC1"	"raw_batch"	TRUE	-1.45806108132168
"3R_27043638"	8.79087e-06	-0.237318	"G"	4	32	27043638	"G"	"C"	0.219512	-0.202033	0.0473999	2.02324e-05	FALSE	"3R"	0.219512195121951	0.931818181818182	164	12	"G"	36	128	0	36	TRUE	"MovingShapePC1"	"raw_batch"	TRUE	-0.362015544815409
"X_8318357"	1.01135e-06	-0.244921	"C"	1	1	8318357	"C"	"A"	0.25	-0.198649	0.0447117	8.87579e-06	FALSE	"X"	0.25	0.909090909090909	160	16	"C"	40	120	0	40	TRUE	"MovingShapePC1"	"raw_batch"	TRUE	-0.943305539533047
"2L_10772724"	2.41725e-06	-0.25413	"A"	2	21	10772724	"A"	"C"	0.252941	-0.239446	0.052761	5.67038e-06	FALSE	"2L"	0.252941176470588	0.965909090909091	170	6	"A"	43	127	0	43	TRUE	"NightPDoze"	"raw_batch"	TRUE	-0.370290595169331
"2L_15610070"	1.68655e-05	-0.319791	"G"	10	21	15610070	"G"	"C"	0.1125	-0.336277	0.0724342	3.4419e-06	FALSE	"2L"	0.1125	0.909090909090909	160	16	"G"	18	142	0	18	TRUE	"NightPDoze"	"raw_batch"	TRUE	0.690200972644586
"2L_20529112"	4.76885e-06	-0.216992	"TGTGGAC"	4	21	20529112	"TGTGGAC"	"T"	0.365854	-0.178896	0.0459835	0.000100061	FALSE	"2L"	0.365853658536585	0.931818181818182	164	12	"TGTGGAC"	60	104	0	60	TRUE	"NightPDoze"	"raw_batch"	TRUE	-1.32185117657017
"3L_1311540"	1.60927e-05	-0.219883	"C"	8	31	1311540	"C"	"T"	0.267442	-0.205081	0.0494724	3.39282e-05	FALSE	"3L"	0.267441860465116	0.977272727272727	172	4	"C"	46	126	0	46	TRUE	"NightPDoze"	"raw_batch"	TRUE	-0.32393190429458
"3L_18862904"	5.57965e-06	0.238467	"A"	5	31	18862904	"A"	"T"	0.263473	0.190833	0.0513886	0.000204397	FALSE	"3L"	0.263473053892216	0.948863636363636	167	9	"A"	44	123	0	44	TRUE	"NightPDoze"	"raw_batch"	TRUE	-1.56386755984083
"3L_2547295"	8.5825e-07	0.219922	"CCA"	1	31	2547295	"CCA"	"C"	0.476471	0.188879	0.043337	1.31029e-05	FALSE	"3L"	0.476470588235294	0.965909090909091	170	6	"CCA"	81	89	0	81	TRUE	"NightPDoze"	"raw_batch"	TRUE	-1.18375361444446
"3L_6298090"	4.43577e-06	-0.265241	"T"	3	31	6298090	"T"	"G"	0.185629	-0.222753	0.0563131	7.63404e-05	FALSE	"3L"	0.18562874251497	0.948863636363636	167	9	"T"	31	136	0	31	TRUE	"NightPDoze"	"raw_batch"	TRUE	-1.2357854118167
"3L_7668543"	1.67832e-05	0.257057	"T"	9	31	7668543	"T"	"A"	0.178161	0.218978	0.0582007	0.000168245	FALSE	"3L"	0.17816091954023	0.988636363636364	174	2	"T"	31	143	0	31	TRUE	"NightPDoze"	"raw_batch"	TRUE	-1.00106739652708
"3R_13899553"	5.95833e-06	-0.252816	"A"	6	32	13899553	"A"	"T"	0.196532	-0.235463	0.0546667	1.65291e-05	FALSE	"3R"	0.196531791907514	0.982954545454545	173	3	"A"	34	139	0	34	TRUE	"NightPDoze"	"raw_batch"	TRUE	-0.443124654338706
"3R_23894037"	1.09154e-05	-0.27453	"G"	7	32	23894037	"G"	"A"	0.164634	-0.225784	0.0605976	0.000194575	FALSE	"3R"	0.164634146341463	0.931818181818182	164	12	"G"	27	137	0	27	TRUE	"NightPDoze"	"raw_batch"	TRUE	-1.25104738385717
"2L_20321158"	3.41134e-06	-0.24709	"C"	4	21	20321158	"C"	"T"	0.490798	-0.253692	0.0543213	3.00884e-06	FALSE	"2L"	0.49079754601227	0.926136363636364	163	13	"C"	80	83	0	80	TRUE	"NightPWake"	"raw_batch"	TRUE	0.0545259126113225
"2R_23639685"	5.0168e-06	-0.266868	"A"	5	22	23639685	"A"	"G"	0.264706	-0.273005	0.0595909	4.62033e-06	FALSE	"2R"	0.264705882352941	0.965909090909091	170	6	"A"	45	125	0	45	TRUE	"NightPWake"	"raw_batch"	TRUE	0.0357537922845879
"2R_5727338"	8.99195e-06	0.334557	"A"	8	22	5727338	"A"	"G"	0.128655	0.291782	0.076784	0.000144678	FALSE	"2R"	0.128654970760234	0.971590909090909	171	5	"A"	22	149	0	22	TRUE	"NightPWake"	"raw_batch"	TRUE	-1.20654861320565
"2R_7954848"	1.14377e-05	-0.311352	"T"	9	22	7954848	"T"	"A"	0.179012	-0.286123	0.0723749	7.70664e-05	FALSE	"2R"	0.179012345679012	0.920454545454545	162	14	"T"	29	133	0	29	TRUE	"NightPWake"	"raw_batch"	TRUE	-0.828526371048601
"3L_2125773"	1.30969e-05	-0.23649	"G"	10	31	2125773	"G"	"A"	0.366279	-0.255024	0.0553285	4.04076e-06	FALSE	"3L"	0.366279069767442	0.977272727272727	172	4	"G"	63	109	0	63	TRUE	"NightPWake"	"raw_batch"	TRUE	0.510705455128214
"3L_3724365"	8.6859e-07	-0.25602	"A"	1	31	3724365	"A"	"G"	0.47619	-0.246525	0.0530942	3.43123e-06	FALSE	"3L"	0.476190476190476	0.954545454545455	168	8	"A"	80	88	0	80	TRUE	"NightPWake"	"raw_batch"	TRUE	-0.596635005319016
"3L_4047811"	2.7678e-06	0.280094	"T"	3	31	4047811	"T"	"G"	0.270588	0.247754	0.0609072	4.74741e-05	FALSE	"3L"	0.270588235294118	0.965909090909091	170	6	"T"	46	124	0	46	TRUE	"NightPWake"	"raw_batch"	TRUE	-1.23432203526836
"3R_15397393"	7.7981e-06	0.343148	"C"	6	32	15397393	"C"	"T"	0.150943	0.386906	0.0783827	7.96955e-07	FALSE	"3R"	0.150943396226415	0.903409090909091	159	17	"C"	24	135	0	24	TRUE	"NightPWake"	"raw_batch"	TRUE	0.990555000436848
"X_17878203"	2.47708e-06	-0.246154	"A"	2	1	17878203	"A"	"T"	0.4375	-0.257336	0.0533283	1.39648e-06	FALSE	"X"	0.4375	1	176	0	"A"	77	99	0	77	TRUE	"NightPWake"	"raw_batch"	TRUE	0.248905312590041
"X_9393204"	7.92928e-06	0.317946	"C"	7	1	9393204	"C"	"G"	0.149425	0.323479	0.0725458	8.23601e-06	FALSE	"X"	0.149425287356322	0.988636363636364	174	2	"C"	26	148	0	26	TRUE	"NightPWake"	"raw_batch"	TRUE	-0.0164831112598991
"2L_12681166"	1.727e-05	-46.371	"C"	9	21	12681166	"C"	"T"	0.228395	-43.455	10.3458	2.66599e-05	FALSE	"2L"	0.228395061728395	0.920454545454545	162	14	"C"	37	125	0	37	TRUE	"NightSleepChange"	"raw_batch"	TRUE	-0.188566178495766
"2L_6268648"	1.78068e-05	-50.4121	"A"	10	21	6268648	"A"	"G"	0.154321	-42.0941	11.446	0.000235413	FALSE	"2L"	0.154320987654321	0.920454545454545	162	14	"A"	25	137	0	25	TRUE	"NightSleepChange"	"raw_batch"	TRUE	-1.12124456094476
"2R_22391929"	1.12608e-05	37.931	"C"	5	22	22391929	"C"	"T"	0.409639	28.1675	8.45927	0.000869169	FALSE	"2R"	0.409638554216867	0.943181818181818	166	10	"C"	68	98	0	68	TRUE	"NightSleepChange"	"raw_batch"	TRUE	-1.88753498311347
"2R_6256391"	1.06078e-06	-54.6641	"C"	2	22	6256391	"C"	"A"	0.185629	-47.8827	10.5994	6.25771e-06	FALSE	"2R"	0.18562874251497	0.948863636363636	167	9	"C"	31	136	0	31	TRUE	"NightSleepChange"	"raw_batch"	TRUE	-0.770790109912863
"2R_7202244"	1.61993e-05	-44.3595	"T"	8	22	7202244	"T"	"C"	0.207101	-39.298	10.0336	8.97873e-05	FALSE	"2R"	0.207100591715976	0.960227272727273	169	7	"T"	35	134	0	35	TRUE	"NightSleepChange"	"raw_batch"	TRUE	-0.743718663731093
"3L_12509851"	1.25493e-05	-39.0974	"G"	7	31	12509851	"G"	"T"	0.421687	-34.9944	8.46569	3.5701e-05	FALSE	"3L"	0.421686746987952	0.943181818181818	166	10	"G"	70	96	0	70	TRUE	"NightSleepChange"	"raw_batch"	TRUE	-0.454060879508481
"3L_1888560"	5.9602e-06	-52.9579	"A"	4	31	1888560	"A"	"G"	0.159091	-52.2036	10.9861	2.01626e-06	FALSE	"3L"	0.159090909090909	1	176	0	"A"	28	148	0	28	TRUE	"NightSleepChange"	"raw_batch"	TRUE	0.470714298772982
"3R_21998760"	2.27025e-06	-63.802	"G"	3	32	21998760	"G"	"A"	0.105882	-60.0427	13.0278	4.04942e-06	FALSE	"3R"	0.105882352941176	0.965909090909091	170	6	"G"	18	152	0	18	TRUE	"NightSleepChange"	"raw_batch"	TRUE	-0.251319139153346
"3R_22697510"	1.20592e-05	-61.7445	"T"	6	32	22697510	"T"	"C"	0.12963	-49.2704	13.4017	0.000236529	FALSE	"3R"	0.12962962962963	0.920454545454545	162	14	"T"	21	141	0	21	TRUE	"NightSleepChange"	"raw_batch"	TRUE	-1.29256589775016
"3R_29419559"	8.47576e-07	-47.5088	"A"	1	32	29419559	"A"	"T"	0.345238	-35.4714	9.15606	0.000107023	FALSE	"3R"	0.345238095238095	0.954545454545455	168	8	"A"	58	110	0	58	TRUE	"NightSleepChange"	"raw_batch"	TRUE	-2.101298469962
"2L_10170542"	1.648e-05	-112.124	"T"	10	21	10170542	"T"	"C"	0.118343	-117.485	26.0347	6.40206e-06	FALSE	"2L"	0.118343195266272	0.960227272727273	169	7	"T"	20	149	0	20	TRUE	"TotalSleep"	"raw_batch"	TRUE	0.410637467333238
"2L_15943639"	6.9292e-06	-89.4092	"G"	2	21	15943639	"G"	"C"	0.262195	-87.4087	19.8851	1.10428e-05	FALSE	"2L"	0.26219512195122	0.931818181818182	164	12	"G"	43	121	0	43	TRUE	"TotalSleep"	"raw_batch"	TRUE	-0.20239610986615
"2L_17491087"	7.72843e-06	-80.8328	"AGTATACAAAAT"	4	21	17491087	"AGTATACAAAAT"	"A"	0.484663	-84.3885	18.0157	2.81125e-06	FALSE	"2L"	0.484662576687117	0.926136363636364	163	13	"AGTATACAAAAT"	79	84	0	79	TRUE	"TotalSleep"	"raw_batch"	TRUE	0.439191809227718
"2L_20321158"	7.77988e-06	79.4682	"C"	5	21	20321158	"C"	"T"	0.490798	75.939	17.7093	1.80212e-05	FALSE	"2L"	0.49079754601227	0.926136363636364	163	13	"C"	80	83	0	80	TRUE	"TotalSleep"	"raw_batch"	TRUE	-0.364810808202845
"2R_18433628"	1.30411e-05	79.4255	"G"	8	22	18433628	"G"	"T"	0.299401	71.3355	18.2896	9.6064e-05	FALSE	"2R"	0.29940119760479	0.948863636363636	167	9	"G"	50	117	0	50	TRUE	"TotalSleep"	"raw_batch"	TRUE	-0.867246441105656
"3L_3724365"	5.34047e-06	78.9229	"A"	1	31	3724365	"A"	"G"	0.47619	79.2649	17.3125	4.68341e-06	FALSE	"3L"	0.476190476190476	0.954545454545455	168	8	"A"	80	88	0	80	TRUE	"TotalSleep"	"raw_batch"	TRUE	0.0570173008569057
"3L_4047811"	7.6401e-06	-88.8618	"T"	3	31	4047811	"T"	"G"	0.270588	-84.4233	19.864	2.13703e-05	FALSE	"3L"	0.270588235294118	0.965909090909091	170	6	"T"	46	124	0	46	TRUE	"TotalSleep"	"raw_batch"	TRUE	-0.446711575887338
"3R_13161784"	1.51706e-05	-77.8497	"T"	9	32	13161784	"T"	"G"	0.4	-75.7117	17.9505	2.46703e-05	FALSE	"3R"	0.4	0.909090909090909	160	16	"T"	64	96	0	64	TRUE	"TotalSleep"	"raw_batch"	TRUE	-0.211171673151396
"3R_16911341"	1.09855e-05	-85.3541	"C"	7	32	16911341	"C"	"T"	0.343373	-86.7922	19.359	7.34947e-06	FALSE	"3R"	0.343373493975904	0.943181818181818	166	10	"C"	57	109	0	57	TRUE	"TotalSleep"	"raw_batch"	TRUE	0.174563806938573
"X_2509888"	8.98358e-06	-100.77	"T"	6	1	2509888	"T"	"C"	0.16185	-101.89	22.7924	7.80967e-06	FALSE	"X"	0.161849710982659	0.982954545454545	173	3	"T"	28	145	0	28	TRUE	"TotalSleep"	"raw_batch"	TRUE	0.0608167565899187
"2L_14815128"	2.04866e-05	-0.0693839	"A"	9	21	14815128	"A"	"AC"	0.109827	-0.58557	0.135187	1.48054e-05	FALSE	"2L"	0.109826589595376	0.982954545454545	173	3	"A"	19	154	0	19	TRUE	"LDHarmonicR2"	"RINT"	TRUE	0.141049742648011
"2L_6415893"	2.28762e-06	0.0479999	"G"	3	21	6415893	"G"	"A"	0.5	0.396633	0.0848761	2.96711e-06	FALSE	"2L"	0.5	0.920454545454545	162	14	"G"	81	81	0	81	TRUE	"LDHarmonicR2"	"RINT"	TRUE	-0.112949762460797
"2R_16679757"	2.46497e-05	0.0432553	"G"	10	22	16679757	"G"	"A"	0.445122	0.359354	0.0854954	2.63173e-05	FALSE	"2R"	0.445121951219512	0.931818181818182	164	12	"G"	73	91	0	73	TRUE	"LDHarmonicR2"	"RINT"	TRUE	-0.0284296931211649
"3R_22770259"	1.63828e-05	0.0578724	"AC"	7	32	22770259	"AC"	"A"	0.145349	0.478415	0.112362	2.0643e-05	FALSE	"3R"	0.145348837209302	0.977272727272727	172	4	"AC"	25	147	0	25	TRUE	"LDHarmonicR2"	"RINT"	TRUE	-0.100384683113117
"3R_23828086"	1.91787e-05	0.0783384	"CA"	8	32	23828086	"CA"	"C"	0.17284	0.644704	0.153637	2.71352e-05	FALSE	"3R"	0.17283950617284	0.920454545454545	162	14	"CA"	28	134	0	28	TRUE	"LDHarmonicR2"	"RINT"	TRUE	-0.15071386107594
"3R_24776116"	1.60719e-06	0.0688911	"T"	1	32	24776116	"T"	"C"	0.130952	0.562845	0.119907	2.67876e-06	FALSE	"3R"	0.130952380952381	0.954545454545455	168	8	"T"	22	146	0	22	TRUE	"LDHarmonicR2"	"RINT"	TRUE	-0.221866583753753
"3R_27476251"	1.64172e-06	-0.0525795	"T"	2	32	27476251	"T"	"C"	0.378882	-0.429212	0.0910777	2.44586e-06	FALSE	"3R"	0.37888198757764	0.914772727272727	161	15	"T"	61	100	0	61	TRUE	"LDHarmonicR2"	"RINT"	TRUE	-0.1731325056337
"X_10661963"	1.07261e-05	-0.0702938	"T"	5	1	10661963	"T"	"C"	0.114458	-0.582055	0.132345	1.09247e-05	FALSE	"X"	0.114457831325301	0.943181818181818	166	10	"T"	19	147	0	19	TRUE	"LDHarmonicR2"	"RINT"	TRUE	-0.00796767817567456
"X_11292471"	1.05141e-05	-0.0428923	"G"	4	1	11292471	"G"	"C"	0.491429	-0.363212	0.0813264	7.96585e-06	FALSE	"X"	0.491428571428572	0.994318181818182	175	1	"G"	86	89	0	86	TRUE	"LDHarmonicR2"	"RINT"	TRUE	0.120539979073953
"X_3550652"	1.48788e-05	0.0503965	"C"	6	1	3550652	"C"	"T"	0.251462	0.416668	0.0967416	1.65471e-05	FALSE	"X"	0.251461988304094	0.971590909090909	171	5	"C"	43	128	0	43	TRUE	"LDHarmonicR2"	"RINT"	TRUE	-0.0461539854551694
"2L_10641389"	2.04093e-05	-0.296595	"A"	7	21	10641389	"A"	"G"	0.148148	-0.544841	0.128468	2.22456e-05	FALSE	"2L"	0.148148148148148	0.920454545454545	162	14	"A"	24	138	0	24	TRUE	"MovingShapePC1"	"RINT"	TRUE	-0.0374160143698523
"2L_663591"	2.8417e-05	-0.214885	"G"	10	21	663591	"G"	"A"	0.25625	-0.38282	0.0947936	5.38032e-05	FALSE	"2L"	0.25625	0.909090909090909	160	16	"G"	41	119	0	41	TRUE	"MovingShapePC1"	"RINT"	TRUE	-0.27722987926182
"2R_12665067"	4.39254e-06	0.210424	"A"	2	22	12665067	"A"	"G"	0.345238	0.39598	0.0844874	2.77445e-06	FALSE	"2R"	0.345238095238095	0.954545454545455	168	8	"A"	58	110	0	58	TRUE	"MovingShapePC1"	"RINT"	TRUE	0.199538822478565
"2R_16405149"	4.89064e-06	0.210071	"C"	3	22	16405149	"C"	"CCA"	0.402367	0.397637	0.0849	2.81886e-06	FALSE	"2R"	0.402366863905325	0.960227272727273	169	7	"C"	68	101	0	68	TRUE	"MovingShapePC1"	"RINT"	TRUE	0.23929218861324
"2R_24313340"	1.67624e-05	0.217601	"A"	6	22	24313340	"A"	"T"	0.236686	0.416167	0.0932939	8.16484e-06	FALSE	"2R"	0.236686390532544	0.960227272727273	169	7	"A"	40	129	0	40	TRUE	"MovingShapePC1"	"RINT"	TRUE	0.312388521356626
"3L_1820086"	2.44357e-05	0.185867	"C"	9	31	1820086	"C"	"A"	0.420118	0.348718	0.0814214	1.8449e-05	FALSE	"3L"	0.420118343195266	0.960227272727273	169	7	"C"	71	98	0	71	TRUE	"MovingShapePC1"	"RINT"	TRUE	0.122051953746775
"3R_19299344"	2.23302e-05	0.200445	"A"	8	32	19299344	"A"	"T"	0.478788	0.366169	0.0870066	2.57051e-05	FALSE	"3R"	0.478787878787879	0.9375	165	11	"A"	79	86	0	79	TRUE	"MovingShapePC1"	"RINT"	TRUE	-0.0611266848939618
"3R_22569326"	1.34316e-05	0.269418	"C"	5	32	22569326	"C"	"T"	0.14375	0.516828	0.11444	6.29782e-06	FALSE	"3R"	0.14375	0.909090909090909	160	16	"C"	23	137	0	23	TRUE	"MovingShapePC1"	"RINT"	TRUE	0.328937506039169
"3R_27043638"	8.79087e-06	-0.237318	"G"	4	32	27043638	"G"	"C"	0.219512	-0.41725	0.0986011	2.3193e-05	FALSE	"3R"	0.219512195121951	0.931818181818182	164	12	"G"	36	128	0	36	TRUE	"MovingShapePC1"	"RINT"	TRUE	-0.421325070265478
"X_8318357"	1.01135e-06	-0.244921	"C"	1	1	8318357	"C"	"A"	0.25	-0.44971	0.0925236	1.17096e-06	FALSE	"X"	0.25	0.909090909090909	160	16	"C"	40	120	0	40	TRUE	"MovingShapePC1"	"RINT"	TRUE	-0.06364058102454
"2L_10772724"	2.41725e-06	-0.25413	"A"	2	21	10772724	"A"	"C"	0.252941	-0.442539	0.0949048	3.11666e-06	FALSE	"2L"	0.252941176470588	0.965909090909091	170	6	"A"	43	127	0	43	TRUE	"NightPDoze"	"RINT"	TRUE	-0.110367858275674
"2L_15610070"	1.68655e-05	-0.319791	"G"	10	21	15610070	"G"	"C"	0.1125	-0.51728	0.130906	7.76543e-05	FALSE	"2L"	0.1125	0.909090909090909	160	16	"G"	18	142	0	18	TRUE	"NightPDoze"	"RINT"	TRUE	-0.663166288240713
"2L_20529112"	4.76885e-06	-0.216992	"TGTGGAC"	4	21	20529112	"TGTGGAC"	"T"	0.365854	-0.380357	0.0835664	5.3251e-06	FALSE	"2L"	0.365853658536585	0.931818181818182	164	12	"TGTGGAC"	60	104	0	60	TRUE	"NightPDoze"	"RINT"	TRUE	-0.0479141055029704
"3L_1311540"	1.60927e-05	-0.219883	"C"	8	31	1311540	"C"	"T"	0.267442	-0.37684	0.0898113	2.71774e-05	FALSE	"3L"	0.267441860465116	0.977272727272727	172	4	"C"	46	126	0	46	TRUE	"NightPDoze"	"RINT"	TRUE	-0.227578991174827
"3L_18862904"	5.57965e-06	0.238467	"A"	5	31	18862904	"A"	"T"	0.263473	0.429599	0.092456	3.37584e-06	FALSE	"3L"	0.263473053892216	0.948863636363636	167	9	"A"	44	123	0	44	TRUE	"NightPDoze"	"RINT"	TRUE	0.218225102600917
"3L_2547295"	8.5825e-07	0.219922	"CCA"	1	31	2547295	"CCA"	"C"	0.476471	0.401011	0.0787245	3.50863e-07	FALSE	"3L"	0.476470588235294	0.965909090909091	170	6	"CCA"	81	89	0	81	TRUE	"NightPDoze"	"RINT"	TRUE	0.388476239673397
"3L_6298090"	4.43577e-06	-0.265241	"T"	3	31	6298090	"T"	"G"	0.185629	-0.455627	0.101786	7.59455e-06	FALSE	"3L"	0.18562874251497	0.948863636363636	167	9	"T"	31	136	0	31	TRUE	"NightPDoze"	"RINT"	TRUE	-0.233533026332236
"3L_7668543"	1.67832e-05	0.257057	"T"	9	31	7668543	"T"	"A"	0.178161	0.45378	0.105199	1.60661e-05	FALSE	"3L"	0.17816091954023	0.988636363636364	174	2	"T"	31	143	0	31	TRUE	"NightPDoze"	"RINT"	TRUE	0.0189643041430188
"3R_13899553"	5.95833e-06	-0.252816	"A"	6	32	13899553	"A"	"T"	0.196532	-0.439389	0.0983193	7.85852e-06	FALSE	"3R"	0.196531791907514	0.982954545454545	173	3	"A"	34	139	0	34	TRUE	"NightPDoze"	"RINT"	TRUE	-0.120216209996731
"3R_23894037"	1.09154e-05	-0.27453	"G"	7	32	23894037	"G"	"A"	0.164634	-0.478797	0.109965	1.33631e-05	FALSE	"3R"	0.164634146341463	0.931818181818182	164	12	"G"	27	137	0	27	TRUE	"NightPDoze"	"RINT"	TRUE	-0.0878675631095378
"2L_20321158"	3.41134e-06	-0.24709	"C"	4	21	20321158	"C"	"T"	0.490798	-0.380535	0.0825326	4.01268e-06	FALSE	"2L"	0.49079754601227	0.926136363636364	163	13	"C"	80	83	0	80	TRUE	"NightPWake"	"RINT"	TRUE	-0.0705095207009165
"2R_23639685"	5.0168e-06	-0.266868	"A"	5	22	23639685	"A"	"G"	0.264706	-0.418862	0.0906436	3.81935e-06	FALSE	"2R"	0.264705882352941	0.965909090909091	170	6	"A"	45	125	0	45	TRUE	"NightPWake"	"RINT"	TRUE	0.118437329419171
"2R_5727338"	8.99195e-06	0.334557	"A"	8	22	5727338	"A"	"G"	0.128655	0.483651	0.116803	3.46204e-05	FALSE	"2R"	0.128654970760234	0.971590909090909	171	5	"A"	22	149	0	22	TRUE	"NightPWake"	"RINT"	TRUE	-0.585478198030777
"2R_7954848"	1.14377e-05	-0.311352	"T"	9	22	7954848	"T"	"A"	0.179012	-0.515404	0.110031	2.81085e-06	FALSE	"2R"	0.179012345679012	0.920454545454545	162	14	"T"	29	133	0	29	TRUE	"NightPWake"	"RINT"	TRUE	0.609501030971686
"3L_2125773"	1.30969e-05	-0.23649	"G"	10	31	2125773	"G"	"A"	0.366279	-0.373545	0.0841315	8.99556e-06	FALSE	"3L"	0.366279069767442	0.977272727272727	172	4	"G"	63	109	0	63	TRUE	"NightPWake"	"RINT"	TRUE	0.16314030688845
"3L_3724365"	8.6859e-07	-0.25602	"A"	1	31	3724365	"A"	"G"	0.47619	-0.389947	0.0807104	1.35554e-06	FALSE	"3L"	0.476190476190476	0.954545454545455	168	8	"A"	80	88	0	80	TRUE	"NightPWake"	"RINT"	TRUE	-0.193297512438702
"3L_4047811"	2.7678e-06	0.280094	"T"	3	31	4047811	"T"	"G"	0.270588	0.399606	0.0926386	1.60614e-05	FALSE	"3L"	0.270588235294118	0.965909090909091	170	6	"T"	46	124	0	46	TRUE	"NightPWake"	"RINT"	TRUE	-0.763648693097392
"3R_15397393"	7.7981e-06	0.343148	"C"	6	32	15397393	"C"	"T"	0.150943	0.500321	0.119077	2.64975e-05	FALSE	"3R"	0.150943396226415	0.903409090909091	159	17	"C"	24	135	0	24	TRUE	"NightPWake"	"RINT"	TRUE	-0.531216100704288
"X_17878203"	2.47708e-06	-0.246154	"A"	2	1	17878203	"A"	"T"	0.4375	-0.376124	0.0810548	3.47798e-06	FALSE	"X"	0.4375	1	176	0	"A"	77	99	0	77	TRUE	"NightPWake"	"RINT"	TRUE	-0.147387047452688
"X_9393204"	7.92928e-06	0.317946	"C"	7	1	9393204	"C"	"G"	0.149425	0.472235	0.110342	1.87122e-05	FALSE	"X"	0.149425287356322	0.988636363636364	174	2	"C"	26	148	0	26	TRUE	"NightPWake"	"RINT"	TRUE	-0.372891096660149
"2L_12681166"	1.727e-05	-46.371	"C"	9	21	12681166	"C"	"T"	0.228395	-0.412916	0.0994048	3.26879e-05	FALSE	"2L"	0.228395061728395	0.920454545454545	162	14	"C"	37	125	0	37	TRUE	"NightSleepChange"	"RINT"	TRUE	-0.277094683113639
"2L_6268648"	1.78068e-05	-50.4121	"A"	10	21	6268648	"A"	"G"	0.154321	-0.423925	0.108186	8.91092e-05	FALSE	"2L"	0.154320987654321	0.920454545454545	162	14	"A"	25	137	0	25	TRUE	"NightSleepChange"	"RINT"	TRUE	-0.699336663820962
"2R_22391929"	1.12608e-05	37.931	"C"	5	22	22391929	"C"	"T"	0.409639	0.3548	0.0795156	8.11926e-06	FALSE	"2R"	0.409638554216867	0.943181818181818	166	10	"C"	68	98	0	68	TRUE	"NightSleepChange"	"RINT"	TRUE	0.142052796278647
"2R_6256391"	1.06078e-06	-54.6641	"C"	2	22	6256391	"C"	"A"	0.185629	-0.493793	0.103225	1.7214e-06	FALSE	"2R"	0.18562874251497	0.948863636363636	167	9	"C"	31	136	0	31	TRUE	"NightSleepChange"	"RINT"	TRUE	-0.210256475701976
"2R_7202244"	1.61993e-05	-44.3595	"T"	8	22	7202244	"T"	"C"	0.207101	-0.410063	0.0947319	1.50015e-05	FALSE	"2R"	0.207100591715976	0.960227272727273	169	7	"T"	35	134	0	35	TRUE	"NightSleepChange"	"RINT"	TRUE	0.0333615619936944
"3L_12509851"	1.25493e-05	-39.0974	"G"	7	31	12509851	"G"	"T"	0.421687	-0.363297	0.0824982	1.06419e-05	FALSE	"3L"	0.421686746987952	0.943181818181818	166	10	"G"	70	96	0	70	TRUE	"NightSleepChange"	"RINT"	TRUE	0.0716003279233037
"3L_1888560"	5.9602e-06	-52.9579	"A"	4	31	1888560	"A"	"G"	0.159091	-0.466865	0.107817	1.49004e-05	FALSE	"3L"	0.159090909090909	1	176	0	"A"	28	148	0	28	TRUE	"NightSleepChange"	"RINT"	TRUE	-0.397937094031997
"3R_21998760"	2.27025e-06	-63.802	"G"	3	32	21998760	"G"	"A"	0.105882	-0.554152	0.124318	8.29105e-06	FALSE	"3R"	0.105882352941176	0.965909090909091	170	6	"G"	18	152	0	18	TRUE	"NightSleepChange"	"RINT"	TRUE	-0.562535849860588
"3R_22697510"	1.20592e-05	-61.7445	"T"	6	32	22697510	"T"	"C"	0.12963	-0.532618	0.13002	4.19574e-05	FALSE	"3R"	0.12962962962963	0.920454545454545	162	14	"T"	21	141	0	21	TRUE	"NightSleepChange"	"RINT"	TRUE	-0.541490070234461
"3R_29419559"	8.47576e-07	-47.5088	"A"	1	32	29419559	"A"	"T"	0.345238	-0.436311	0.0889133	9.24084e-07	FALSE	"3R"	0.345238095238095	0.954545454545455	168	8	"A"	58	110	0	58	TRUE	"NightSleepChange"	"RINT"	TRUE	-0.0375328000312969
"2L_10170542"	1.648e-05	-112.124	"T"	10	21	10170542	"T"	"C"	0.118343	-0.49144	0.120691	4.66323e-05	FALSE	"2L"	0.118343195266272	0.960227272727273	169	7	"T"	20	149	0	20	TRUE	"TotalSleep"	"RINT"	TRUE	-0.451729628909922
"2L_15943639"	6.9292e-06	-89.4092	"G"	2	21	15943639	"G"	"C"	0.262195	-0.382567	0.0921838	3.32409e-05	FALSE	"2L"	0.26219512195122	0.931818181818182	164	12	"G"	43	121	0	43	TRUE	"TotalSleep"	"RINT"	TRUE	-0.680989677116086
"2L_17491087"	7.72843e-06	-80.8328	"AGTATACAAAAT"	4	21	17491087	"AGTATACAAAAT"	"A"	0.484663	-0.3535	0.0835234	2.31262e-05	FALSE	"2L"	0.484662576687117	0.926136363636364	163	13	"AGTATACAAAAT"	79	84	0	79	TRUE	"TotalSleep"	"RINT"	TRUE	-0.476012999517262
"2L_20321158"	7.77988e-06	79.4682	"C"	5	21	20321158	"C"	"T"	0.490798	0.360821	0.0821034	1.10917e-05	FALSE	"2L"	0.49079754601227	0.926136363636364	163	13	"C"	80	83	0	80	TRUE	"TotalSleep"	"RINT"	TRUE	-0.154025216284091
"2R_18433628"	1.30411e-05	79.4255	"G"	8	22	18433628	"G"	"T"	0.299401	0.349316	0.0847803	3.78458e-05	FALSE	"2R"	0.29940119760479	0.948863636363636	167	9	"G"	50	117	0	50	TRUE	"TotalSleep"	"RINT"	TRUE	-0.462703464843177
"3L_3724365"	5.34047e-06	78.9229	"A"	1	31	3724365	"A"	"G"	0.47619	0.363226	0.0802602	6.02236e-06	FALSE	"3L"	0.476190476190476	0.954545454545455	168	8	"A"	80	88	0	80	TRUE	"TotalSleep"	"RINT"	TRUE	-0.0521872331067357
"3L_4047811"	7.6401e-06	-88.8618	"T"	3	31	4047811	"T"	"G"	0.270588	-0.384032	0.0920848	3.04043e-05	FALSE	"3L"	0.270588235294118	0.965909090909091	170	6	"T"	46	124	0	46	TRUE	"TotalSleep"	"RINT"	TRUE	-0.59983596605497
"3R_13161784"	1.51706e-05	-77.8497	"T"	9	32	13161784	"T"	"G"	0.4	-0.353321	0.0832196	2.17962e-05	FALSE	"3R"	0.4	0.909090909090909	160	16	"T"	64	96	0	64	TRUE	"TotalSleep"	"RINT"	TRUE	-0.157378026745579
"3R_16911341"	1.09855e-05	-85.3541	"C"	7	32	16911341	"C"	"T"	0.343373	-0.383364	0.0897499	1.9419e-05	FALSE	"3R"	0.343373493975904	0.943181818181818	166	10	"C"	57	109	0	57	TRUE	"TotalSleep"	"RINT"	TRUE	-0.247407033316822
"X_2509888"	8.98358e-06	-100.77	"T"	6	1	2509888	"T"	"C"	0.16185	-0.435441	0.105652	3.7646e-05	FALSE	"X"	0.161849710982659	0.982954545454545	173	3	"T"	28	145	0	28	TRUE	"TotalSleep"	"RINT"	TRUE	-0.622269398293084
"2L_14815128"	2.04866e-05	-0.0693839	"A"	9	21	14815128	"A"	"AC"	0.110465	-0.0696173	0.0163347	2.02679e-05	FALSE	"2L"	0.11046511627907	0.982857142857143	172	3	"A"	19	153	0	19	TRUE	"LDHarmonicR2"	"exclude_influential"	TRUE	0.00466113508551125
"2L_6415893"	2.28762e-06	0.0479999	"G"	3	21	6415893	"G"	"A"	0.503106	0.0476962	0.0102195	3.05385e-06	TRUE	"2L"	0.496894409937888	0.92	161	14	"A"	80	81	0	80	TRUE	"LDHarmonicR2"	"exclude_influential"	TRUE	-0.125463816624039
"2R_16679757"	2.46497e-05	0.0432553	"G"	10	22	16679757	"G"	"A"	0.447853	0.0428797	0.0103175	3.23854e-05	FALSE	"2R"	0.447852760736196	0.931428571428571	163	12	"G"	73	90	0	73	TRUE	"LDHarmonicR2"	"exclude_influential"	TRUE	-0.11853762745059
"3R_22770259"	1.63828e-05	0.0578724	"AC"	7	32	22770259	"AC"	"A"	0.140351	0.0615273	0.0136647	6.71094e-06	FALSE	"3R"	0.140350877192982	0.977142857142857	171	4	"AC"	24	147	0	24	TRUE	"LDHarmonicR2"	"exclude_influential"	TRUE	0.387604773483524
"3R_23828086"	1.91787e-05	0.0783384	"CA"	8	32	23828086	"CA"	"C"	0.173913	0.0778685	0.0183516	2.20404e-05	FALSE	"3R"	0.173913043478261	0.92	161	14	"CA"	28	133	0	28	TRUE	"LDHarmonicR2"	"exclude_influential"	TRUE	-0.0604003062217808
"3R_24776116"	1.60719e-06	0.0688911	"T"	1	32	24776116	"T"	"C"	0.131737	0.0686478	0.0144025	1.87569e-06	FALSE	"3R"	0.131736526946108	0.954285714285714	167	8	"T"	22	145	0	22	TRUE	"LDHarmonicR2"	"exclude_influential"	TRUE	-0.0670938414822553
"3R_27476251"	1.64172e-06	-0.0525795	"T"	2	32	27476251	"T"	"C"	0.38125	-0.0533238	0.0110224	1.31312e-06	FALSE	"3R"	0.38125	0.914285714285714	160	15	"T"	61	99	0	61	TRUE	"LDHarmonicR2"	"exclude_influential"	TRUE	0.0969946728649296
"X_10661963"	1.07261e-05	-0.0702938	"T"	5	1	10661963	"T"	"C"	0.109091	-0.0712416	0.0163823	1.36949e-05	FALSE	"X"	0.109090909090909	0.942857142857143	165	10	"T"	18	147	0	18	TRUE	"LDHarmonicR2"	"exclude_influential"	TRUE	-0.106117023791874
"X_11292471"	1.05141e-05	-0.0428923	"G"	4	1	11292471	"G"	"C"	0.488506	-0.0424459	0.00979085	1.45586e-05	FALSE	"X"	0.488505747126437	0.994285714285714	174	1	"G"	85	89	0	85	TRUE	"LDHarmonicR2"	"exclude_influential"	TRUE	-0.141347510591264
"X_3550652"	1.48788e-05	0.0503965	"C"	6	1	3550652	"C"	"T"	0.252941	0.0501003	0.0116843	1.80435e-05	FALSE	"X"	0.252941176470588	0.971428571428571	170	5	"C"	43	127	0	43	TRUE	"LDHarmonicR2"	"exclude_influential"	TRUE	-0.0837528778915528
"2L_10641389"	2.04093e-05	-0.296595	"A"	7	21	10641389	"A"	"G"	0.15	-0.299174	0.0681069	1.11946e-05	FALSE	"2L"	0.15	0.919540229885057	160	14	"A"	24	136	0	24	TRUE	"MovingShapePC1"	"exclude_influential"	TRUE	0.260819529307276
"2L_663591"	2.8417e-05	-0.214885	"G"	10	21	663591	"G"	"A"	0.253165	-0.196143	0.0508852	0.000115909	FALSE	"2L"	0.253164556962025	0.908045977011494	158	16	"G"	40	118	0	40	TRUE	"MovingShapePC1"	"exclude_influential"	TRUE	-0.610538931710074
"2R_12665067"	4.39254e-06	0.210424	"A"	2	22	12665067	"A"	"G"	0.349398	0.204465	0.0449915	5.50609e-06	FALSE	"2R"	0.349397590361446	0.954022988505747	166	8	"A"	58	108	0	58	TRUE	"MovingShapePC1"	"exclude_influential"	TRUE	-0.0981275808697841
"2R_16405149"	4.89064e-06	0.210071	"C"	3	22	16405149	"C"	"CCA"	0.407186	0.201749	0.0452036	8.07755e-06	FALSE	"2R"	0.407185628742515	0.959770114942529	167	7	"C"	68	99	0	68	TRUE	"MovingShapePC1"	"exclude_influential"	TRUE	-0.217913959397057
"2R_24313340"	1.67624e-05	0.217601	"A"	6	22	24313340	"A"	"T"	0.239521	0.209858	0.0496248	2.34845e-05	FALSE	"2R"	0.239520958083832	0.959770114942529	167	7	"A"	40	127	0	40	TRUE	"MovingShapePC1"	"exclude_influential"	TRUE	-0.146445118228344
"3L_1820086"	2.44357e-05	0.185867	"C"	9	31	1820086	"C"	"A"	0.42515	0.18007	0.0432098	3.08166e-05	FALSE	"3L"	0.425149700598802	0.959770114942529	167	7	"C"	71	96	0	71	TRUE	"MovingShapePC1"	"exclude_influential"	TRUE	-0.100759936643958
"3R_19299344"	2.23302e-05	0.200445	"A"	8	32	19299344	"A"	"T"	0.484663	0.192869	0.0463718	3.19385e-05	FALSE	"3R"	0.484662576687117	0.936781609195402	163	11	"A"	79	84	0	79	TRUE	"MovingShapePC1"	"exclude_influential"	TRUE	-0.155421902688669
"3R_22569326"	1.34316e-05	0.269418	"C"	5	32	22569326	"C"	"T"	0.14557	0.263092	0.060676	1.45088e-05	FALSE	"3R"	0.145569620253165	0.908045977011494	158	16	"C"	23	135	0	23	TRUE	"MovingShapePC1"	"exclude_influential"	TRUE	-0.0335037443022888
"3R_27043638"	8.79087e-06	-0.237318	"G"	4	32	27043638	"G"	"C"	0.216049	-0.216774	0.0530107	4.32786e-05	FALSE	"3R"	0.216049382716049	0.931034482758621	162	12	"G"	35	127	0	35	TRUE	"MovingShapePC1"	"exclude_influential"	TRUE	-0.692241345803782
"X_8318357"	1.01135e-06	-0.244921	"C"	1	1	8318357	"C"	"A"	0.240506	-0.232479	0.0500047	3.33297e-06	FALSE	"X"	0.240506329113924	0.908045977011494	158	16	"C"	38	120	0	38	TRUE	"MovingShapePC1"	"exclude_influential"	TRUE	-0.517929925802364
"2L_10772724"	2.41725e-06	-0.25413	"A"	2	21	10772724	"A"	"C"	0.248521	-0.259553	0.0545112	1.92206e-06	FALSE	"2L"	0.248520710059172	0.965714285714286	169	6	"A"	42	127	0	42	TRUE	"NightPDoze"	"exclude_influential"	TRUE	0.0995546282030402
"2L_15610070"	1.68655e-05	-0.319791	"G"	10	21	15610070	"G"	"C"	0.113208	-0.319922	0.0746072	1.80226e-05	FALSE	"2L"	0.113207547169811	0.908571428571429	159	16	"G"	18	141	0	18	TRUE	"NightPDoze"	"exclude_influential"	TRUE	-0.0288182229748637
"2L_20529112"	4.76885e-06	-0.216992	"TGTGGAC"	4	21	20529112	"TGTGGAC"	"T"	0.361963	-0.220172	0.0478318	4.16345e-06	FALSE	"2L"	0.361963190184049	0.931428571428571	163	12	"TGTGGAC"	59	104	0	59	TRUE	"NightPDoze"	"exclude_influential"	TRUE	0.0589603088307058
"3L_1311540"	1.60927e-05	-0.219883	"C"	8	31	1311540	"C"	"T"	0.263158	-0.225113	0.0515833	1.27666e-05	FALSE	"3L"	0.263157894736842	0.977142857142857	171	4	"C"	45	126	0	45	TRUE	"NightPDoze"	"exclude_influential"	TRUE	0.100553663857591
"3L_18862904"	5.57965e-06	0.238467	"A"	5	31	18862904	"A"	"T"	0.259036	0.241885	0.053213	5.47794e-06	FALSE	"3L"	0.259036144578313	0.948571428571429	166	9	"A"	43	123	0	43	TRUE	"NightPDoze"	"exclude_influential"	TRUE	0.00798968628314434
"3L_2547295"	8.5825e-07	0.219922	"CCA"	1	31	2547295	"CCA"	"C"	0.47929	0.222044	0.0449634	7.87956e-07	FALSE	"3L"	0.479289940828402	0.965714285714286	169	6	"CCA"	81	88	0	81	TRUE	"NightPDoze"	"exclude_influential"	TRUE	0.0371118452309762
"3L_6298090"	4.43577e-06	-0.265241	"T"	3	31	6298090	"T"	"G"	0.186747	-0.265308	0.058043	4.85667e-06	FALSE	"3L"	0.186746987951807	0.948571428571429	166	9	"T"	31	135	0	31	TRUE	"NightPDoze"	"exclude_influential"	TRUE	-0.0393695757540602
"3L_7668543"	1.67832e-05	0.257057	"T"	9	31	7668543	"T"	"A"	0.179191	0.258142	0.0599763	1.67696e-05	FALSE	"3L"	0.179190751445087	0.988571428571429	173	2	"T"	31	142	0	31	TRUE	"NightPDoze"	"exclude_influential"	TRUE	0.000352066312042432
"3R_13899553"	5.95833e-06	-0.252816	"A"	6	32	13899553	"A"	"T"	0.197674	-0.252695	0.0560727	6.58849e-06	FALSE	"3R"	0.197674418604651	0.982857142857143	172	3	"A"	34	138	0	34	TRUE	"NightPDoze"	"exclude_influential"	TRUE	-0.0436613383107973
"3R_23894037"	1.09154e-05	-0.27453	"G"	7	32	23894037	"G"	"A"	0.165644	-0.274482	0.0626488	1.17979e-05	FALSE	"3R"	0.165644171779141	0.931428571428571	163	12	"G"	27	136	0	27	TRUE	"NightPDoze"	"exclude_influential"	TRUE	-0.0337650554682645
"2L_20321158"	3.41134e-06	-0.24709	"C"	4	21	20321158	"C"	"T"	0.496894	-0.22815	0.0518539	1.08326e-05	FALSE	"2L"	0.496894409937888	0.925287356321839	161	13	"C"	80	81	0	80	TRUE	"NightPWake"	"exclude_influential"	TRUE	-0.501807700224128
"2R_23639685"	5.0168e-06	-0.266868	"A"	5	22	23639685	"A"	"G"	0.267857	-0.259628	0.0568747	4.99717e-06	FALSE	"2R"	0.267857142857143	0.96551724137931	168	6	"A"	45	123	0	45	TRUE	"NightPWake"	"exclude_influential"	TRUE	0.00170266369871364
"2R_5727338"	8.99195e-06	0.334557	"A"	8	22	5727338	"A"	"G"	0.12426	0.303726	0.0747948	4.89084e-05	FALSE	"2R"	0.124260355029586	0.971264367816092	169	5	"A"	21	148	0	21	TRUE	"NightPWake"	"exclude_influential"	TRUE	-0.735529572125268
"2R_7954848"	1.14377e-05	-0.311352	"T"	9	22	7954848	"T"	"A"	0.18125	-0.297367	0.0689555	1.61456e-05	FALSE	"2R"	0.18125	0.919540229885057	160	14	"T"	29	131	0	29	TRUE	"NightPWake"	"exclude_influential"	TRUE	-0.149715487601077
"3L_2125773"	1.30969e-05	-0.23649	"G"	10	31	2125773	"G"	"A"	0.370588	-0.227165	0.0528161	1.69986e-05	FALSE	"3L"	0.370588235294118	0.977011494252874	170	4	"G"	63	107	0	63	TRUE	"NightPWake"	"exclude_influential"	TRUE	-0.113244642960409
"3L_3724365"	8.6859e-07	-0.25602	"A"	1	31	3724365	"A"	"G"	0.481928	-0.243672	0.0507056	1.54264e-06	FALSE	"3L"	0.481927710843373	0.954022988505747	166	8	"A"	80	86	0	80	TRUE	"NightPWake"	"exclude_influential"	TRUE	-0.249449763183007
"3L_4047811"	2.7678e-06	0.280094	"T"	3	31	4047811	"T"	"G"	0.267857	0.273575	0.058291	2.68876e-06	FALSE	"3L"	0.267857142857143	0.96551724137931	168	6	"T"	45	123	0	45	TRUE	"NightPWake"	"exclude_influential"	TRUE	0.0125826663711965
"3R_15397393"	7.7981e-06	0.343148	"C"	6	32	15397393	"C"	"T"	0.140127	0.305305	0.0768545	7.11195e-05	FALSE	"3R"	0.140127388535032	0.902298850574713	157	17	"C"	22	135	0	22	TRUE	"NightPWake"	"exclude_influential"	TRUE	-0.959999894577747
"X_17878203"	2.47708e-06	-0.246154	"A"	2	1	17878203	"A"	"T"	0.442529	-0.234897	0.0508013	3.76717e-06	FALSE	"X"	0.442528735632184	1	174	0	"A"	77	97	0	77	TRUE	"NightPWake"	"exclude_influential"	TRUE	-0.182075186101743
"X_9393204"	7.92928e-06	0.317946	"C"	7	1	9393204	"C"	"G"	0.151163	0.32891	0.0691765	1.98784e-06	FALSE	"X"	0.151162790697674	0.988505747126437	172	2	"C"	26	146	0	26	TRUE	"NightPWake"	"exclude_influential"	TRUE	0.600852328621735
"2L_12681166"	1.727e-05	-46.371	"C"	9	21	12681166	"C"	"T"	0.223602	-41.0326	10.3326	7.15181e-05	FALSE	"2L"	0.22360248447205	0.92	161	14	"C"	36	125	0	36	TRUE	"NightSleepChange"	"exclude_influential"	TRUE	-0.617123630601885
"2L_6268648"	1.78068e-05	-50.4121	"A"	10	21	6268648	"A"	"G"	0.149068	-43.1868	11.383	0.000148248	FALSE	"2L"	0.149068322981366	0.92	161	14	"A"	24	137	0	24	TRUE	"NightSleepChange"	"exclude_influential"	TRUE	-0.920402962171546
"2R_22391929"	1.12608e-05	37.931	"C"	5	22	22391929	"C"	"T"	0.412121	35.7059	8.27365	1.59161e-05	FALSE	"2R"	0.412121212121212	0.942857142857143	165	10	"C"	68	97	0	68	TRUE	"NightSleepChange"	"exclude_influential"	TRUE	-0.15026741397669
"2R_6256391"	1.06078e-06	-54.6641	"C"	2	22	6256391	"C"	"A"	0.180723	-48.1457	10.7465	7.45916e-06	FALSE	"2R"	0.180722891566265	0.948571428571429	166	9	"C"	30	136	0	30	TRUE	"NightSleepChange"	"exclude_influential"	TRUE	-0.847064600000084
"2R_7202244"	1.61993e-05	-44.3595	"T"	8	22	7202244	"T"	"C"	0.202381	-39.2607	9.90943	7.43399e-05	FALSE	"2R"	0.202380952380952	0.96	168	7	"T"	34	134	0	34	TRUE	"NightSleepChange"	"exclude_influential"	TRUE	-0.661725724232804
"3L_12509851"	1.25493e-05	-39.0974	"G"	7	31	12509851	"G"	"T"	0.418182	-36.1376	8.51151	2.17883e-05	FALSE	"3L"	0.418181818181818	0.942857142857143	165	10	"G"	69	96	0	69	TRUE	"NightSleepChange"	"exclude_influential"	TRUE	-0.239603844836266
"3L_1888560"	5.9602e-06	-52.9579	"A"	4	31	1888560	"A"	"G"	0.154286	-45.9443	11.2112	4.16617e-05	FALSE	"3L"	0.154285714285714	1	175	0	"A"	27	148	0	27	TRUE	"NightSleepChange"	"exclude_influential"	TRUE	-0.844476154164489
"3R_21998760"	2.27025e-06	-63.802	"G"	3	32	21998760	"G"	"A"	0.100592	-54.3729	13.1573	3.58809e-05	FALSE	"3R"	0.100591715976331	0.965714285714286	169	6	"G"	17	152	0	17	TRUE	"NightSleepChange"	"exclude_influential"	TRUE	-1.19878964356145
"3R_22697510"	1.20592e-05	-61.7445	"T"	6	32	22697510	"T"	"C"	0.124224	-51.0595	13.7021	0.000194223	FALSE	"3R"	0.124223602484472	0.92	161	14	"T"	20	141	0	20	TRUE	"NightSleepChange"	"exclude_influential"	TRUE	-1.20698216009341
"3R_29419559"	8.47576e-07	-47.5088	"A"	1	32	29419559	"A"	"T"	0.341317	-43.9714	9.17609	1.65166e-06	FALSE	"3R"	0.341317365269461	0.954285714285714	167	8	"A"	57	110	0	57	TRUE	"NightSleepChange"	"exclude_influential"	TRUE	-0.289742000432726
"2L_10170542"	1.648e-05	-112.124	"T"	10	21	10170542	"T"	"C"	0.119048	-113.28	26.0922	1.41497e-05	FALSE	"2L"	0.119047619047619	0.96	168	7	"T"	20	148	0	20	TRUE	"TotalSleep"	"exclude_influential"	TRUE	0.0662099752552576
"2L_15943639"	6.9292e-06	-89.4092	"G"	2	21	15943639	"G"	"C"	0.263804	-90.3207	19.9378	5.89465e-06	FALSE	"2L"	0.263803680981595	0.931428571428571	163	12	"G"	43	120	0	43	TRUE	"TotalSleep"	"exclude_influential"	TRUE	0.0702250731307892
"2L_17491087"	7.72843e-06	-80.8328	"AGTATACAAAAT"	4	21	17491087	"AGTATACAAAAT"	"A"	0.481481	-80.2979	18.1634	9.83046e-06	FALSE	"2L"	0.481481481481482	0.925714285714286	162	13	"AGTATACAAAAT"	78	84	0	78	TRUE	"TotalSleep"	"exclude_influential"	TRUE	-0.104482562723041
"2L_20321158"	7.77988e-06	79.4682	"C"	5	21	20321158	"C"	"T"	0.493827	78.9845	17.8664	9.83182e-06	FALSE	"2L"	0.493827160493827	0.925714285714286	162	13	"C"	80	82	0	80	TRUE	"TotalSleep"	"exclude_influential"	TRUE	-0.101661020621749
"2R_18433628"	1.30411e-05	79.4255	"G"	8	22	18433628	"G"	"T"	0.301205	78.909	18.2606	1.55135e-05	FALSE	"2R"	0.301204819277108	0.948571428571429	166	9	"G"	50	116	0	50	TRUE	"TotalSleep"	"exclude_influential"	TRUE	-0.0753955649040146
"3L_3724365"	5.34047e-06	78.9229	"A"	1	31	3724365	"A"	"G"	0.479042	78.4207	17.435	6.86346e-06	FALSE	"3L"	0.479041916167665	0.954285714285714	167	8	"A"	80	87	0	80	TRUE	"TotalSleep"	"exclude_influential"	TRUE	-0.108963627205504
"3L_4047811"	7.6401e-06	-88.8618	"T"	3	31	4047811	"T"	"G"	0.272189	-89.9626	19.9162	6.27064e-06	FALSE	"3L"	0.272189349112426	0.965714285714286	169	6	"T"	46	123	0	46	TRUE	"TotalSleep"	"exclude_influential"	TRUE	0.0857871745535475
"3R_13161784"	1.51706e-05	-77.8497	"T"	9	32	13161784	"T"	"G"	0.396226	-77.3144	18.1022	1.94599e-05	FALSE	"3R"	0.39622641509434	0.908571428571429	159	16	"T"	63	96	0	63	TRUE	"TotalSleep"	"exclude_influential"	TRUE	-0.108137846645042
"3R_16911341"	1.09855e-05	-85.3541	"C"	7	32	16911341	"C"	"T"	0.345455	-86.263	19.4637	9.33683e-06	FALSE	"3R"	0.345454545454545	0.942857142857143	165	10	"C"	57	108	0	57	TRUE	"TotalSleep"	"exclude_influential"	TRUE	0.0706203769432561
"X_2509888"	8.98358e-06	-100.77	"T"	6	1	2509888	"T"	"C"	0.162791	-101.718	22.7434	7.73406e-06	FALSE	"X"	0.162790697674419	0.982857142857143	172	3	"T"	28	144	0	28	TRUE	"TotalSleep"	"exclude_influential"	TRUE	0.065041902648777
"2L_14815128"	2.04866e-05	-0.0693839	"A"	9	21	14815128	"A"	"AC"	0.109827	-0.0618938	0.0141883	1.28697e-05	FALSE	"2L"	0.109826589595376	0.982954545454545	173	3	"A"	19	154	0	19	TRUE	"LDHarmonicR2"	"legacy_residual"	TRUE	0.201901464567526
"2L_6415893"	2.28762e-06	0.0479999	"G"	3	21	6415893	"G"	"A"	0.5	0.0421364	0.00916891	4.31552e-06	FALSE	"2L"	0.5	0.920454545454545	162	14	"G"	81	81	0	81	TRUE	"LDHarmonicR2"	"legacy_residual"	TRUE	-0.275649248858253
"2R_16679757"	2.46497e-05	0.0432553	"G"	10	22	16679757	"G"	"A"	0.445122	0.0390473	0.00916822	2.05356e-05	FALSE	"2R"	0.445121951219512	0.931818181818182	164	12	"G"	73	91	0	73	TRUE	"LDHarmonicR2"	"legacy_residual"	TRUE	0.079304241652383
"3R_22770259"	1.63828e-05	0.0578724	"AC"	7	32	22770259	"AC"	"A"	0.145349	0.0541045	0.0126235	1.81915e-05	FALSE	"3R"	0.145348837209302	0.977272727272727	172	4	"AC"	25	147	0	25	TRUE	"LDHarmonicR2"	"legacy_residual"	TRUE	-0.0454803813128244
"3R_23828086"	1.91787e-05	0.0783384	"CA"	8	32	23828086	"CA"	"C"	0.17284	0.0365196	0.0121247	0.00259534	FALSE	"3R"	0.17283950617284	0.920454545454545	162	14	"CA"	28	134	0	28	TRUE	"LDHarmonicR2"	"legacy_residual"	TRUE	-2.13137509442
"3R_24776116"	1.60719e-06	0.0688911	"T"	1	32	24776116	"T"	"C"	0.130952	0.0606532	0.0133448	5.49131e-06	FALSE	"3R"	0.130952380952381	0.954545454545455	168	8	"T"	22	146	0	22	TRUE	"LDHarmonicR2"	"legacy_residual"	TRUE	-0.533608740003702
"3R_27476251"	1.64172e-06	-0.0525795	"T"	2	32	27476251	"T"	"C"	0.378882	-0.0441709	0.00947967	3.16916e-06	FALSE	"3R"	0.37888198757764	0.914772727272727	161	15	"T"	61	100	0	61	TRUE	"LDHarmonicR2"	"legacy_residual"	TRUE	-0.285645076835973
"X_10661963"	1.07261e-05	-0.0702938	"T"	5	1	10661963	"T"	"C"	0.114458	-0.0580818	0.0142254	4.4464e-05	FALSE	"X"	0.114457831325301	0.943181818181818	166	10	"T"	19	147	0	19	TRUE	"LDHarmonicR2"	"legacy_residual"	TRUE	-0.617566687836851
"X_11292471"	1.05141e-05	-0.0428923	"G"	4	1	11292471	"G"	"C"	0.491429	-0.0397458	0.00882307	6.64497e-06	FALSE	"X"	0.491428571428572	0.994318181818182	175	1	"G"	86	89	0	86	TRUE	"LDHarmonicR2"	"legacy_residual"	TRUE	0.199279078716289
"X_3550652"	1.48788e-05	0.0503965	"C"	6	1	3550652	"C"	"T"	0.251462	0.0446452	0.010285	1.41957e-05	FALSE	"X"	0.251461988304094	0.971590909090909	171	5	"C"	43	128	0	43	TRUE	"LDHarmonicR2"	"legacy_residual"	TRUE	0.0204110932912531
"2L_10641389"	2.04093e-05	-0.296595	"A"	7	21	10641389	"A"	"G"	0.148148	-0.242799	0.0615427	7.97271e-05	FALSE	"2L"	0.148148148148148	0.920454545454545	162	14	"A"	24	138	0	24	TRUE	"MovingShapePC1"	"legacy_residual"	TRUE	-0.591777857817497
"2L_663591"	2.8417e-05	-0.214885	"G"	10	21	663591	"G"	"A"	0.25625	-0.194952	0.0473818	3.88031e-05	FALSE	"2L"	0.25625	0.909090909090909	160	16	"G"	41	119	0	41	TRUE	"MovingShapePC1"	"legacy_residual"	TRUE	-0.135288195715625
"2R_12665067"	4.39254e-06	0.210424	"A"	2	22	12665067	"A"	"G"	0.345238	0.198105	0.0426127	3.336e-06	FALSE	"2R"	0.345238095238095	0.954545454545455	168	8	"A"	58	110	0	58	TRUE	"MovingShapePC1"	"legacy_residual"	TRUE	0.119489683056538
"2R_16405149"	4.89064e-06	0.210071	"C"	3	22	16405149	"C"	"CCA"	0.402367	0.180346	0.0414325	1.34429e-05	FALSE	"2R"	0.402366863905325	0.960227272727273	169	7	"C"	68	101	0	68	TRUE	"MovingShapePC1"	"legacy_residual"	TRUE	-0.439127272402128
"2R_24313340"	1.67624e-05	0.217601	"A"	6	22	24313340	"A"	"T"	0.236686	0.203324	0.047122	1.59714e-05	FALSE	"2R"	0.236686390532544	0.960227272727273	169	7	"A"	40	129	0	40	TRUE	"MovingShapePC1"	"legacy_residual"	TRUE	0.0209932133602875
"3L_1820086"	2.44357e-05	0.185867	"C"	9	31	1820086	"C"	"A"	0.420118	0.16753	0.040599	3.68385e-05	FALSE	"3L"	0.420118343195266	0.960227272727273	169	7	"C"	71	98	0	71	TRUE	"MovingShapePC1"	"legacy_residual"	TRUE	-0.178277153557119
"3R_19299344"	2.23302e-05	0.200445	"A"	8	32	19299344	"A"	"T"	0.478788	0.173966	0.0419168	3.32063e-05	FALSE	"3R"	0.478787878787879	0.9375	165	11	"A"	79	86	0	79	TRUE	"MovingShapePC1"	"legacy_residual"	TRUE	-0.17232787434927
"3R_22569326"	1.34316e-05	0.269418	"C"	5	32	22569326	"C"	"T"	0.14375	0.256795	0.0585684	1.1624e-05	FALSE	"3R"	0.14375	0.909090909090909	160	16	"C"	23	137	0	23	TRUE	"MovingShapePC1"	"legacy_residual"	TRUE	0.0627721485181514
"3R_27043638"	8.79087e-06	-0.237318	"G"	4	32	27043638	"G"	"C"	0.219512	-0.221255	0.0497303	8.62304e-06	FALSE	"3R"	0.219512195121951	0.931818181818182	164	12	"G"	36	128	0	36	TRUE	"MovingShapePC1"	"legacy_residual"	TRUE	0.00837145704230302
"X_8318357"	1.01135e-06	-0.244921	"C"	1	1	8318357	"C"	"A"	0.25	-0.233879	0.0475712	8.81476e-07	FALSE	"X"	0.25	0.909090909090909	160	16	"C"	40	120	0	40	TRUE	"MovingShapePC1"	"legacy_residual"	TRUE	0.0596909865649655
"2L_10772724"	2.41725e-06	-0.25413	"A"	2	21	10772724	"A"	"C"	0.252941	-0.223424	0.0486916	4.4633e-06	FALSE	"2L"	0.252941176470588	0.965909090909091	170	6	"A"	43	127	0	43	TRUE	"NightPDoze"	"legacy_residual"	TRUE	-0.266334509952139
"2L_15610070"	1.68655e-05	-0.319791	"G"	10	21	15610070	"G"	"C"	0.1125	-0.29695	0.0690471	1.70274e-05	FALSE	"2L"	0.1125	0.909090909090909	160	16	"G"	18	142	0	18	TRUE	"NightPDoze"	"legacy_residual"	TRUE	-0.00414911745061541
"2L_20529112"	4.76885e-06	-0.216992	"TGTGGAC"	4	21	20529112	"TGTGGAC"	"T"	0.365854	-0.20768	0.04474	3.45162e-06	FALSE	"2L"	0.365853658536585	0.931818181818182	164	12	"TGTGGAC"	60	104	0	60	TRUE	"NightPDoze"	"legacy_residual"	TRUE	0.1403906855042
"3L_1311540"	1.60927e-05	-0.219883	"C"	8	31	1311540	"C"	"T"	0.267442	-0.205764	0.0475408	1.50355e-05	FALSE	"3L"	0.267441860465116	0.977272727272727	172	4	"C"	46	126	0	46	TRUE	"NightPDoze"	"legacy_residual"	TRUE	0.0295110402650352
"3L_18862904"	5.57965e-06	0.238467	"A"	5	31	18862904	"A"	"T"	0.263473	0.218938	0.0484781	6.2952e-06	FALSE	"3L"	0.263473053892216	0.948863636363636	167	9	"A"	44	123	0	44	TRUE	"NightPDoze"	"legacy_residual"	TRUE	-0.0524025749120485
"3L_2547295"	8.5825e-07	0.219922	"CCA"	1	31	2547295	"CCA"	"C"	0.476471	0.212914	0.0423792	5.06031e-07	FALSE	"3L"	0.476470588235294	0.965909090909091	170	6	"CCA"	81	89	0	81	TRUE	"NightPDoze"	"legacy_residual"	TRUE	0.229436689098803
"3L_6298090"	4.43577e-06	-0.265241	"T"	3	31	6298090	"T"	"G"	0.185629	-0.258056	0.0549255	2.62338e-06	FALSE	"3L"	0.18562874251497	0.948863636363636	167	9	"T"	31	136	0	31	TRUE	"NightPDoze"	"legacy_residual"	TRUE	0.228107816103941
"3L_7668543"	1.67832e-05	0.257057	"T"	9	31	7668543	"T"	"A"	0.178161	0.231823	0.0546754	2.23531e-05	FALSE	"3L"	0.17816091954023	0.988636363636364	174	2	"T"	31	143	0	31	TRUE	"NightPDoze"	"legacy_residual"	TRUE	-0.124462991052311
"3R_13899553"	5.95833e-06	-0.252816	"A"	6	32	13899553	"A"	"T"	0.196532	-0.243736	0.052801	3.90969e-06	FALSE	"3R"	0.196531791907514	0.982954545454545	173	3	"A"	34	139	0	34	TRUE	"NightPDoze"	"legacy_residual"	TRUE	0.18298222931545
"3R_23894037"	1.09154e-05	-0.27453	"G"	7	32	23894037	"G"	"A"	0.164634	-0.25603	0.0581093	1.05292e-05	FALSE	"3R"	0.164634146341463	0.931818181818182	164	12	"G"	27	137	0	27	TRUE	"NightPDoze"	"legacy_residual"	TRUE	0.0156442801640155
"2L_20321158"	3.41134e-06	-0.24709	"C"	4	21	20321158	"C"	"T"	0.490798	-0.22756	0.0495788	4.43509e-06	FALSE	"2L"	0.49079754601227	0.926136363636364	163	13	"C"	80	83	0	80	TRUE	"NightPWake"	"legacy_residual"	TRUE	-0.113977430625295
"2R_23639685"	5.0168e-06	-0.266868	"A"	5	22	23639685	"A"	"G"	0.264706	-0.248775	0.0548249	5.68898e-06	FALSE	"2R"	0.264705882352941	0.965909090909091	170	6	"A"	45	125	0	45	TRUE	"NightPWake"	"legacy_residual"	TRUE	-0.0546076192110769
"2R_5727338"	8.99195e-06	0.334557	"A"	8	22	5727338	"A"	"G"	0.128655	0.321029	0.0715464	7.22328e-06	FALSE	"2R"	0.128654970760234	0.971590909090909	171	5	"A"	22	149	0	22	TRUE	"NightPWake"	"legacy_residual"	TRUE	0.0951194333406491
"2R_7954848"	1.14377e-05	-0.311352	"T"	9	22	7954848	"T"	"A"	0.179012	-0.289272	0.0650578	8.73292e-06	FALSE	"2R"	0.179012345679012	0.920454545454545	162	14	"T"	29	133	0	29	TRUE	"NightPWake"	"legacy_residual"	TRUE	0.117179219510217
"3L_2125773"	1.30969e-05	-0.23649	"G"	10	31	2125773	"G"	"A"	0.366279	-0.219315	0.0500422	1.17272e-05	FALSE	"3L"	0.366279069767442	0.977272727272727	172	4	"G"	63	109	0	63	TRUE	"NightPWake"	"legacy_residual"	TRUE	0.0479741796836084
"3L_3724365"	8.6859e-07	-0.25602	"A"	1	31	3724365	"A"	"G"	0.47619	-0.242961	0.0487255	6.15378e-07	FALSE	"3L"	0.476190476190476	0.954545454545455	168	8	"A"	80	88	0	80	TRUE	"NightPWake"	"legacy_residual"	TRUE	0.149672859066625
"3L_4047811"	2.7678e-06	0.280094	"T"	3	31	4047811	"T"	"G"	0.270588	0.24963	0.054328	4.33039e-06	FALSE	"3L"	0.270588235294118	0.965909090909091	170	6	"T"	46	124	0	46	TRUE	"NightPWake"	"legacy_residual"	TRUE	-0.194392306193017
"3R_15397393"	7.7981e-06	0.343148	"C"	6	32	15397393	"C"	"T"	0.150943	0.316726	0.0701963	6.42193e-06	FALSE	"3R"	0.150943396226415	0.903409090909091	159	17	"C"	24	135	0	24	TRUE	"NightPWake"	"legacy_residual"	TRUE	0.0843232327409513
"X_17878203"	2.47708e-06	-0.246154	"A"	2	1	17878203	"A"	"T"	0.4375	-0.22771	0.0479507	2.04587e-06	FALSE	"X"	0.4375	1	176	0	"A"	77	99	0	77	TRUE	"NightPWake"	"legacy_residual"	TRUE	0.0830619987953511
"X_9393204"	7.92928e-06	0.317946	"C"	7	1	9393204	"C"	"G"	0.149425	0.302422	0.0668304	6.03357e-06	FALSE	"X"	0.149425287356322	0.988636363636364	174	2	"C"	26	148	0	26	TRUE	"NightPWake"	"legacy_residual"	TRUE	0.118659398321867
"2L_12681166"	1.727e-05	-46.371	"C"	9	21	12681166	"C"	"T"	0.228395	-41.6264	9.9509	2.87455e-05	FALSE	"2L"	0.228395061728395	0.920454545454545	162	14	"C"	37	125	0	37	TRUE	"NightSleepChange"	"legacy_residual"	TRUE	-0.221277529610131
"2L_6268648"	1.78068e-05	-50.4121	"A"	10	21	6268648	"A"	"G"	0.154321	-49.4237	11.2597	1.13636e-05	FALSE	"2L"	0.154320987654321	0.920454545454545	162	14	"A"	25	137	0	25	TRUE	"NightSleepChange"	"legacy_residual"	TRUE	0.195069942772488
"2R_22391929"	1.12608e-05	37.931	"C"	5	22	22391929	"C"	"T"	0.409639	34.821	8.13646	1.8721e-05	FALSE	"2R"	0.409638554216867	0.943181818181818	166	10	"C"	68	98	0	68	TRUE	"NightSleepChange"	"legacy_residual"	TRUE	-0.22075979811892
"2R_6256391"	1.06078e-06	-54.6641	"C"	2	22	6256391	"C"	"A"	0.185629	-51.6043	10.518	9.2807e-07	FALSE	"2R"	0.18562874251497	0.948863636363636	167	9	"C"	31	136	0	31	TRUE	"NightSleepChange"	"legacy_residual"	TRUE	0.0580445886622352
"2R_7202244"	1.61993e-05	-44.3595	"T"	8	22	7202244	"T"	"C"	0.207101	-41.8734	9.62359	1.35444e-05	FALSE	"2R"	0.207100591715976	0.960227272727273	169	7	"T"	35	134	0	35	TRUE	"NightSleepChange"	"legacy_residual"	TRUE	0.0777364772339553
"3L_12509851"	1.25493e-05	-39.0974	"G"	7	31	12509851	"G"	"T"	0.421687	-37.6167	8.41816	7.87619e-06	FALSE	"3L"	0.421686746987952	0.943181818181818	166	10	"G"	70	96	0	70	TRUE	"NightSleepChange"	"legacy_residual"	TRUE	0.202303317319489
"3L_1888560"	5.9602e-06	-52.9579	"A"	4	31	1888560	"A"	"G"	0.159091	-49.9236	11.0494	6.23632e-06	FALSE	"3L"	0.159090909090909	1	176	0	"A"	28	148	0	28	TRUE	"NightSleepChange"	"legacy_residual"	TRUE	-0.0196675586066366
"3R_21998760"	2.27025e-06	-63.802	"G"	3	32	21998760	"G"	"A"	0.105882	-62.3719	12.9352	1.42209e-06	FALSE	"3R"	0.105882352941176	0.965909090909091	170	6	"G"	18	152	0	18	TRUE	"NightSleepChange"	"legacy_residual"	TRUE	0.203146601831804
"3R_22697510"	1.20592e-05	-61.7445	"T"	6	32	22697510	"T"	"C"	0.12963	-51.2216	12.5585	4.53008e-05	FALSE	"3R"	0.12962962962963	0.920454545454545	162	14	"T"	21	141	0	21	TRUE	"NightSleepChange"	"legacy_residual"	TRUE	-0.574787373677119
"3R_29419559"	8.47576e-07	-47.5088	"A"	1	32	29419559	"A"	"T"	0.345238	-41.2454	8.90185	3.59782e-06	FALSE	"3R"	0.345238095238095	0.954545454545455	168	8	"A"	58	110	0	58	TRUE	"NightSleepChange"	"legacy_residual"	TRUE	-0.627860780960656
"2L_10170542"	1.648e-05	-112.124	"T"	10	21	10170542	"T"	"C"	0.118343	-111.287	24.7566	6.9486e-06	FALSE	"2L"	0.118343195266272	0.960227272727273	169	7	"T"	20	149	0	20	TRUE	"TotalSleep"	"legacy_residual"	TRUE	0.37505989536401
"2L_15943639"	6.9292e-06	-89.4092	"G"	2	21	15943639	"G"	"C"	0.262195	-82.365	18.5123	8.61908e-06	FALSE	"2L"	0.26219512195122	0.931818181818182	164	12	"G"	43	121	0	43	TRUE	"TotalSleep"	"legacy_residual"	TRUE	-0.0947778150231153
"2L_17491087"	7.72843e-06	-80.8328	"AGTATACAAAAT"	4	21	17491087	"AGTATACAAAAT"	"A"	0.484663	-71.6821	16.497	1.39182e-05	FALSE	"2L"	0.484662576687117	0.926136363636364	163	13	"AGTATACAAAAT"	79	84	0	79	TRUE	"TotalSleep"	"legacy_residual"	TRUE	-0.255491795202658
"2L_20321158"	7.77988e-06	79.4682	"C"	5	21	20321158	"C"	"T"	0.490798	70.7288	16.4713	1.75427e-05	FALSE	"2L"	0.49079754601227	0.926136363636364	163	13	"C"	80	83	0	80	TRUE	"TotalSleep"	"legacy_residual"	TRUE	-0.353123538204964
"2R_18433628"	1.30411e-05	79.4255	"G"	8	22	18433628	"G"	"T"	0.299401	80.5514	17.4691	4.00562e-06	FALSE	"2R"	0.29940119760479	0.948863636363636	167	9	"G"	50	117	0	50	TRUE	"TotalSleep"	"legacy_residual"	TRUE	0.512644478299464
"3L_3724365"	5.34047e-06	78.9229	"A"	1	31	3724365	"A"	"G"	0.47619	73.7756	16.1842	5.15192e-06	FALSE	"3L"	0.476190476190476	0.954545454545455	168	8	"A"	80	88	0	80	TRUE	"TotalSleep"	"legacy_residual"	TRUE	0.0156103691709246
"3L_4047811"	7.6401e-06	-88.8618	"T"	3	31	4047811	"T"	"G"	0.270588	-79.7778	18.0425	9.79461e-06	FALSE	"3L"	0.270588235294118	0.965909090909091	170	6	"T"	46	124	0	46	TRUE	"TotalSleep"	"legacy_residual"	TRUE	-0.107888104995077
"3R_13161784"	1.51706e-05	-77.8497	"T"	9	32	13161784	"T"	"G"	0.4	-75.37	16.8936	8.14031e-06	FALSE	"3R"	0.4	0.909090909090909	160	16	"T"	64	96	0	64	TRUE	"TotalSleep"	"legacy_residual"	TRUE	0.270361813507752
"3R_16911341"	1.09855e-05	-85.3541	"C"	7	32	16911341	"C"	"T"	0.343373	-74.4112	17.2534	1.61164e-05	FALSE	"3R"	0.343373493975904	0.943181818181818	166	10	"C"	57	109	0	57	TRUE	"TotalSleep"	"legacy_residual"	TRUE	-0.166448209374556
"X_2509888"	8.98358e-06	-100.77	"T"	6	1	2509888	"T"	"C"	0.16185	-92.8069	21.4808	1.55708e-05	FALSE	"X"	0.161849710982659	0.982954545454545	173	3	"T"	28	145	0	28	TRUE	"TotalSleep"	"legacy_residual"	TRUE	-0.238861486810664
"2L_14815128"	2.04866e-05	-0.0693839	"A"	9	2	14815128	"A"	"AC"	0.109827	-0.0690736	0.0156318	9.92571e-06	FALSE	"2L"	0.109826589595376	0.982954545454545	173	3	"A"	19	154	0	19	TRUE	"LDHarmonicR2"	"chromosome_LOCO"	TRUE	0.314708305697868
"2L_6415893"	2.28762e-06	0.0479999	"G"	3	2	6415893	"G"	"A"	0.5	0.0480975	0.0101333	2.06971e-06	FALSE	"2L"	0.5	0.920454545454545	162	14	"G"	81	81	0	81	TRUE	"LDHarmonicR2"	"chromosome_LOCO"	TRUE	0.043474386796003
"2R_16679757"	2.46497e-05	0.0432553	"G"	10	2	16679757	"G"	"A"	0.445122	0.0441945	0.0101071	1.22756e-05	FALSE	"2R"	0.445121951219512	0.931818181818182	164	12	"G"	73	91	0	73	TRUE	"LDHarmonicR2"	"chromosome_LOCO"	TRUE	0.302768909530144
"3R_22770259"	1.63828e-05	0.0578724	"AC"	7	3	22770259	"AC"	"A"	0.145349	0.0564349	0.0132306	1.99467e-05	FALSE	"3R"	0.145348837209302	0.977272727272727	172	4	"AC"	25	147	0	25	TRUE	"LDHarmonicR2"	"chromosome_LOCO"	TRUE	-0.085482926442694
"3R_23828086"	1.91787e-05	0.0783384	"CA"	8	3	23828086	"CA"	"C"	0.17284	0.0768422	0.0182087	2.44219e-05	FALSE	"3R"	0.17283950617284	0.920454545454545	162	14	"CA"	28	134	0	28	TRUE	"LDHarmonicR2"	"chromosome_LOCO"	TRUE	-0.104960282791393
"3R_24776116"	1.60719e-06	0.0688911	"T"	1	3	24776116	"T"	"C"	0.130952	0.0660842	0.0141498	3.00728e-06	FALSE	"3R"	0.130952380952381	0.954545454545455	168	8	"T"	22	146	0	22	TRUE	"LDHarmonicR2"	"chromosome_LOCO"	TRUE	-0.272106644458879
"3R_27476251"	1.64172e-06	-0.0525795	"T"	2	3	27476251	"T"	"C"	0.378882	-0.0515314	0.0107476	1.62937e-06	FALSE	"3R"	0.37888198757764	0.914772727272727	161	15	"T"	61	100	0	61	TRUE	"LDHarmonicR2"	"chromosome_LOCO"	TRUE	0.0032793731364098
"X_10661963"	1.07261e-05	-0.0702938	"T"	5	1	10661963	"T"	"C"	0.114458	-0.0703123	0.0158472	9.1265e-06	FALSE	"X"	0.114457831325301	0.943181818181818	166	10	"T"	19	147	0	19	TRUE	"LDHarmonicR2"	"chromosome_LOCO"	TRUE	0.0701375834612961
"X_11292471"	1.05141e-05	-0.0428923	"G"	4	1	11292471	"G"	"C"	0.491429	-0.0431241	0.0097289	9.31132e-06	FALSE	"X"	0.491428571428572	0.994318181818182	175	1	"G"	86	89	0	86	TRUE	"LDHarmonicR2"	"chromosome_LOCO"	TRUE	0.0527608510894879
"X_3550652"	1.48788e-05	0.0503965	"C"	6	1	3550652	"C"	"T"	0.251462	0.0497119	0.0115777	1.7567e-05	FALSE	"X"	0.251461988304094	0.971590909090909	171	5	"C"	43	128	0	43	TRUE	"LDHarmonicR2"	"chromosome_LOCO"	TRUE	-0.0721296952477122
"2L_10641389"	2.04093e-05	-0.296595	"A"	7	2	10641389	"A"	"G"	0.148148	-0.290624	0.0684618	2.18534e-05	FALSE	"2L"	0.148148148148148	0.920454545454545	162	14	"A"	24	138	0	24	TRUE	"MovingShapePC1"	"chromosome_LOCO"	TRUE	-0.0296909055527159
"2L_663591"	2.8417e-05	-0.214885	"G"	10	2	663591	"G"	"A"	0.25625	-0.216063	0.05112	2.37259e-05	FALSE	"2L"	0.25625	0.909090909090909	160	16	"G"	41	119	0	41	TRUE	"MovingShapePC1"	"chromosome_LOCO"	TRUE	0.0783555316745472
"2R_12665067"	4.39254e-06	0.210424	"A"	2	2	12665067	"A"	"G"	0.345238	0.208844	0.0453673	4.15638e-06	FALSE	"2R"	0.345238095238095	0.954545454545455	168	8	"A"	58	110	0	58	TRUE	"MovingShapePC1"	"chromosome_LOCO"	TRUE	0.0240004786397909
"2R_16405149"	4.89064e-06	0.210071	"C"	3	2	16405149	"C"	"CCA"	0.402367	0.212557	0.0454479	2.91182e-06	FALSE	"2R"	0.402366863905325	0.960227272727273	169	7	"C"	68	101	0	68	TRUE	"MovingShapePC1"	"chromosome_LOCO"	TRUE	0.225201170896601
"2R_24313340"	1.67624e-05	0.217601	"A"	6	2	24313340	"A"	"T"	0.236686	0.224447	0.0499719	7.07358e-06	FALSE	"2R"	0.236686390532544	0.960227272727273	169	7	"A"	40	129	0	40	TRUE	"MovingShapePC1"	"chromosome_LOCO"	TRUE	0.374696930353036
"3L_1820086"	2.44357e-05	0.185867	"C"	9	3	1820086	"C"	"A"	0.420118	0.19178	0.0439822	1.2982e-05	FALSE	"3L"	0.420118343195266	0.960227272727273	169	7	"C"	71	98	0	71	TRUE	"MovingShapePC1"	"chromosome_LOCO"	TRUE	0.274683179812504
"3R_19299344"	2.23302e-05	0.200445	"A"	8	3	19299344	"A"	"T"	0.478788	0.197548	0.0460759	1.80741e-05	FALSE	"3R"	0.478787878787879	0.9375	165	11	"A"	79	86	0	79	TRUE	"MovingShapePC1"	"chromosome_LOCO"	TRUE	0.0918359320322262
"3R_22569326"	1.34316e-05	0.269418	"C"	5	3	22569326	"C"	"T"	0.14375	0.265104	0.0616601	1.7123e-05	FALSE	"3R"	0.14375	0.909090909090909	160	16	"C"	23	137	0	23	TRUE	"MovingShapePC1"	"chromosome_LOCO"	TRUE	-0.1054521068709
"3R_27043638"	8.79087e-06	-0.237318	"G"	4	3	27043638	"G"	"C"	0.219512	-0.239534	0.0524624	4.97549e-06	FALSE	"3R"	0.219512195121951	0.931818181818182	164	12	"G"	36	128	0	36	TRUE	"MovingShapePC1"	"chromosome_LOCO"	TRUE	0.247196000016472
"X_8318357"	1.01135e-06	-0.244921	"C"	1	1	8318357	"C"	"A"	0.25	-0.242908	0.0498245	1.08659e-06	FALSE	"X"	0.25	0.909090909090909	160	16	"C"	40	120	0	40	TRUE	"MovingShapePC1"	"chromosome_LOCO"	TRUE	-0.0311642250597881
"2L_10772724"	2.41725e-06	-0.25413	"A"	2	2	10772724	"A"	"C"	0.252941	-0.254049	0.0539911	2.53387e-06	FALSE	"2L"	0.252941176470588	0.965909090909091	170	6	"A"	43	127	0	43	TRUE	"NightPDoze"	"chromosome_LOCO"	TRUE	-0.0204627607708874
"2L_15610070"	1.68655e-05	-0.319791	"G"	10	2	15610070	"G"	"C"	0.1125	-0.319473	0.0744724	1.78819e-05	FALSE	"2L"	0.1125	0.909090909090909	160	16	"G"	18	142	0	18	TRUE	"NightPDoze"	"chromosome_LOCO"	TRUE	-0.0254144409200867
"2L_20529112"	4.76885e-06	-0.216992	"TGTGGAC"	4	2	20529112	"TGTGGAC"	"T"	0.365854	-0.216864	0.0475408	5.07551e-06	FALSE	"2L"	0.365853658536585	0.931818181818182	164	12	"TGTGGAC"	60	104	0	60	TRUE	"NightPDoze"	"chromosome_LOCO"	TRUE	-0.0270660254826929
"3L_1311540"	1.60927e-05	-0.219883	"C"	8	3	1311540	"C"	"T"	0.267442	-0.219832	0.0509889	1.62244e-05	FALSE	"3L"	0.267441860465116	0.977272727272727	172	4	"C"	46	126	0	46	TRUE	"NightPDoze"	"chromosome_LOCO"	TRUE	-0.00353972973456163
"3L_18862904"	5.57965e-06	0.238467	"A"	5	3	18862904	"A"	"T"	0.263473	0.238955	0.0526622	5.69248e-06	FALSE	"3L"	0.263473053892216	0.948863636363636	167	9	"A"	44	123	0	44	TRUE	"NightPDoze"	"chromosome_LOCO"	TRUE	-0.00869455604660629
"3L_2547295"	8.5825e-07	0.219922	"CCA"	1	3	2547295	"CCA"	"C"	0.476471	0.219861	0.0447076	8.754e-07	FALSE	"3L"	0.476470588235294	0.965909090909091	170	6	"CCA"	81	89	0	81	TRUE	"NightPDoze"	"chromosome_LOCO"	TRUE	-0.0085927301793074
"3L_6298090"	4.43577e-06	-0.265241	"T"	3	3	6298090	"T"	"G"	0.185629	-0.264057	0.0578586	5.02269e-06	FALSE	"3L"	0.18562874251497	0.948863636363636	167	9	"T"	31	136	0	31	TRUE	"NightPDoze"	"chromosome_LOCO"	TRUE	-0.0539673549975648
"3L_7668543"	1.67832e-05	0.257057	"T"	9	3	7668543	"T"	"A"	0.178161	0.257325	0.0598765	1.72659e-05	FALSE	"3L"	0.17816091954023	0.988636363636364	174	2	"T"	31	143	0	31	TRUE	"NightPDoze"	"chromosome_LOCO"	TRUE	-0.0123144512998863
"3R_13899553"	5.95833e-06	-0.252816	"A"	6	3	13899553	"A"	"T"	0.196532	-0.251803	0.0559907	6.88419e-06	FALSE	"3R"	0.196531791907514	0.982954545454545	173	3	"A"	34	139	0	34	TRUE	"NightPDoze"	"chromosome_LOCO"	TRUE	-0.0627282953273092
"3R_23894037"	1.09154e-05	-0.27453	"G"	7	3	23894037	"G"	"A"	0.164634	-0.273935	0.0622936	1.09515e-05	FALSE	"3R"	0.164634146341463	0.931818181818182	164	12	"G"	27	137	0	27	TRUE	"NightPDoze"	"chromosome_LOCO"	TRUE	-0.00143395223282905
"2L_20321158"	3.41134e-06	-0.24709	"C"	4	2	20321158	"C"	"T"	0.490798	-0.239339	0.0521715	4.4847e-06	FALSE	"2L"	0.49079754601227	0.926136363636364	163	13	"C"	80	83	0	80	TRUE	"NightPWake"	"chromosome_LOCO"	TRUE	-0.118808389966063
"2R_23639685"	5.0168e-06	-0.266868	"A"	5	2	23639685	"A"	"G"	0.264706	-0.264299	0.0583683	5.95106e-06	FALSE	"2R"	0.264705882352941	0.965909090909091	170	6	"A"	45	125	0	45	TRUE	"NightPWake"	"chromosome_LOCO"	TRUE	-0.0741675411796647
"2R_5727338"	8.99195e-06	0.334557	"A"	8	2	5727338	"A"	"G"	0.128655	0.334035	0.0747533	7.87731e-06	FALSE	"2R"	0.128654970760234	0.971590909090909	171	5	"A"	22	149	0	22	TRUE	"NightPWake"	"chromosome_LOCO"	TRUE	0.0574759464955754
"2R_7954848"	1.14377e-05	-0.311352	"T"	9	2	7954848	"T"	"A"	0.179012	-0.310724	0.0702733	9.79512e-06	FALSE	"2R"	0.179012345679012	0.920454545454545	162	14	"T"	29	133	0	29	TRUE	"NightPWake"	"chromosome_LOCO"	TRUE	0.0673289403241819
"3L_2125773"	1.30969e-05	-0.23649	"G"	10	3	2125773	"G"	"A"	0.366279	-0.234024	0.0537222	1.32347e-05	FALSE	"3L"	0.366279069767442	0.977272727272727	172	4	"G"	63	109	0	63	TRUE	"NightPWake"	"chromosome_LOCO"	TRUE	-0.00454558978160957
"3L_3724365"	8.6859e-07	-0.25602	"A"	1	3	3724365	"A"	"G"	0.47619	-0.256023	0.0518359	7.84773e-07	FALSE	"3L"	0.476190476190476	0.954545454545455	168	8	"A"	80	88	0	80	TRUE	"NightPWake"	"chromosome_LOCO"	TRUE	0.0440707722700076
"3L_4047811"	2.7678e-06	0.280094	"T"	3	3	4047811	"T"	"G"	0.270588	0.280789	0.059523	2.38985e-06	FALSE	"3L"	0.270588235294118	0.965909090909091	170	6	"T"	46	124	0	46	TRUE	"NightPWake"	"chromosome_LOCO"	TRUE	0.0637640618750046
"3R_15397393"	7.7981e-06	0.343148	"C"	6	3	15397393	"C"	"T"	0.150943	0.346331	0.0750505	3.93778e-06	FALSE	"3R"	0.150943396226415	0.903409090909091	159	17	"C"	24	135	0	24	TRUE	"NightPWake"	"chromosome_LOCO"	TRUE	0.296737351259459
"X_17878203"	2.47708e-06	-0.246154	"A"	2	1	17878203	"A"	"T"	0.4375	-0.245944	0.0521231	2.37558e-06	FALSE	"X"	0.4375	1	176	0	"A"	77	99	0	77	TRUE	"NightPWake"	"chromosome_LOCO"	TRUE	0.0181703725296529
"X_9393204"	7.92928e-06	0.317946	"C"	7	1	9393204	"C"	"G"	0.149425	0.319006	0.0709888	6.99787e-06	FALSE	"X"	0.149425287356322	0.988636363636364	174	2	"C"	26	148	0	26	TRUE	"NightPWake"	"chromosome_LOCO"	TRUE	0.0542678837002395
"2L_12681166"	1.727e-05	-46.371	"C"	9	2	12681166	"C"	"T"	0.228395	-45.5929	10.5474	1.54147e-05	FALSE	"2L"	0.228395061728395	0.920454545454545	162	14	"C"	37	125	0	37	TRUE	"NightSleepChange"	"chromosome_LOCO"	TRUE	0.0493572606367767
"2L_6268648"	1.78068e-05	-50.4121	"A"	10	2	6268648	"A"	"G"	0.154321	-46.9893	11.6333	5.36334e-05	FALSE	"2L"	0.154320987654321	0.920454545454545	162	14	"A"	25	137	0	25	TRUE	"NightSleepChange"	"chromosome_LOCO"	TRUE	-0.478849448332828
"2R_22391929"	1.12608e-05	37.931	"C"	5	2	22391929	"C"	"T"	0.409639	38.3961	8.72764	1.0857e-05	FALSE	"2R"	0.409638554216867	0.943181818181818	166	10	"C"	68	98	0	68	TRUE	"NightSleepChange"	"chromosome_LOCO"	TRUE	0.0158594073272358
"2R_6256391"	1.06078e-06	-54.6641	"C"	2	2	6256391	"C"	"A"	0.185629	-55.7613	10.9021	3.14156e-07	FALSE	"2R"	0.18562874251497	0.948863636363636	167	9	"C"	31	136	0	31	TRUE	"NightSleepChange"	"chromosome_LOCO"	TRUE	0.528479964296661
"2R_7202244"	1.61993e-05	-44.3595	"T"	8	2	7202244	"T"	"C"	0.207101	-45.7439	10.1075	6.0181e-06	FALSE	"2R"	0.207100591715976	0.960227272727273	169	7	"T"	35	134	0	35	TRUE	"NightSleepChange"	"chromosome_LOCO"	TRUE	0.430036848390544
"3L_12509851"	1.25493e-05	-39.0974	"G"	7	3	12509851	"G"	"T"	0.421687	-40.4905	8.78152	4.00972e-06	FALSE	"3L"	0.421686746987952	0.943181818181818	166	10	"G"	70	96	0	70	TRUE	"NightSleepChange"	"chromosome_LOCO"	TRUE	0.495505454785191
"3L_1888560"	5.9602e-06	-52.9579	"A"	4	3	1888560	"A"	"G"	0.159091	-51.451	11.4802	7.4051e-06	FALSE	"3L"	0.159090909090909	1	176	0	"A"	28	148	0	28	TRUE	"NightSleepChange"	"chromosome_LOCO"	TRUE	-0.0942700945631687
"3R_21998760"	2.27025e-06	-63.802	"G"	3	3	21998760	"G"	"A"	0.105882	-62.6798	13.3204	2.53166e-06	FALSE	"3R"	0.105882352941176	0.965909090909091	170	6	"G"	18	152	0	18	TRUE	"NightSleepChange"	"chromosome_LOCO"	TRUE	-0.0473316954967586
"3R_22697510"	1.20592e-05	-61.7445	"T"	6	3	22697510	"T"	"C"	0.12963	-60.5065	13.7912	1.14751e-05	FALSE	"3R"	0.12962962962963	0.920454545454545	162	14	"T"	21	141	0	21	TRUE	"NightSleepChange"	"chromosome_LOCO"	TRUE	0.0215620190335395
"3R_29419559"	8.47576e-07	-47.5088	"A"	1	3	29419559	"A"	"T"	0.345238	-45.0038	9.42239	1.7858e-06	FALSE	"3R"	0.345238095238095	0.954545454545455	168	8	"A"	58	110	0	58	TRUE	"NightSleepChange"	"chromosome_LOCO"	TRUE	-0.32365416791779
"2L_10170542"	1.648e-05	-112.124	"T"	10	2	10170542	"T"	"C"	0.118343	-113.044	25.8424	1.21781e-05	FALSE	"2L"	0.118343195266272	0.960227272727273	169	7	"T"	20	149	0	20	TRUE	"TotalSleep"	"chromosome_LOCO"	TRUE	0.131377671435509
"2L_15943639"	6.9292e-06	-89.4092	"G"	2	2	15943639	"G"	"C"	0.262195	-87.8531	19.7853	8.98243e-06	FALSE	"2L"	0.26219512195122	0.931818181818182	164	12	"G"	43	121	0	43	TRUE	"TotalSleep"	"chromosome_LOCO"	TRUE	-0.112710744724036
"2L_17491087"	7.72843e-06	-80.8328	"AGTATACAAAAT"	4	2	17491087	"AGTATACAAAAT"	"A"	0.484663	-78.7524	17.7743	9.39325e-06	FALSE	"2L"	0.484662576687117	0.926136363636364	163	13	"AGTATACAAAAT"	79	84	0	79	TRUE	"TotalSleep"	"chromosome_LOCO"	TRUE	-0.0847246035042675
"2L_20321158"	7.77988e-06	79.4682	"C"	5	2	20321158	"C"	"T"	0.490798	75.8677	17.3308	1.19982e-05	FALSE	"2L"	0.49079754601227	0.926136363636364	163	13	"C"	80	83	0	80	TRUE	"TotalSleep"	"chromosome_LOCO"	TRUE	-0.188143198680551
"2R_18433628"	1.30411e-05	79.4255	"G"	8	2	18433628	"G"	"T"	0.299401	81.9831	18.3519	7.92187e-06	FALSE	"2R"	0.29940119760479	0.948863636363636	167	9	"G"	50	117	0	50	TRUE	"TotalSleep"	"chromosome_LOCO"	TRUE	0.216486513883055
"3L_3724365"	5.34047e-06	78.9229	"A"	1	3	3724365	"A"	"G"	0.47619	79.2773	17.2361	4.23543e-06	FALSE	"3L"	0.476190476190476	0.954545454545455	168	8	"A"	80	88	0	80	TRUE	"TotalSleep"	"chromosome_LOCO"	TRUE	0.100681971323078
"3L_4047811"	7.6401e-06	-88.8618	"T"	3	3	4047811	"T"	"G"	0.270588	-90.4752	19.7452	4.60248e-06	FALSE	"3L"	0.270588235294118	0.965909090909091	170	6	"T"	46	124	0	46	TRUE	"TotalSleep"	"chromosome_LOCO"	TRUE	0.220107133060504
"3R_13161784"	1.51706e-05	-77.8497	"T"	9	3	13161784	"T"	"G"	0.4	-77.2246	17.5619	1.09618e-05	FALSE	"3R"	0.4	0.909090909090909	160	16	"T"	64	96	0	64	TRUE	"TotalSleep"	"chromosome_LOCO"	TRUE	0.141120883524432
"3R_16911341"	1.09855e-05	-85.3541	"C"	7	3	16911341	"C"	"T"	0.343373	-86.131	19.3027	8.11519e-06	FALSE	"3R"	0.343373493975904	0.943181818181818	166	10	"C"	57	109	0	57	TRUE	"TotalSleep"	"chromosome_LOCO"	TRUE	0.131521136053273
"X_2509888"	8.98358e-06	-100.77	"T"	6	1	2509888	"T"	"C"	0.16185	-100.362	22.5345	8.43964e-06	FALSE	"X"	0.161849710982659	0.982954545454545	173	3	"T"	28	145	0	28	TRUE	"TotalSleep"	"chromosome_LOCO"	TRUE	0.0271255177870628
