model	PC	variance_fraction	n_training_lines	n_projected_flies
"moving_raw"	1	0.486236880458467	176	6228
"moving_raw"	2	0.182967140996258	176	6228
"moving_raw"	3	0.111130885436813	176	6228
"moving_raw"	4	0.0714395076221084	176	6228
"moving_raw"	5	0.0431542141424513	176	6228
"moving_raw"	6	0.0237631795322706	176	6228
"moving_raw"	7	0.0224757496247579	176	6228
"moving_raw"	8	0.013343245920027	176	6228
"moving_raw"	9	0.01088309905779	176	6228
"moving_raw"	10	0.00940396996954319	176	6228
"moving_raw"	11	0.00565782804616301	176	6228
"moving_raw"	12	0.00385358208367542	176	6228
"moving_raw"	13	0.00305596974978628	176	6228
"moving_raw"	14	0.0021425366296578	176	6228
"moving_raw"	15	0.00153206821695999	176	6228
"moving_raw"	16	0.00119714932858393	176	6228
"moving_raw"	17	0.00102258816905112	176	6228
"moving_raw"	18	0.000907962821926257	176	6228
"moving_raw"	19	0.000773144674469733	176	6228
"moving_raw"	20	0.000578705490336932	176	6228
"moving_raw"	21	0.000483167982320236	176	6228
"moving_raw"	22	0.000421599680572585	176	6228
"moving_raw"	23	0.000403568719009307	176	6228
"moving_raw"	24	0.0003750900644188	176	6228
"moving_raw"	25	0.000302217728276917	176	6228
"moving_raw"	26	0.000271358724465098	176	6228
"moving_raw"	27	0.000238331440817484	176	6228
"moving_raw"	28	0.000201806018253669	176	6228
"moving_raw"	29	0.000175502178658771	176	6228
"moving_raw"	30	0.000157940789756312	176	6228
"moving_raw"	31	0.000140495160499757	176	6228
"moving_raw"	32	0.000132771119076675	176	6228
"moving_raw"	33	0.000121368246180731	176	6228
"moving_raw"	34	0.000120503052400748	176	6228
"moving_raw"	35	0.000111896520211356	176	6228
"moving_raw"	36	0.000100281043372815	176	6228
"moving_raw"	37	9.62370805363293e-05	176	6228
"moving_raw"	38	8.9524682545621e-05	176	6228
"moving_raw"	39	8.09208639812843e-05	176	6228
"moving_raw"	40	7.17004427150697e-05	176	6228
"moving_raw"	41	6.34138645367595e-05	176	6228
"moving_raw"	42	6.13985148686775e-05	176	6228
"moving_raw"	43	5.49128168852002e-05	176	6228
"moving_raw"	44	4.74250282983044e-05	176	6228
"moving_raw"	45	4.46924852282491e-05	176	6228
"moving_raw"	46	4.06606240251892e-05	176	6228
"moving_raw"	47	3.93831022094036e-05	176	6228
"moving_raw"	48	3.24240547818608e-05	176	6228
"moving_centered_shape"	1	0.363578004058122	176	6228
"moving_centered_shape"	2	0.216984113159899	176	6228
"moving_centered_shape"	3	0.13358353058036	176	6228
"moving_centered_shape"	4	0.0876749188047689	176	6228
"moving_centered_shape"	5	0.0448918958102197	176	6228
"moving_centered_shape"	6	0.0421332095854594	176	6228
"moving_centered_shape"	7	0.0250066366309144	176	6228
"moving_centered_shape"	8	0.0203845578717926	176	6228
"moving_centered_shape"	9	0.0176422860000607	176	6228
"moving_centered_shape"	10	0.0107567457730904	176	6228
"moving_centered_shape"	11	0.00729265910368009	176	6228
"moving_centered_shape"	12	0.00571171926913296	176	6228
"moving_centered_shape"	13	0.00448121798981429	176	6228
"moving_centered_shape"	14	0.00286371114409062	176	6228
"moving_centered_shape"	15	0.00226030285834358	176	6228
"moving_centered_shape"	16	0.00195633355470611	176	6228
"moving_centered_shape"	17	0.00169791080353688	176	6228
"moving_centered_shape"	18	0.00144474432297592	176	6228
"moving_centered_shape"	19	0.00121588693175204	176	6228
"moving_centered_shape"	20	0.000909935276010435	176	6228
"moving_centered_shape"	21	0.000787871324909218	176	6228
"moving_centered_shape"	22	0.000757789010088661	176	6228
"moving_centered_shape"	23	0.000702012696714136	176	6228
"moving_centered_shape"	24	0.000573821451939984	176	6228
"moving_centered_shape"	25	0.000515681765804443	176	6228
"moving_centered_shape"	26	0.000447048581871897	176	6228
"moving_centered_shape"	27	0.0003913995360193	176	6228
"moving_centered_shape"	28	0.000328589537169027	176	6228
"moving_centered_shape"	29	0.000297790248488332	176	6228
"moving_centered_shape"	30	0.000263021061695051	176	6228
"moving_centered_shape"	31	0.000248293254288703	176	6228
"moving_centered_shape"	32	0.000235680447289955	176	6228
"moving_centered_shape"	33	0.000225360420643267	176	6228
"moving_centered_shape"	34	0.000210176559963596	176	6228
"moving_centered_shape"	35	0.000187758825403499	176	6228
"moving_centered_shape"	36	0.000180553441148249	176	6228
"moving_centered_shape"	37	0.000167305805252188	176	6228
"moving_centered_shape"	38	0.000151217282030818	176	6228
"moving_centered_shape"	39	0.000134476046168035	176	6228
"moving_centered_shape"	40	0.000118512843279272	176	6228
"moving_centered_shape"	41	0.000116015224202911	176	6228
"moving_centered_shape"	42	0.000104435004087748	176	6228
"moving_centered_shape"	43	8.86769564608804e-05	176	6228
"moving_centered_shape"	44	8.55779808281001e-05	176	6228
"moving_centered_shape"	45	7.60186885688815e-05	176	6228
"moving_centered_shape"	46	7.36942148213643e-05	176	6228
"moving_centered_shape"	47	6.09022621314116e-05	176	6228
"moving_centered_shape"	48	2.73677491303812e-32	176	6228
"moving_change"	1	0.403309876293266	169	6008
"moving_change"	2	0.14672040740247	169	6008
"moving_change"	3	0.0854788590013801	169	6008
"moving_change"	4	0.0689449101533296	169	6008
"moving_change"	5	0.0557664474808704	169	6008
"moving_change"	6	0.0337312774349805	169	6008
"moving_change"	7	0.0275229367874577	169	6008
"moving_change"	8	0.0248082993327186	169	6008
"moving_change"	9	0.0220401104776835	169	6008
"moving_change"	10	0.0146274662976769	169	6008
"moving_change"	11	0.0133236548789882	169	6008
"moving_change"	12	0.0128757144321108	169	6008
"moving_change"	13	0.0115168892031474	169	6008
"moving_change"	14	0.00845771942841897	169	6008
"moving_change"	15	0.0075132498267802	169	6008
"moving_change"	16	0.00743630894540347	169	6008
"moving_change"	17	0.00552780934835127	169	6008
"moving_change"	18	0.00513632177374863	169	6008
"moving_change"	19	0.00444079026208833	169	6008
"moving_change"	20	0.00365502859126949	169	6008
"moving_change"	21	0.00352863256088248	169	6008
"moving_change"	22	0.0027938354956541	169	6008
"moving_change"	23	0.00269635748005648	169	6008
"moving_change"	24	0.00268034117242812	169	6008
"moving_change"	25	0.00238428268130691	169	6008
"moving_change"	26	0.00206324402216347	169	6008
"moving_change"	27	0.00199245155878926	169	6008
"moving_change"	28	0.00181989966155015	169	6008
"moving_change"	29	0.00167591746693566	169	6008
"moving_change"	30	0.00142963010694864	169	6008
"moving_change"	31	0.00130110324554266	169	6008
"moving_change"	32	0.0012289993306208	169	6008
"moving_change"	33	0.00120276835572442	169	6008
"moving_change"	34	0.00115477789687256	169	6008
"moving_change"	35	0.00105965550163158	169	6008
"moving_change"	36	0.000940621990556239	169	6008
"moving_change"	37	0.000890776132734256	169	6008
"moving_change"	38	0.000829433075718453	169	6008
"moving_change"	39	0.000758957563902503	169	6008
"moving_change"	40	0.000742167321310023	169	6008
"moving_change"	41	0.000683728071437516	169	6008
"moving_change"	42	0.000631680072227339	169	6008
"moving_change"	43	0.000601969200915143	169	6008
"moving_change"	44	0.000528504522463003	169	6008
"moving_change"	45	0.000463264490590637	169	6008
"moving_change"	46	0.00042850509989321	169	6008
"moving_change"	47	0.000379118304442207	169	6008
"moving_change"	48	0.000275300264562084	169	6008
"sleep_raw"	1	0.458184138369875	176	6228
"sleep_raw"	2	0.200530698957835	176	6228
"sleep_raw"	3	0.116485246500102	176	6228
"sleep_raw"	4	0.0676728222874991	176	6228
"sleep_raw"	5	0.0485353488074474	176	6228
"sleep_raw"	6	0.0241115129746689	176	6228
"sleep_raw"	7	0.0239811471571478	176	6228
"sleep_raw"	8	0.0141559125396102	176	6228
"sleep_raw"	9	0.0115091461181357	176	6228
"sleep_raw"	10	0.00888510141559701	176	6228
"sleep_raw"	11	0.00566547875398608	176	6228
"sleep_raw"	12	0.00366760509392993	176	6228
"sleep_raw"	13	0.00319130360861838	176	6228
"sleep_raw"	14	0.00258878539525328	176	6228
"sleep_raw"	15	0.00150733111283789	176	6228
"sleep_raw"	16	0.00129045726372686	176	6228
"sleep_raw"	17	0.000901039914901462	176	6228
"sleep_raw"	18	0.000775271824883346	176	6228
"sleep_raw"	19	0.000726919509109561	176	6228
"sleep_raw"	20	0.000565516741920261	176	6228
"sleep_raw"	21	0.000484341671231216	176	6228
"sleep_raw"	22	0.000463060616972415	176	6228
"sleep_raw"	23	0.000408921541648745	176	6228
"sleep_raw"	24	0.000395191115983557	176	6228
"sleep_raw"	25	0.000336125368940249	176	6228
"sleep_raw"	26	0.000318599579370928	176	6228
"sleep_raw"	27	0.000253216715260441	176	6228
"sleep_raw"	28	0.000227556513763031	176	6228
"sleep_raw"	29	0.000220517131959415	176	6228
"sleep_raw"	30	0.000196445708492295	176	6228
"sleep_raw"	31	0.000165550854646166	176	6228
"sleep_raw"	32	0.000159666370216016	176	6228
"sleep_raw"	33	0.000147516765821208	176	6228
"sleep_raw"	34	0.000140445438640252	176	6228
"sleep_raw"	35	0.000132614035113524	176	6228
"sleep_raw"	36	0.000124854711211283	176	6228
"sleep_raw"	37	0.000120499858178274	176	6228
"sleep_raw"	38	0.000107002081587571	176	6228
"sleep_raw"	39	0.000102758077955268	176	6228
"sleep_raw"	40	8.71978952787597e-05	176	6228
"sleep_raw"	41	8.351009671566e-05	176	6228
"sleep_raw"	42	7.66051647667155e-05	176	6228
"sleep_raw"	43	6.79085174239069e-05	176	6228
"sleep_raw"	44	5.75431303930069e-05	176	6228
"sleep_raw"	45	5.55253658728256e-05	176	6228
"sleep_raw"	46	5.05329162574819e-05	176	6228
"sleep_raw"	47	4.48863795898045e-05	176	6228
"sleep_raw"	48	4.06220296257609e-05	176	6228
"sleep_centered_shape"	1	0.367076926519197	176	6228
"sleep_centered_shape"	2	0.221254686426624	176	6228
"sleep_centered_shape"	3	0.126324748354375	176	6228
"sleep_centered_shape"	4	0.0878978604893015	176	6228
"sleep_centered_shape"	5	0.0439173921963542	176	6228
"sleep_centered_shape"	6	0.0432268110648411	176	6228
"sleep_centered_shape"	7	0.0255505925040204	176	6228
"sleep_centered_shape"	8	0.0210893116236952	176	6228
"sleep_centered_shape"	9	0.0159749058914732	176	6228
"sleep_centered_shape"	10	0.0104317390666004	176	6228
"sleep_centered_shape"	11	0.00664217720441688	176	6228
"sleep_centered_shape"	12	0.00573044618089208	176	6228
"sleep_centered_shape"	13	0.00505444742170471	176	6228
"sleep_centered_shape"	14	0.00272519846716352	176	6228
"sleep_centered_shape"	15	0.00233441405657972	176	6228
"sleep_centered_shape"	16	0.0016467360334592	176	6228
"sleep_centered_shape"	17	0.00143825277487788	176	6228
"sleep_centered_shape"	18	0.00130637777308955	176	6228
"sleep_centered_shape"	19	0.00111025987868718	176	6228
"sleep_centered_shape"	20	0.000890703744038289	176	6228
"sleep_centered_shape"	21	0.000838448611008398	176	6228
"sleep_centered_shape"	22	0.000763573977406576	176	6228
"sleep_centered_shape"	23	0.000721242763830842	176	6228
"sleep_centered_shape"	24	0.00063039611561931	176	6228
"sleep_centered_shape"	25	0.000581858873853213	176	6228
"sleep_centered_shape"	26	0.000457103160620084	176	6228
"sleep_centered_shape"	27	0.000437227605355717	176	6228
"sleep_centered_shape"	28	0.000404752930509006	176	6228
"sleep_centered_shape"	29	0.000358176307115076	176	6228
"sleep_centered_shape"	30	0.000299363645183532	176	6228
"sleep_centered_shape"	31	0.00028674075763538	176	6228
"sleep_centered_shape"	32	0.000266882065713448	176	6228
"sleep_centered_shape"	33	0.000252094223629607	176	6228
"sleep_centered_shape"	34	0.000238014699597304	176	6228
"sleep_centered_shape"	35	0.00022482348051413	176	6228
"sleep_centered_shape"	36	0.000216370668807967	176	6228
"sleep_centered_shape"	37	0.00019445925818608	176	6228
"sleep_centered_shape"	38	0.000184446004272226	176	6228
"sleep_centered_shape"	39	0.00015649644381052	176	6228
"sleep_centered_shape"	40	0.000150559400539889	176	6228
"sleep_centered_shape"	41	0.000137559422727005	176	6228
"sleep_centered_shape"	42	0.00012413274726603	176	6228
"sleep_centered_shape"	43	0.000104288252653671	176	6228
"sleep_centered_shape"	44	0.00010068990672301	176	6228
"sleep_centered_shape"	45	9.10965142650248e-05	176	6228
"sleep_centered_shape"	46	8.06488030845873e-05	176	6228
"sleep_centered_shape"	47	7.45656886818674e-05	176	6228
"sleep_centered_shape"	48	2.32039045824627e-32	176	6228
"sleep_change"	1	0.404331370146141	169	6008
"sleep_change"	2	0.141801567428367	169	6008
"sleep_change"	3	0.0920813708052484	169	6008
"sleep_change"	4	0.0680867723751013	169	6008
"sleep_change"	5	0.0477131511322419	169	6008
"sleep_change"	6	0.0331993792951507	169	6008
"sleep_change"	7	0.0271911130057752	169	6008
"sleep_change"	8	0.0240271033044812	169	6008
"sleep_change"	9	0.0198442405190569	169	6008
"sleep_change"	10	0.015550779881823	169	6008
"sleep_change"	11	0.0138837893347808	169	6008
"sleep_change"	12	0.0128769864844677	169	6008
"sleep_change"	13	0.0123599870289869	169	6008
"sleep_change"	14	0.00974879934842457	169	6008
"sleep_change"	15	0.00839387606297093	169	6008
"sleep_change"	16	0.00711010746487934	169	6008
"sleep_change"	17	0.00581975418523272	169	6008
"sleep_change"	18	0.00520958669491694	169	6008
"sleep_change"	19	0.00466318727126054	169	6008
"sleep_change"	20	0.00372605928045525	169	6008
"sleep_change"	21	0.00367157153561818	169	6008
"sleep_change"	22	0.00343870937994275	169	6008
"sleep_change"	23	0.00287747291468509	169	6008
"sleep_change"	24	0.00266554861622463	169	6008
"sleep_change"	25	0.00257368536861522	169	6008
"sleep_change"	26	0.00230290252832086	169	6008
"sleep_change"	27	0.00213415684463852	169	6008
"sleep_change"	28	0.00207661130000166	169	6008
"sleep_change"	29	0.00188824918235877	169	6008
"sleep_change"	30	0.00170458063702721	169	6008
"sleep_change"	31	0.00159015871807398	169	6008
"sleep_change"	32	0.00149555547299639	169	6008
"sleep_change"	33	0.00142146776574867	169	6008
"sleep_change"	34	0.00132213123111492	169	6008
"sleep_change"	35	0.00126120789301361	169	6008
"sleep_change"	36	0.00115620055064201	169	6008
"sleep_change"	37	0.00106202286000042	169	6008
"sleep_change"	38	0.00101015658934513	169	6008
"sleep_change"	39	0.000932104974401048	169	6008
"sleep_change"	40	0.000871817219485174	169	6008
"sleep_change"	41	0.000803104781833323	169	6008
"sleep_change"	42	0.000765803444962848	169	6008
"sleep_change"	43	0.000697022410635828	169	6008
"sleep_change"	44	0.000612226715446573	169	6008
"sleep_change"	45	0.000599653071789724	169	6008
"sleep_change"	46	0.000553601509217041	169	6008
"sleep_change"	47	0.000491616460714582	169	6008
"sleep_change"	48	0.000401678973384543	169	6008
