trait	SNP	schemes	original_p	recorded_nominal	all_same_direction	min_effect_ratio	max_effect_ratio	minimum_p	maximum_p	schemes_nominal	largest_log10p_drop	worst_scheme	annotation_label	minor_carriers
"LDHarmonicR2"	"2L_14815128"	6	2.04866e-05	FALSE	TRUE	0.971359349935648	0.999360082093973	2.07115e-05	3.86877e-05	0	0.276103023560066	"zero_24h"	"INTRAGENIC|FBtr0304344"	19
"LDHarmonicR2"	"2L_6415893"	6	2.28762e-06	TRUE	TRUE	0.983256215117115	1.00134791947483	2.39923e-06	3.28409e-06	6	0.157031165584162	"prop005_24h"	"SYNONYMOUS_CODING|Tig"	81
"LDHarmonicR2"	"2R_16679757"	6	2.46497e-05	FALSE	TRUE	0.977108007573638	1.01754929453732	1.74303e-05	4.45455e-05	0	0.256992199977832	"zero_24h"	"INTRON|Pgant9"	73
"LDHarmonicR2"	"3R_22770259"	6	1.63828e-05	FALSE	TRUE	0.986091815787837	1.02959269012517	1.15772e-05	2.09814e-05	0	0.107446334003704	"prop005_24h"	"INTRON|Usp12-46; INTRON|CG43093; INTRON|CG7029"	25
"LDHarmonicR2"	"3R_23828086"	6	1.91787e-05	FALSE	TRUE	0.960405114222399	0.998983895509737	1.95878e-05	4.7365e-05	0	0.392638375822244	"recovery_aware"	"INTRON|CG34355"	28
"LDHarmonicR2"	"3R_24776116"	6	1.60719e-06	TRUE	TRUE	0.985011126255786	1.00610819104355	1.58976e-06	2.39118e-06	6	0.172545048025317	"recovery_aware"	"SPLICE_SITE_REGION+INTRON|CG42331"	22
"LDHarmonicR2"	"3R_27476251"	6	1.64172e-06	TRUE	TRUE	0.994094656662768	1.03184130697325	1.13256e-06	2.30753e-06	6	0.147848267015934	"prop001_24h"	"INTERGENIC|unassigned"	61
"LDHarmonicR2"	"X_10661963"	6	1.07261e-05	FALSE	TRUE	0.974524068979056	0.999539077415078	1.08062e-05	2.28654e-05	0	0.328736961595578	"recovery_aware"	"INTRON|X11Lbeta"	19
"LDHarmonicR2"	"X_11292471"	6	1.05141e-05	FALSE	TRUE	0.966896156186542	1.01159182417357	8.11662e-06	2.55973e-05	1	0.386422055106891	"recovery_aware"	"INTRON|CG44422"	86
"LDHarmonicR2"	"X_3550652"	6	1.48788e-05	FALSE	TRUE	0.991545047771175	1.00803627236018	1.25687e-05	2.21507e-05	0	0.172819549175272	"recovery_aware"	"INTRON|DIP-alpha"	43
"MovingShapePC1"	"2L_10641389"	6	2.04093e-05	FALSE	TRUE	0.993216338778469	1.00430553448305	1.97428e-05	2.28428e-05	0	0.0489212278149482	"prop01_48h"	"SYNONYMOUS_CODING|CG31872"	24
"MovingShapePC1"	"2L_663591"	6	2.8417e-05	FALSE	TRUE	0.98867766479745	1.01519882727971	2.13078e-05	3.53429e-05	0	0.0947239546304406	"prop001_24h"	"INTRON|ds"	41
"MovingShapePC1"	"2R_12665067"	6	4.39254e-06	TRUE	TRUE	0.98883207238718	1.00303197353914	4.17257e-06	5.35916e-06	6	0.0863809982613075	"recovery_aware"	"UTR_5_PRIME|nemy"	58
"MovingShapePC1"	"2R_16405149"	6	4.89064e-06	TRUE	TRUE	0.998043518619895	1.01669911601316	3.46994e-06	4.96345e-06	6	0.00641795573011184	"prop005_24h"	"INTRON|Sema2b"	68
"MovingShapePC1"	"2R_24313340"	6	1.67624e-05	FALSE	TRUE	0.986750980004688	0.997693025307788	1.7371e-05	2.123e-05	0	0.102613794183464	"recovery_aware"	"DOWNSTREAM|betaTub60D"	40
"MovingShapePC1"	"3L_1820086"	6	2.44357e-05	FALSE	TRUE	0.982778007930402	1.00477222960504	2.20188e-05	3.42703e-05	0	0.146893121624835	"recovery_aware"	"INTRON|GV1"	71
"MovingShapePC1"	"3R_19299344"	6	2.23302e-05	FALSE	TRUE	0.983676320187583	0.998932375464591	2.19559e-05	2.85309e-05	0	0.106422858743477	"zero_24h"	"INTERGENIC|unassigned"	79
"MovingShapePC1"	"3R_22569326"	6	1.34316e-05	FALSE	TRUE	0.99654811482529	1.00215650030807	1.26405e-05	1.47495e-05	0	0.0406495484096929	"recovery_aware"	"UPSTREAM|CG33110"	23
"MovingShapePC1"	"3R_27043638"	6	8.79087e-06	TRUE	TRUE	0.981632240285187	0.998567323169755	8.96141e-06	1.33457e-05	2	0.181309500328668	"zero_24h"	"INTRON|RYa-R"	36
"MovingShapePC1"	"X_8318357"	6	1.01135e-06	TRUE	TRUE	0.992752765177343	1.00000816589839	1.0288e-06	1.28077e-06	6	0.102569667573619	"zero_24h"	"INTRON|nAChRalpha3"	40
"NightPDoze"	"2L_10772724"	6	2.41725e-06	TRUE	TRUE	0.931873450596152	1.00098374847519	2.43976e-06	7.50667e-06	6	0.492125755403918	"prop01_48h"	"UTR_3_PRIME|CG31869"	43
"NightPDoze"	"2L_15610070"	6	1.68655e-05	FALSE	TRUE	1.00023452817622	1.03919434880907	4.77041e-06	1.72729e-05	5	0.010366037768704	"current_simulated"	"UPSTREAM|EXON_2L_15610171_15610746"	18
"NightPDoze"	"2L_20529112"	6	4.76885e-06	TRUE	TRUE	0.892466081698865	0.998184264857691	5.12909e-06	2.72174e-05	1	0.756432973648901	"prop005_24h"	"INTRAGENIC|FBtr0304344"	60
"NightPDoze"	"3L_1311540"	6	1.60927e-05	FALSE	TRUE	0.948477144663298	0.996075185439529	1.78884e-05	2.64153e-05	0	0.21522663211271	"prop01_48h"	"SYNONYMOUS_CODING|Ctr9"	46
"NightPDoze"	"3L_18862904"	6	5.57965e-06	TRUE	TRUE	0.884843605194849	0.998645514893046	5.91956e-06	4.23623e-05	1	0.880372574078388	"zero_24h"	"UPSTREAM|CG6865"	44
"NightPDoze"	"3L_2547295"	6	8.5825e-07	TRUE	TRUE	0.940674420931057	1.00075481307009	8.74996e-07	1.95223e-06	6	0.356917170211636	"prop01_48h"	"INTRON|Spn"	81
"NightPDoze"	"3L_6298090"	6	4.43577e-06	TRUE	TRUE	0.89498606927285	1.00204342465908	4.37981e-06	2.61591e-05	1	0.770653778700666	"prop01_48h"	"INTERGENIC|unassigned"	31
"NightPDoze"	"3L_7668543"	6	1.67832e-05	FALSE	TRUE	0.963988531726427	0.999688784977651	1.73702e-05	2.18494e-05	0	0.114564745484256	"prop005_24h"	"SYNONYMOUS_CODING|Ank2"	31
"NightPDoze"	"3R_13899553"	6	5.95833e-06	TRUE	TRUE	0.969080279729131	0.997958989937346	5.82066e-06	7.85671e-06	6	0.120116170351658	"zero_24h"	"INTERGENIC|unassigned"	34
"NightPDoze"	"3R_23894037"	6	1.09154e-05	FALSE	TRUE	0.86705642370597	0.998870797362765	1.15157e-05	9.059e-05	0	0.91904060439426	"prop005_24h"	"UPSTREAM|tbrd-1"	27
"NightPWake"	"2L_20321158"	6	3.41134e-06	TRUE	TRUE	1.00032781577563	1.04660245254765	3.14618e-06	6.88668e-06	6	0.305084896660011	"zero_24h"	"INTRON|spir"	80
"NightPWake"	"2R_23639685"	6	5.0168e-06	TRUE	TRUE	1.00156257025945	1.12374282416775	1.43542e-06	5.59035e-06	6	0.0470122112300908	"prop01_48h"	"INTRON|retn"	45
"NightPWake"	"2R_5727338"	6	8.99195e-06	TRUE	TRUE	0.984606509503612	1.07486317727622	6.61555e-06	1.40831e-05	4	0.194844379770329	"prop01_48h"	"INTRON|ap"	22
"NightPWake"	"2R_7954848"	6	1.14377e-05	FALSE	TRUE	0.981647781289345	1.00813869832216	1.16096e-05	3.50287e-05	0	0.486085318666845	"prop001_24h"	"INTRON|CG14764"	29
"NightPWake"	"3L_2125773"	6	1.30969e-05	FALSE	TRUE	0.995581208507759	1.03121062201362	1.38187e-05	2.83427e-05	0	0.335272708397347	"zero_24h"	"SYNONYMOUS_CODING|zormin"	63
"NightPWake"	"3L_3724365"	6	8.6859e-07	TRUE	TRUE	1.00264432466214	1.04303570033591	6.94482e-07	1.40507e-06	6	0.208883136088645	"zero_24h"	"INTRON|CG32264"	80
"NightPWake"	"3L_4047811"	6	2.7678e-06	TRUE	TRUE	1.00491263647204	1.07042278663592	1.77642e-06	4.76059e-06	6	0.235526075011272	"recovery_aware"	"INTRON|CG1136"	46
"NightPWake"	"3R_15397393"	6	7.7981e-06	TRUE	TRUE	0.959865713919358	1.01239989742036	6.88333e-06	5.42515e-05	3	0.842422950374658	"zero_24h"	"INTRON|Rbp"	24
"NightPWake"	"X_17878203"	6	2.47708e-06	TRUE	TRUE	1.00332312292305	1.07047620595237	1.98811e-06	2.67666e-06	6	0.0336531760515157	"prop005_24h"	"UTR_5_PRIME|mnb"	77
"NightPWake"	"X_9393204"	6	7.92928e-06	TRUE	TRUE	1.00104105728646	1.06752719015179	5.92446e-06	1.40254e-05	5	0.247681502048794	"recovery_aware"	"INTRON|mgl"	26
"NightSleepChange"	"2L_12681166"	6	1.727e-05	FALSE	TRUE	1.00285523279636	1.0155334152811	1.32282e-05	1.62594e-05	0	-0.0261878222317309	"current_simulated"	"INTRON|pdm2"	37
"NightSleepChange"	"2L_6268648"	6	1.78068e-05	FALSE	TRUE	0.983753900353288	1.00003570571351	1.79083e-05	2.20555e-05	0	0.0929310268399171	"recovery_aware"	"INTRON|Ddr"	25
"NightSleepChange"	"2R_22391929"	6	1.12608e-05	FALSE	TRUE	0.994268540244128	1.01457910416282	8.5079e-06	1.068e-05	3	-0.0229979924625603	"prop005_24h"	"SYNONYMOUS_CODING|CG13506"	68
"NightSleepChange"	"2R_6256391"	6	1.06078e-06	TRUE	TRUE	1.00022501056452	1.03086486377714	4.8148e-07	1.05102e-06	6	-0.00401434257307276	"current_simulated"	"INTERGENIC|unassigned"	31
"NightSleepChange"	"2R_7202244"	6	1.61993e-05	FALSE	TRUE	0.987069286173199	1.00027277133421	1.59752e-05	2.11522e-05	0	0.115859295875192	"zero_24h"	"INTRON|pk"	35
"NightSleepChange"	"3L_12509851"	6	1.25493e-05	FALSE	TRUE	0.978602157688235	1.00217149989513	1.19919e-05	1.87134e-05	0	0.17353319921489	"prop005_24h"	"SYNONYMOUS_CODING|sti"	70
"NightSleepChange"	"3L_1888560"	6	5.9602e-06	TRUE	TRUE	0.999340985952993	1.01049135256496	4.45709e-06	6.14125e-06	6	0.0129959440068284	"prop01_48h"	"INTRON|Tmhs"	28
"NightSleepChange"	"3R_21998760"	6	2.27025e-06	TRUE	TRUE	0.989816933638444	1.0020485251246	2.14144e-06	2.67216e-06	6	0.070788774334253	"prop005_24h"	"INTRON|Eip93F"	18
"NightSleepChange"	"3R_22697510"	6	1.20592e-05	FALSE	TRUE	0.977492732146183	0.999595105636939	1.21285e-05	1.87944e-05	0	0.192709967751354	"prop005_24h"	"SYNONYMOUS_CODING|cd"	21
"NightSleepChange"	"3R_29419559"	6	8.47576e-07	TRUE	TRUE	0.962514313137777	1.00807429360455	6.89731e-07	2.09604e-06	6	0.393220915584387	"zero_24h"	"INTRON|Ptp99A"	58
"TotalSleep"	"2L_10170542"	6	1.648e-05	FALSE	TRUE	1.00357639755984	1.04762584281688	9.98629e-06	1.62077e-05	1	-0.00723581794005224	"prop01_48h"	"INTRON|CG44153"	20
"TotalSleep"	"2L_15943639"	6	6.9292e-06	TRUE	TRUE	0.972313811106687	1.01312504753426	6.70559e-06	1.65394e-05	4	0.377836653883819	"recovery_aware"	"INTRON|beat-Ib"	43
"TotalSleep"	"2L_17491087"	6	7.72843e-06	TRUE	TRUE	0.999694430973565	1.01935847824151	7.68553e-06	8.66663e-06	6	0.0497589781761318	"recovery_aware"	"INTRON|qua"	79
"TotalSleep"	"2L_20321158"	6	7.77988e-06	TRUE	TRUE	1.00130240775556	1.01863512700678	6.75234e-06	9.56115e-06	6	0.0895372333627114	"zero_24h"	"INTRON|spir"	80
"TotalSleep"	"2R_18433628"	6	1.30411e-05	FALSE	TRUE	0.994048510868676	1.01485039439475	1.29827e-05	2.00257e-05	0	0.186273480699642	"prop001_24h"	"INTRON|Ttd14"	50
"TotalSleep"	"3L_3724365"	6	5.34047e-06	TRUE	TRUE	1.0009566298248	1.02442510348707	4.34858e-06	5.76597e-06	6	0.0332928986824443	"prop001_24h"	"INTRON|CG32264"	80
"TotalSleep"	"3L_4047811"	6	7.6401e-06	TRUE	TRUE	1.00192208575563	1.04242542914953	4.82619e-06	7.53792e-06	6	-0.00584751905369885	"current_simulated"	"INTRON|CG1136"	46
"TotalSleep"	"3R_13161784"	6	1.51706e-05	FALSE	TRUE	1.00252923261104	1.03965718557682	9.85927e-06	1.47937e-05	1	-0.0109259501127328	"current_simulated"	"INTRON|timeout"	64
"TotalSleep"	"3R_16911341"	6	1.09855e-05	FALSE	TRUE	1.00083300040654	1.06300107434792	4.72985e-06	1.12867e-05	4	0.0117471532486686	"prop01_48h"	"INTRON|lncRNA:iab8"	57
"TotalSleep"	"X_2509888"	6	8.98358e-06	TRUE	TRUE	1.00266944527141	1.02308226654758	8.43512e-06	9.64302e-06	6	0.0307636278976258	"recovery_aware"	"INTRON|trol"	28
