Chr	SNP	bp	A1	A2	Freq	b	se	p	count_alleles_swapped	arm	MAF	call_rate	n_called	n_missing	minor_allele	minor_homozygotes	major_homozygotes	het	minor_carriers	eligible	trait	variant
21	"2L_6415893"	6415893	"G"	"A"	0.5	0.0479999	0.0101561	2.28762e-06	FALSE	"2L"	0.5	0.920454545454545	162	14	"G"	81	81	0	81	TRUE	"LDHarmonicR2"	"primary"
21	"2L_6416352"	6416352	"C"	"A"	0.466258	-0.0470511	0.0102359	4.29303e-06	FALSE	"2L"	0.466257668711656	0.926136363636364	163	13	"C"	76	87	0	76	TRUE	"LDHarmonicR2"	"primary"
21	"2L_6416472"	6416472	"C"	"T"	0.460123	-0.0466252	0.0103717	6.94309e-06	FALSE	"2L"	0.460122699386503	0.926136363636364	163	13	"C"	75	88	0	75	TRUE	"LDHarmonicR2"	"primary"
32	"3R_24776116"	24776116	"T"	"C"	0.130952	0.0688911	0.01436	1.60719e-06	FALSE	"3R"	0.130952380952381	0.954545454545455	168	8	"T"	22	146	0	22	TRUE	"LDHarmonicR2"	"primary"
32	"3R_27476251"	27476251	"T"	"C"	0.378882	-0.0525795	0.0109697	1.64172e-06	FALSE	"3R"	0.37888198757764	0.914772727272727	161	15	"T"	61	100	0	61	TRUE	"LDHarmonicR2"	"primary"
32	"3R_27476259"	27476259	"CAT"	"CATAT"	0.37037	-0.0490634	0.0109901	8.03283e-06	FALSE	"3R"	0.37037037037037	0.920454545454545	162	14	"CAT"	60	102	0	60	TRUE	"LDHarmonicR2"	"primary"
32	"3R_27476260"	27476260	"*"	"A"	0.376543	-0.049597	0.0109309	5.69779e-06	FALSE	"3R"	0.376543209876543	0.920454545454545	162	14	"*"	61	101	0	61	TRUE	"LDHarmonicR2"	"primary"
1	"X_8318357"	8318357	"C"	"A"	0.25	-0.244921	0.050092	1.01135e-06	FALSE	"X"	0.25	0.909090909090909	160	16	"C"	40	120	0	40	TRUE	"MovingShapePC1"	"primary"
22	"2R_12665067"	12665067	"A"	"G"	0.345238	0.210424	0.0458251	4.39254e-06	FALSE	"2R"	0.345238095238095	0.954545454545455	168	8	"A"	58	110	0	58	TRUE	"MovingShapePC1"	"primary"
22	"2R_12665072"	12665072	"G"	"T"	0.343195	0.206887	0.0457308	6.06792e-06	FALSE	"2R"	0.343195266272189	0.960227272727273	169	7	"G"	58	111	0	58	TRUE	"MovingShapePC1"	"primary"
22	"2R_16405146"	16405146	"A"	"AT"	0.405882	0.206712	0.0455947	5.79656e-06	FALSE	"2R"	0.405882352941176	0.965909090909091	170	6	"A"	69	101	0	69	TRUE	"MovingShapePC1"	"primary"
22	"2R_16405149"	16405149	"C"	"CCA"	0.402367	0.210071	0.0459732	4.89064e-06	FALSE	"2R"	0.402366863905325	0.960227272727273	169	7	"C"	68	101	0	68	TRUE	"MovingShapePC1"	"primary"
22	"2R_16405153"	16405153	"T"	"G"	0.402367	0.210071	0.0459732	4.89064e-06	FALSE	"2R"	0.402366863905325	0.960227272727273	169	7	"T"	68	101	0	68	TRUE	"MovingShapePC1"	"primary"
22	"2R_16405154"	16405154	"C"	"CA"	0.402367	0.210071	0.0459732	4.89064e-06	FALSE	"2R"	0.402366863905325	0.960227272727273	169	7	"C"	68	101	0	68	TRUE	"MovingShapePC1"	"primary"
22	"2R_16567254"	16567254	"C"	"A"	0.125	-0.293379	0.0662727	9.56221e-06	FALSE	"2R"	0.125	0.909090909090909	160	16	"C"	20	140	0	20	TRUE	"MovingShapePC1"	"primary"
32	"3R_27043638"	27043638	"G"	"C"	0.219512	-0.237318	0.0533905	8.79087e-06	FALSE	"3R"	0.219512195121951	0.931818181818182	164	12	"G"	36	128	0	36	TRUE	"MovingShapePC1"	"primary"
21	"2L_10772724"	10772724	"A"	"C"	0.252941	-0.25413	0.0538983	2.41725e-06	FALSE	"2L"	0.252941176470588	0.965909090909091	170	6	"A"	43	127	0	43	TRUE	"NightPDoze"	"primary"
21	"2L_10772725"	10772725	"G"	"A"	0.252941	-0.25413	0.0538983	2.41725e-06	FALSE	"2L"	0.252941176470588	0.965909090909091	170	6	"G"	43	127	0	43	TRUE	"NightPDoze"	"primary"
21	"2L_20529112"	20529112	"TGTGGAC"	"T"	0.365854	-0.216992	0.0474329	4.76885e-06	FALSE	"2L"	0.365853658536585	0.931818181818182	164	12	"TGTGGAC"	60	104	0	60	TRUE	"NightPDoze"	"primary"
31	"3L_2547295"	2547295	"CCA"	"C"	0.476471	0.219922	0.0446847	8.5825e-07	FALSE	"3L"	0.476470588235294	0.965909090909091	170	6	"CCA"	81	89	0	81	TRUE	"NightPDoze"	"primary"
31	"3L_2547298"	2547298	"A"	"T"	0.476471	0.219922	0.0446847	8.5825e-07	FALSE	"3L"	0.476470588235294	0.965909090909091	170	6	"A"	81	89	0	81	TRUE	"NightPDoze"	"primary"
31	"3L_6298090"	6298090	"T"	"G"	0.185629	-0.265241	0.0577886	4.43577e-06	FALSE	"3L"	0.18562874251497	0.948863636363636	167	9	"T"	31	136	0	31	TRUE	"NightPDoze"	"primary"
31	"3L_6298092"	6298092	"C"	"T"	0.185629	-0.265241	0.0577886	4.43577e-06	FALSE	"3L"	0.18562874251497	0.948863636363636	167	9	"C"	31	136	0	31	TRUE	"NightPDoze"	"primary"
31	"3L_18862904"	18862904	"A"	"T"	0.263473	0.238467	0.052506	5.57965e-06	FALSE	"3L"	0.263473053892216	0.948863636363636	167	9	"A"	44	123	0	44	TRUE	"NightPDoze"	"primary"
32	"3R_13899553"	13899553	"A"	"T"	0.196532	-0.252816	0.0558357	5.95833e-06	FALSE	"3R"	0.196531791907514	0.982954545454545	173	3	"A"	34	139	0	34	TRUE	"NightPDoze"	"primary"
1	"X_9393204"	9393204	"C"	"G"	0.149425	0.317946	0.0711753	7.92928e-06	FALSE	"X"	0.149425287356322	0.988636363636364	174	2	"C"	26	148	0	26	TRUE	"NightPWake"	"primary"
1	"X_17878203"	17878203	"A"	"T"	0.4375	-0.246154	0.0522619	2.47708e-06	FALSE	"X"	0.4375	1	176	0	"A"	77	99	0	77	TRUE	"NightPWake"	"primary"
1	"X_17878289"	17878289	"T"	"C"	0.428571	-0.244654	0.0530648	4.01738e-06	FALSE	"X"	0.428571428571429	0.994318181818182	175	1	"T"	75	100	0	75	TRUE	"NightPWake"	"primary"
1	"X_17888236"	17888236	"T"	"C"	0.375	-0.246389	0.0524419	2.62296e-06	FALSE	"X"	0.375	1	176	0	"T"	66	110	0	66	TRUE	"NightPWake"	"primary"
21	"2L_20321158"	20321158	"C"	"T"	0.490798	-0.24709	0.0532023	3.41134e-06	FALSE	"2L"	0.49079754601227	0.926136363636364	163	13	"C"	80	83	0	80	TRUE	"NightPWake"	"primary"
22	"2R_5727338"	5727338	"A"	"G"	0.128655	0.334557	0.0753491	8.99195e-06	FALSE	"2R"	0.128654970760234	0.971590909090909	171	5	"A"	22	149	0	22	TRUE	"NightPWake"	"primary"
22	"2R_23639685"	23639685	"A"	"G"	0.264706	-0.266868	0.0584713	5.0168e-06	FALSE	"2R"	0.264705882352941	0.965909090909091	170	6	"A"	45	125	0	45	TRUE	"NightPWake"	"primary"
31	"3L_3724365"	3724365	"A"	"G"	0.47619	-0.25602	0.052044	8.6859e-07	FALSE	"3L"	0.476190476190476	0.954545454545455	168	8	"A"	80	88	0	80	TRUE	"NightPWake"	"primary"
31	"3L_4047804"	4047804	"A"	"G"	0.274854	0.274665	0.0591883	3.4753e-06	FALSE	"3L"	0.274853801169591	0.971590909090909	171	5	"A"	47	124	0	47	TRUE	"NightPWake"	"primary"
31	"3L_4047808"	4047808	"A"	"T"	0.274854	0.274665	0.0591883	3.4753e-06	FALSE	"3L"	0.274853801169591	0.971590909090909	171	5	"A"	47	124	0	47	TRUE	"NightPWake"	"primary"
31	"3L_4047811"	4047811	"T"	"G"	0.270588	0.280094	0.0597554	2.7678e-06	FALSE	"3L"	0.270588235294118	0.965909090909091	170	6	"T"	46	124	0	46	TRUE	"NightPWake"	"primary"
31	"3L_4047834"	4047834	"G"	"C"	0.270588	0.273956	0.060311	5.56233e-06	FALSE	"3L"	0.270588235294118	0.965909090909091	170	6	"G"	46	124	0	46	TRUE	"NightPWake"	"primary"
32	"3R_15397393"	15397393	"C"	"T"	0.150943	0.343148	0.0767556	7.7981e-06	FALSE	"3R"	0.150943396226415	0.903409090909091	159	17	"C"	24	135	0	24	TRUE	"NightPWake"	"primary"
32	"3R_15397402"	15397402	"C"	"T"	0.150943	0.343148	0.0767556	7.7981e-06	FALSE	"3R"	0.150943396226415	0.903409090909091	159	17	"C"	24	135	0	24	TRUE	"NightPWake"	"primary"
22	"2R_6256391"	6256391	"C"	"A"	0.185629	-54.6641	11.2016	1.06078e-06	FALSE	"2R"	0.18562874251497	0.948863636363636	167	9	"C"	31	136	0	31	TRUE	"NightSleepChange"	"primary"
22	"2R_6256434"	6256434	"T"	"C"	0.191617	-53.6807	11.0998	1.32365e-06	FALSE	"2R"	0.191616766467066	0.948863636363636	167	9	"T"	32	135	0	32	TRUE	"NightSleepChange"	"primary"
31	"3L_1888560"	1888560	"A"	"G"	0.159091	-52.9579	11.6962	5.9602e-06	FALSE	"3L"	0.159090909090909	1	176	0	"A"	28	148	0	28	TRUE	"NightSleepChange"	"primary"
32	"3R_21998760"	21998760	"G"	"A"	0.105882	-63.802	13.4952	2.27025e-06	FALSE	"3R"	0.105882352941176	0.965909090909091	170	6	"G"	18	152	0	18	TRUE	"NightSleepChange"	"primary"
32	"3R_29419559"	29419559	"A"	"T"	0.345238	-47.5088	9.64825	8.47576e-07	FALSE	"3R"	0.345238095238095	0.954545454545455	168	8	"A"	58	110	0	58	TRUE	"NightSleepChange"	"primary"
1	"X_2509888"	2509888	"T"	"C"	0.16185	-100.77	22.6944	8.98358e-06	FALSE	"X"	0.161849710982659	0.982954545454545	173	3	"T"	28	145	0	28	TRUE	"TotalSleep"	"primary"
21	"2L_15943639"	15943639	"G"	"C"	0.262195	-89.4092	19.887	6.9292e-06	FALSE	"2L"	0.26219512195122	0.931818181818182	164	12	"G"	43	121	0	43	TRUE	"TotalSleep"	"primary"
21	"2L_17491087"	17491087	"AGTATACAAAAT"	"A"	0.484663	-80.8328	18.073	7.72843e-06	FALSE	"2L"	0.484662576687117	0.926136363636364	163	13	"AGTATACAAAAT"	79	84	0	79	TRUE	"TotalSleep"	"primary"
21	"2L_20321158"	20321158	"C"	"T"	0.490798	79.4682	17.7735	7.77988e-06	FALSE	"2L"	0.49079754601227	0.926136363636364	163	13	"C"	80	83	0	80	TRUE	"TotalSleep"	"primary"
31	"3L_3724365"	3724365	"A"	"G"	0.47619	78.9229	17.3421	5.34047e-06	FALSE	"3L"	0.476190476190476	0.954545454545455	168	8	"A"	80	88	0	80	TRUE	"TotalSleep"	"primary"
31	"3L_4047811"	4047811	"T"	"G"	0.270588	-88.8618	19.8573	7.6401e-06	FALSE	"3L"	0.270588235294118	0.965909090909091	170	6	"T"	46	124	0	46	TRUE	"TotalSleep"	"primary"
1	"X_11292471"	11292471	"G"	"C"	0.491429	-0.0437282	0.0097009	6.55507e-06	FALSE	"X"	0.491428571428572	0.994318181818182	175	1	"G"	86	89	0	86	TRUE	"LDHarmonicR2"	"raw_batch"
21	"2L_6416352"	6416352	"C"	"A"	0.466258	-0.0458958	0.0101373	5.97089e-06	FALSE	"2L"	0.466257668711656	0.926136363636364	163	13	"C"	76	87	0	76	TRUE	"LDHarmonicR2"	"raw_batch"
31	"3L_975290"	975290	"T"	"C"	0.327485	0.0461196	0.0100595	4.54711e-06	FALSE	"3L"	0.327485380116959	0.971590909090909	171	5	"T"	56	115	0	56	TRUE	"LDHarmonicR2"	"raw_batch"
32	"3R_12913980"	12913980	"T"	"G"	0.245399	-0.050563	0.0113893	9.01602e-06	FALSE	"3R"	0.245398773006135	0.926136363636364	163	13	"T"	40	123	0	40	TRUE	"LDHarmonicR2"	"raw_batch"
32	"3R_24776116"	24776116	"T"	"C"	0.130952	0.0667691	0.0143655	3.35376e-06	FALSE	"3R"	0.130952380952381	0.954545454545455	168	8	"T"	22	146	0	22	TRUE	"LDHarmonicR2"	"raw_batch"
32	"3R_27433243"	27433243	"A"	"T"	0.374233	-0.0462987	0.0104592	9.57251e-06	FALSE	"3R"	0.374233128834356	0.926136363636364	163	13	"A"	61	102	0	61	TRUE	"LDHarmonicR2"	"raw_batch"
1	"X_8318357"	8318357	"C"	"A"	0.25	-0.198649	0.0447117	8.87579e-06	FALSE	"X"	0.25	0.909090909090909	160	16	"C"	40	120	0	40	TRUE	"MovingShapePC1"	"raw_batch"
32	"3R_7161667"	7161667	"A"	"G"	0.403727	0.176261	0.0396642	8.83693e-06	FALSE	"3R"	0.403726708074534	0.914772727272727	161	15	"A"	65	96	0	65	TRUE	"MovingShapePC1"	"raw_batch"
32	"3R_7161672"	7161672	"A"	"G"	0.403727	0.176261	0.0396642	8.83693e-06	FALSE	"3R"	0.403726708074534	0.914772727272727	161	15	"A"	65	96	0	65	TRUE	"MovingShapePC1"	"raw_batch"
1	"X_14361931"	14361931	"C"	"T"	0.131429	-0.288448	0.063097	4.84232e-06	FALSE	"X"	0.131428571428571	0.994318181818182	175	1	"C"	23	152	0	23	TRUE	"NightPDoze"	"raw_batch"
21	"2L_10772724"	10772724	"A"	"C"	0.252941	-0.239446	0.052761	5.67038e-06	FALSE	"2L"	0.252941176470588	0.965909090909091	170	6	"A"	43	127	0	43	TRUE	"NightPDoze"	"raw_batch"
21	"2L_10772725"	10772725	"G"	"A"	0.252941	-0.239446	0.052761	5.67038e-06	FALSE	"2L"	0.252941176470588	0.965909090909091	170	6	"G"	43	127	0	43	TRUE	"NightPDoze"	"raw_batch"
21	"2L_15610070"	15610070	"G"	"C"	0.1125	-0.336277	0.0724342	3.4419e-06	FALSE	"2L"	0.1125	0.909090909090909	160	16	"G"	18	142	0	18	TRUE	"NightPDoze"	"raw_batch"
21	"2L_15943639"	15943639	"G"	"C"	0.262195	-0.230017	0.0512463	7.17427e-06	FALSE	"2L"	0.26219512195122	0.931818181818182	164	12	"G"	43	121	0	43	TRUE	"NightPDoze"	"raw_batch"
32	"3R_17997645"	17997645	"A"	"G"	0.125	-0.306634	0.0677767	6.06304e-06	FALSE	"3R"	0.125	0.954545454545455	168	8	"A"	21	147	0	21	TRUE	"NightPDoze"	"raw_batch"
1	"X_9393204"	9393204	"C"	"G"	0.149425	0.323479	0.0725458	8.23601e-06	FALSE	"X"	0.149425287356322	0.988636363636364	174	2	"C"	26	148	0	26	TRUE	"NightPWake"	"raw_batch"
1	"X_17878053"	17878053	"G"	"C"	0.428571	-0.237674	0.0534342	8.66863e-06	FALSE	"X"	0.428571428571429	0.994318181818182	175	1	"G"	75	100	0	75	TRUE	"NightPWake"	"raw_batch"
1	"X_17878203"	17878203	"A"	"T"	0.4375	-0.257336	0.0533283	1.39648e-06	FALSE	"X"	0.4375	1	176	0	"A"	77	99	0	77	TRUE	"NightPWake"	"raw_batch"
1	"X_17878289"	17878289	"T"	"C"	0.428571	-0.249456	0.0541358	4.06609e-06	FALSE	"X"	0.428571428571429	0.994318181818182	175	1	"T"	75	100	0	75	TRUE	"NightPWake"	"raw_batch"
21	"2L_20321158"	20321158	"C"	"T"	0.490798	-0.253692	0.0543213	3.00884e-06	FALSE	"2L"	0.49079754601227	0.926136363636364	163	13	"C"	80	83	0	80	TRUE	"NightPWake"	"raw_batch"
22	"2R_23639685"	23639685	"A"	"G"	0.264706	-0.273005	0.0595909	4.62033e-06	FALSE	"2R"	0.264705882352941	0.965909090909091	170	6	"A"	45	125	0	45	TRUE	"NightPWake"	"raw_batch"
31	"3L_2125773"	2125773	"G"	"A"	0.366279	-0.255024	0.0553285	4.04076e-06	FALSE	"3L"	0.366279069767442	0.977272727272727	172	4	"G"	63	109	0	63	TRUE	"NightPWake"	"raw_batch"
31	"3L_3724365"	3724365	"A"	"G"	0.47619	-0.246525	0.0530942	3.43123e-06	FALSE	"3L"	0.476190476190476	0.954545454545455	168	8	"A"	80	88	0	80	TRUE	"NightPWake"	"raw_batch"
31	"3L_18353878"	18353878	"A"	"G"	0.116959	-0.360525	0.0808699	8.26945e-06	FALSE	"3L"	0.116959064327485	0.971590909090909	171	5	"A"	20	151	0	20	TRUE	"NightPWake"	"raw_batch"
32	"3R_15397393"	15397393	"C"	"T"	0.150943	0.386906	0.0783827	7.96955e-07	FALSE	"3R"	0.150943396226415	0.903409090909091	159	17	"C"	24	135	0	24	TRUE	"NightPWake"	"raw_batch"
32	"3R_15397402"	15397402	"C"	"T"	0.150943	0.386906	0.0783827	7.96955e-07	FALSE	"3R"	0.150943396226415	0.903409090909091	159	17	"C"	24	135	0	24	TRUE	"NightPWake"	"raw_batch"
32	"3R_17897642"	17897642	"G"	"T"	0.43125	-0.253582	0.0567144	7.77811e-06	FALSE	"3R"	0.43125	0.909090909090909	160	16	"G"	69	91	0	69	TRUE	"NightPWake"	"raw_batch"
21	"2L_15167102"	15167102	"C"	"G"	0.48125	38.1322	8.55491	8.29795e-06	FALSE	"2L"	0.48125	0.909090909090909	160	16	"C"	77	83	0	77	TRUE	"NightSleepChange"	"raw_batch"
22	"2R_6256391"	6256391	"C"	"A"	0.185629	-47.8827	10.5994	6.25771e-06	FALSE	"2R"	0.18562874251497	0.948863636363636	167	9	"C"	31	136	0	31	TRUE	"NightSleepChange"	"raw_batch"
22	"2R_24017347"	24017347	"T"	"C"	0.143678	-50.0854	11.3258	9.76792e-06	FALSE	"2R"	0.14367816091954	0.988636363636364	174	2	"T"	25	149	0	25	TRUE	"NightSleepChange"	"raw_batch"
22	"2R_24017362"	24017362	"A"	"G"	0.143678	-50.0854	11.3258	9.76792e-06	FALSE	"2R"	0.14367816091954	0.988636363636364	174	2	"A"	25	149	0	25	TRUE	"NightSleepChange"	"raw_batch"
31	"3L_1888560"	1888560	"A"	"G"	0.159091	-52.2036	10.9861	2.01626e-06	FALSE	"3L"	0.159090909090909	1	176	0	"A"	28	148	0	28	TRUE	"NightSleepChange"	"raw_batch"
31	"3L_11405981"	11405981	"T"	"C"	0.252941	-42.8377	9.4665	6.03405e-06	FALSE	"3L"	0.252941176470588	0.965909090909091	170	6	"T"	43	127	0	43	TRUE	"NightSleepChange"	"raw_batch"
31	"3L_16491739"	16491739	"C"	"CT"	0.12426	-56.0137	12.3182	5.43526e-06	FALSE	"3L"	0.124260355029586	0.960227272727273	169	7	"C"	21	148	0	21	TRUE	"NightSleepChange"	"raw_batch"
31	"3L_16491740"	16491740	"*"	"T"	0.13125	-56.4269	12.3788	5.15549e-06	FALSE	"3L"	0.13125	0.909090909090909	160	16	"*"	21	139	0	21	TRUE	"NightSleepChange"	"raw_batch"
32	"3R_21998760"	21998760	"G"	"A"	0.105882	-60.0427	13.0278	4.04942e-06	FALSE	"3R"	0.105882352941176	0.965909090909091	170	6	"G"	18	152	0	18	TRUE	"NightSleepChange"	"raw_batch"
1	"X_2509888"	2509888	"T"	"C"	0.16185	-101.89	22.7924	7.80967e-06	FALSE	"X"	0.161849710982659	0.982954545454545	173	3	"T"	28	145	0	28	TRUE	"TotalSleep"	"raw_batch"
21	"2L_10170542"	10170542	"T"	"C"	0.118343	-117.485	26.0347	6.40206e-06	FALSE	"2L"	0.118343195266272	0.960227272727273	169	7	"T"	20	149	0	20	TRUE	"TotalSleep"	"raw_batch"
21	"2L_17491087"	17491087	"AGTATACAAAAT"	"A"	0.484663	-84.3885	18.0157	2.81125e-06	FALSE	"2L"	0.484662576687117	0.926136363636364	163	13	"AGTATACAAAAT"	79	84	0	79	TRUE	"TotalSleep"	"raw_batch"
22	"2R_23635887"	23635887	"A"	"C"	0.384146	-79.6956	17.9861	9.38117e-06	FALSE	"2R"	0.384146341463415	0.931818181818182	164	12	"A"	63	101	0	63	TRUE	"TotalSleep"	"raw_batch"
31	"3L_3724365"	3724365	"A"	"G"	0.47619	79.2649	17.3125	4.68341e-06	FALSE	"3L"	0.476190476190476	0.954545454545455	168	8	"A"	80	88	0	80	TRUE	"TotalSleep"	"raw_batch"
31	"3L_15484429"	15484429	"C"	"T"	0.210843	-95.7664	21.5678	8.98567e-06	FALSE	"3L"	0.210843373493976	0.943181818181818	166	10	"C"	35	131	0	35	TRUE	"TotalSleep"	"raw_batch"
32	"3R_16911291"	16911291	"T"	"A"	0.339394	-87.0727	19.4321	7.43374e-06	FALSE	"3R"	0.339393939393939	0.9375	165	11	"T"	56	109	0	56	TRUE	"TotalSleep"	"raw_batch"
32	"3R_16911292"	16911292	"T"	"C"	0.339394	-87.0727	19.4321	7.43374e-06	FALSE	"3R"	0.339393939393939	0.9375	165	11	"T"	56	109	0	56	TRUE	"TotalSleep"	"raw_batch"
32	"3R_16911341"	16911341	"C"	"T"	0.343373	-86.7922	19.359	7.34947e-06	FALSE	"3R"	0.343373493975904	0.943181818181818	166	10	"C"	57	109	0	57	TRUE	"TotalSleep"	"raw_batch"
32	"3R_17897642"	17897642	"G"	"T"	0.43125	82.4336	18.4884	8.24711e-06	FALSE	"3R"	0.43125	0.909090909090909	160	16	"G"	69	91	0	69	TRUE	"TotalSleep"	"raw_batch"
1	"X_11292471"	11292471	"G"	"C"	0.491429	-0.363212	0.0813264	7.96585e-06	FALSE	"X"	0.491428571428572	0.994318181818182	175	1	"G"	86	89	0	86	TRUE	"LDHarmonicR2"	"RINT"
21	"2L_6415893"	6415893	"G"	"A"	0.5	0.396633	0.0848761	2.96711e-06	FALSE	"2L"	0.5	0.920454545454545	162	14	"G"	81	81	0	81	TRUE	"LDHarmonicR2"	"RINT"
21	"2L_6416352"	6416352	"C"	"A"	0.466258	-0.395421	0.085358	3.61279e-06	FALSE	"2L"	0.466257668711656	0.926136363636364	163	13	"C"	76	87	0	76	TRUE	"LDHarmonicR2"	"RINT"
21	"2L_6416472"	6416472	"C"	"T"	0.460123	-0.391419	0.0863603	5.83174e-06	FALSE	"2L"	0.460122699386503	0.926136363636364	163	13	"C"	75	88	0	75	TRUE	"LDHarmonicR2"	"RINT"
32	"3R_24776116"	24776116	"T"	"C"	0.130952	0.562845	0.119907	2.67876e-06	FALSE	"3R"	0.130952380952381	0.954545454545455	168	8	"T"	22	146	0	22	TRUE	"LDHarmonicR2"	"RINT"
32	"3R_27476251"	27476251	"T"	"C"	0.378882	-0.429212	0.0910777	2.44586e-06	FALSE	"3R"	0.37888198757764	0.914772727272727	161	15	"T"	61	100	0	61	TRUE	"LDHarmonicR2"	"RINT"
32	"3R_27476260"	27476260	"*"	"A"	0.376543	-0.407563	0.0908365	7.23097e-06	FALSE	"3R"	0.376543209876543	0.920454545454545	162	14	"*"	61	101	0	61	TRUE	"LDHarmonicR2"	"RINT"
1	"X_8318357"	8318357	"C"	"A"	0.25	-0.44971	0.0925236	1.17096e-06	FALSE	"X"	0.25	0.909090909090909	160	16	"C"	40	120	0	40	TRUE	"MovingShapePC1"	"RINT"
22	"2R_12665067"	12665067	"A"	"G"	0.345238	0.39598	0.0844874	2.77445e-06	FALSE	"2R"	0.345238095238095	0.954545454545455	168	8	"A"	58	110	0	58	TRUE	"MovingShapePC1"	"RINT"
22	"2R_12665072"	12665072	"G"	"T"	0.343195	0.389061	0.0843177	3.94557e-06	FALSE	"2R"	0.343195266272189	0.960227272727273	169	7	"G"	58	111	0	58	TRUE	"MovingShapePC1"	"RINT"
22	"2R_16405146"	16405146	"A"	"AT"	0.405882	0.390925	0.0842039	3.44059e-06	FALSE	"2R"	0.405882352941176	0.965909090909091	170	6	"A"	69	101	0	69	TRUE	"MovingShapePC1"	"RINT"
22	"2R_16405149"	16405149	"C"	"CCA"	0.402367	0.397637	0.0849	2.81886e-06	FALSE	"2R"	0.402366863905325	0.960227272727273	169	7	"C"	68	101	0	68	TRUE	"MovingShapePC1"	"RINT"
22	"2R_16405153"	16405153	"T"	"G"	0.402367	0.397637	0.0849	2.81886e-06	FALSE	"2R"	0.402366863905325	0.960227272727273	169	7	"T"	68	101	0	68	TRUE	"MovingShapePC1"	"RINT"
22	"2R_16405154"	16405154	"C"	"CA"	0.402367	0.397637	0.0849	2.81886e-06	FALSE	"2R"	0.402366863905325	0.960227272727273	169	7	"C"	68	101	0	68	TRUE	"MovingShapePC1"	"RINT"
22	"2R_24313340"	24313340	"A"	"T"	0.236686	0.416167	0.0932939	8.16484e-06	FALSE	"2R"	0.236686390532544	0.960227272727273	169	7	"A"	40	129	0	40	TRUE	"MovingShapePC1"	"RINT"
32	"3R_22569326"	22569326	"C"	"T"	0.14375	0.516828	0.11444	6.29782e-06	FALSE	"3R"	0.14375	0.909090909090909	160	16	"C"	23	137	0	23	TRUE	"MovingShapePC1"	"RINT"
21	"2L_10772724"	10772724	"A"	"C"	0.252941	-0.442539	0.0949048	3.11666e-06	FALSE	"2L"	0.252941176470588	0.965909090909091	170	6	"A"	43	127	0	43	TRUE	"NightPDoze"	"RINT"
21	"2L_10772725"	10772725	"G"	"A"	0.252941	-0.442539	0.0949048	3.11666e-06	FALSE	"2L"	0.252941176470588	0.965909090909091	170	6	"G"	43	127	0	43	TRUE	"NightPDoze"	"RINT"
21	"2L_20529112"	20529112	"TGTGGAC"	"T"	0.365854	-0.380357	0.0835664	5.3251e-06	FALSE	"2L"	0.365853658536585	0.931818181818182	164	12	"TGTGGAC"	60	104	0	60	TRUE	"NightPDoze"	"RINT"
31	"3L_2547295"	2547295	"CCA"	"C"	0.476471	0.401011	0.0787245	3.50863e-07	FALSE	"3L"	0.476470588235294	0.965909090909091	170	6	"CCA"	81	89	0	81	TRUE	"NightPDoze"	"RINT"
31	"3L_2547298"	2547298	"A"	"T"	0.476471	0.401011	0.0787245	3.50863e-07	FALSE	"3L"	0.476470588235294	0.965909090909091	170	6	"A"	81	89	0	81	TRUE	"NightPDoze"	"RINT"
31	"3L_6298090"	6298090	"T"	"G"	0.185629	-0.455627	0.101786	7.59455e-06	FALSE	"3L"	0.18562874251497	0.948863636363636	167	9	"T"	31	136	0	31	TRUE	"NightPDoze"	"RINT"
31	"3L_6298092"	6298092	"C"	"T"	0.185629	-0.455627	0.101786	7.59455e-06	FALSE	"3L"	0.18562874251497	0.948863636363636	167	9	"C"	31	136	0	31	TRUE	"NightPDoze"	"RINT"
31	"3L_18862904"	18862904	"A"	"T"	0.263473	0.429599	0.092456	3.37584e-06	FALSE	"3L"	0.263473053892216	0.948863636363636	167	9	"A"	44	123	0	44	TRUE	"NightPDoze"	"RINT"
32	"3R_13899553"	13899553	"A"	"T"	0.196532	-0.439389	0.0983193	7.85852e-06	FALSE	"3R"	0.196531791907514	0.982954545454545	173	3	"A"	34	139	0	34	TRUE	"NightPDoze"	"RINT"
1	"X_17878203"	17878203	"A"	"T"	0.4375	-0.376124	0.0810548	3.47798e-06	FALSE	"X"	0.4375	1	176	0	"A"	77	99	0	77	TRUE	"NightPWake"	"RINT"
1	"X_17878289"	17878289	"T"	"C"	0.428571	-0.367159	0.0822933	8.1356e-06	FALSE	"X"	0.428571428571429	0.994318181818182	175	1	"T"	75	100	0	75	TRUE	"NightPWake"	"RINT"
1	"X_17888236"	17888236	"T"	"C"	0.375	-0.372122	0.081305	4.72009e-06	FALSE	"X"	0.375	1	176	0	"T"	66	110	0	66	TRUE	"NightPWake"	"RINT"
21	"2L_2068214"	2068214	"A"	"G"	0.105882	-0.614657	0.130581	2.51287e-06	FALSE	"2L"	0.105882352941176	0.965909090909091	170	6	"A"	18	152	0	18	TRUE	"NightPWake"	"RINT"
21	"2L_20321158"	20321158	"C"	"T"	0.490798	-0.380535	0.0825326	4.01268e-06	FALSE	"2L"	0.49079754601227	0.926136363636364	163	13	"C"	80	83	0	80	TRUE	"NightPWake"	"RINT"
22	"2R_7954848"	7954848	"T"	"A"	0.179012	-0.515404	0.110031	2.81085e-06	FALSE	"2R"	0.179012345679012	0.920454545454545	162	14	"T"	29	133	0	29	TRUE	"NightPWake"	"RINT"
22	"2R_23639685"	23639685	"A"	"G"	0.264706	-0.418862	0.0906436	3.81935e-06	FALSE	"2R"	0.264705882352941	0.965909090909091	170	6	"A"	45	125	0	45	TRUE	"NightPWake"	"RINT"
31	"3L_2125773"	2125773	"G"	"A"	0.366279	-0.373545	0.0841315	8.99556e-06	FALSE	"3L"	0.366279069767442	0.977272727272727	172	4	"G"	63	109	0	63	TRUE	"NightPWake"	"RINT"
31	"3L_3724365"	3724365	"A"	"G"	0.47619	-0.389947	0.0807104	1.35554e-06	FALSE	"3L"	0.476190476190476	0.954545454545455	168	8	"A"	80	88	0	80	TRUE	"NightPWake"	"RINT"
1	"X_12314894"	12314894	"C"	"G"	0.291667	-0.406393	0.0861344	2.38022e-06	FALSE	"X"	0.291666666666667	0.954545454545455	168	8	"C"	49	119	0	49	TRUE	"NightSleepChange"	"RINT"
22	"2R_6256391"	6256391	"C"	"A"	0.185629	-0.493793	0.103225	1.7214e-06	FALSE	"2R"	0.18562874251497	0.948863636363636	167	9	"C"	31	136	0	31	TRUE	"NightSleepChange"	"RINT"
22	"2R_6256434"	6256434	"T"	"C"	0.191617	-0.483854	0.102288	2.24175e-06	FALSE	"2R"	0.191616766467066	0.948863636363636	167	9	"T"	32	135	0	32	TRUE	"NightSleepChange"	"RINT"
22	"2R_22391929"	22391929	"C"	"T"	0.409639	0.3548	0.0795156	8.11926e-06	FALSE	"2R"	0.409638554216867	0.943181818181818	166	10	"C"	68	98	0	68	TRUE	"NightSleepChange"	"RINT"
32	"3R_21998760"	21998760	"G"	"A"	0.105882	-0.554152	0.124318	8.29105e-06	FALSE	"3R"	0.105882352941176	0.965909090909091	170	6	"G"	18	152	0	18	TRUE	"NightSleepChange"	"RINT"
32	"3R_29419559"	29419559	"A"	"T"	0.345238	-0.436311	0.0889133	9.24084e-07	FALSE	"3R"	0.345238095238095	0.954545454545455	168	8	"A"	58	110	0	58	TRUE	"NightSleepChange"	"RINT"
31	"3L_3724365"	3724365	"A"	"G"	0.47619	0.363226	0.0802602	6.02236e-06	FALSE	"3L"	0.476190476190476	0.954545454545455	168	8	"A"	80	88	0	80	TRUE	"TotalSleep"	"RINT"
21	"2L_6415893"	6415893	"G"	"A"	0.503106	0.0476962	0.0102195	3.05385e-06	TRUE	"2L"	0.496894409937888	0.92	161	14	"A"	80	81	0	80	TRUE	"LDHarmonicR2"	"exclude_influential"
21	"2L_6416352"	6416352	"C"	"A"	0.462963	-0.0467378	0.0103121	5.83352e-06	FALSE	"2L"	0.462962962962963	0.925714285714286	162	13	"C"	75	87	0	75	TRUE	"LDHarmonicR2"	"exclude_influential"
21	"2L_6416472"	6416472	"C"	"T"	0.45679	-0.0463273	0.0104533	9.34386e-06	FALSE	"2L"	0.45679012345679	0.925714285714286	162	13	"C"	74	88	0	74	TRUE	"LDHarmonicR2"	"exclude_influential"
32	"3R_22770259"	22770259	"AC"	"A"	0.140351	0.0615273	0.0136647	6.71094e-06	FALSE	"3R"	0.140350877192982	0.977142857142857	171	4	"AC"	24	147	0	24	TRUE	"LDHarmonicR2"	"exclude_influential"
32	"3R_24776116"	24776116	"T"	"C"	0.131737	0.0686478	0.0144025	1.87569e-06	FALSE	"3R"	0.131736526946108	0.954285714285714	167	8	"T"	22	145	0	22	TRUE	"LDHarmonicR2"	"exclude_influential"
32	"3R_27476251"	27476251	"T"	"C"	0.38125	-0.0533238	0.0110224	1.31312e-06	FALSE	"3R"	0.38125	0.914285714285714	160	15	"T"	61	99	0	61	TRUE	"LDHarmonicR2"	"exclude_influential"
32	"3R_27476259"	27476259	"CAT"	"CATAT"	0.372671	-0.0497594	0.0110415	6.58857e-06	FALSE	"3R"	0.372670807453416	0.92	161	14	"CAT"	60	101	0	60	TRUE	"LDHarmonicR2"	"exclude_influential"
32	"3R_27476260"	27476260	"*"	"A"	0.378882	-0.0503262	0.0109838	4.60839e-06	FALSE	"3R"	0.37888198757764	0.92	161	14	"*"	61	100	0	61	TRUE	"LDHarmonicR2"	"exclude_influential"
1	"X_8318357"	8318357	"C"	"A"	0.240506	-0.232479	0.0500047	3.33297e-06	FALSE	"X"	0.240506329113924	0.908045977011494	158	16	"C"	38	120	0	38	TRUE	"MovingShapePC1"	"exclude_influential"
22	"2R_12665067"	12665067	"A"	"G"	0.349398	0.204465	0.0449915	5.50609e-06	FALSE	"2R"	0.349397590361446	0.954022988505747	166	8	"A"	58	108	0	58	TRUE	"MovingShapePC1"	"exclude_influential"
22	"2R_12665072"	12665072	"G"	"T"	0.347305	0.200929	0.0448994	7.63742e-06	FALSE	"2R"	0.347305389221557	0.959770114942529	167	7	"G"	58	109	0	58	TRUE	"MovingShapePC1"	"exclude_influential"
22	"2R_16405146"	16405146	"A"	"AT"	0.410714	0.198578	0.0448273	9.42949e-06	FALSE	"2R"	0.410714285714286	0.96551724137931	168	6	"A"	69	99	0	69	TRUE	"MovingShapePC1"	"exclude_influential"
22	"2R_16405149"	16405149	"C"	"CCA"	0.407186	0.201749	0.0452036	8.07755e-06	FALSE	"2R"	0.407185628742515	0.959770114942529	167	7	"C"	68	99	0	68	TRUE	"MovingShapePC1"	"exclude_influential"
22	"2R_16405153"	16405153	"T"	"G"	0.407186	0.201749	0.0452036	8.07755e-06	FALSE	"2R"	0.407185628742515	0.959770114942529	167	7	"T"	68	99	0	68	TRUE	"MovingShapePC1"	"exclude_influential"
22	"2R_16405154"	16405154	"C"	"CA"	0.407186	0.201749	0.0452036	8.07755e-06	FALSE	"2R"	0.407185628742515	0.959770114942529	167	7	"C"	68	99	0	68	TRUE	"MovingShapePC1"	"exclude_influential"
21	"2L_10772724"	10772724	"A"	"C"	0.248521	-0.259553	0.0545112	1.92206e-06	FALSE	"2L"	0.248520710059172	0.965714285714286	169	6	"A"	42	127	0	42	TRUE	"NightPDoze"	"exclude_influential"
21	"2L_10772725"	10772725	"G"	"A"	0.248521	-0.259553	0.0545112	1.92206e-06	FALSE	"2L"	0.248520710059172	0.965714285714286	169	6	"G"	42	127	0	42	TRUE	"NightPDoze"	"exclude_influential"
21	"2L_20529112"	20529112	"TGTGGAC"	"T"	0.361963	-0.220172	0.0478318	4.16345e-06	FALSE	"2L"	0.361963190184049	0.931428571428571	163	12	"TGTGGAC"	59	104	0	59	TRUE	"NightPDoze"	"exclude_influential"
31	"3L_2547295"	2547295	"CCA"	"C"	0.47929	0.222044	0.0449634	7.87956e-07	FALSE	"3L"	0.479289940828402	0.965714285714286	169	6	"CCA"	81	88	0	81	TRUE	"NightPDoze"	"exclude_influential"
31	"3L_2547298"	2547298	"A"	"T"	0.47929	0.222044	0.0449634	7.87956e-07	FALSE	"3L"	0.479289940828402	0.965714285714286	169	6	"A"	81	88	0	81	TRUE	"NightPDoze"	"exclude_influential"
31	"3L_6298090"	6298090	"T"	"G"	0.186747	-0.265308	0.058043	4.85667e-06	FALSE	"3L"	0.186746987951807	0.948571428571429	166	9	"T"	31	135	0	31	TRUE	"NightPDoze"	"exclude_influential"
31	"3L_6298092"	6298092	"C"	"T"	0.186747	-0.265308	0.058043	4.85667e-06	FALSE	"3L"	0.186746987951807	0.948571428571429	166	9	"C"	31	135	0	31	TRUE	"NightPDoze"	"exclude_influential"
31	"3L_18862904"	18862904	"A"	"T"	0.259036	0.241885	0.053213	5.47794e-06	FALSE	"3L"	0.259036144578313	0.948571428571429	166	9	"A"	43	123	0	43	TRUE	"NightPDoze"	"exclude_influential"
32	"3R_13899553"	13899553	"A"	"T"	0.197674	-0.252695	0.0560727	6.58849e-06	FALSE	"3R"	0.197674418604651	0.982857142857143	172	3	"A"	34	138	0	34	TRUE	"NightPDoze"	"exclude_influential"
1	"X_9393204"	9393204	"C"	"G"	0.151163	0.32891	0.0691765	1.98784e-06	FALSE	"X"	0.151162790697674	0.988505747126437	172	2	"C"	26	146	0	26	TRUE	"NightPWake"	"exclude_influential"
1	"X_17878203"	17878203	"A"	"T"	0.442529	-0.234897	0.0508013	3.76717e-06	FALSE	"X"	0.442528735632184	1	174	0	"A"	77	97	0	77	TRUE	"NightPWake"	"exclude_influential"
1	"X_17878289"	17878289	"T"	"C"	0.433526	-0.233514	0.0516013	6.0294e-06	FALSE	"X"	0.433526011560694	0.994252873563218	173	1	"T"	75	98	0	75	TRUE	"NightPWake"	"exclude_influential"
1	"X_17888236"	17888236	"T"	"C"	0.37931	-0.228245	0.0512573	8.47121e-06	FALSE	"X"	0.379310344827586	1	174	0	"T"	66	108	0	66	TRUE	"NightPWake"	"exclude_influential"
21	"2L_2068214"	2068214	"A"	"G"	0.107143	-0.36356	0.0816478	8.47647e-06	FALSE	"2L"	0.107142857142857	0.96551724137931	168	6	"A"	18	150	0	18	TRUE	"NightPWake"	"exclude_influential"
21	"2L_4210014"	4210014	"C"	"G"	0.123529	0.360058	0.0790268	5.20987e-06	FALSE	"2L"	0.123529411764706	0.977011494252874	170	4	"C"	21	149	0	21	TRUE	"NightPWake"	"exclude_influential"
21	"2L_19997858"	19997858	"G"	"C"	0.402439	-0.244906	0.0536693	5.03695e-06	FALSE	"2L"	0.402439024390244	0.942528735632184	164	10	"G"	66	98	0	66	TRUE	"NightPWake"	"exclude_influential"
22	"2R_17111508"	17111508	"A"	"T"	0.391566	0.231599	0.0523132	9.54821e-06	FALSE	"2R"	0.391566265060241	0.954022988505747	166	8	"A"	65	101	0	65	TRUE	"NightPWake"	"exclude_influential"
22	"2R_23639685"	23639685	"A"	"G"	0.267857	-0.259628	0.0568747	4.99717e-06	FALSE	"2R"	0.267857142857143	0.96551724137931	168	6	"A"	45	123	0	45	TRUE	"NightPWake"	"exclude_influential"
31	"3L_3724365"	3724365	"A"	"G"	0.481928	-0.243672	0.0507056	1.54264e-06	FALSE	"3L"	0.481927710843373	0.954022988505747	166	8	"A"	80	86	0	80	TRUE	"NightPWake"	"exclude_influential"
31	"3L_4047804"	4047804	"A"	"G"	0.272189	0.268218	0.0577614	3.42474e-06	FALSE	"3L"	0.272189349112426	0.971264367816092	169	5	"A"	46	123	0	46	TRUE	"NightPWake"	"exclude_influential"
31	"3L_4047808"	4047808	"A"	"T"	0.272189	0.268218	0.0577614	3.42474e-06	FALSE	"3L"	0.272189349112426	0.971264367816092	169	5	"A"	46	123	0	46	TRUE	"NightPWake"	"exclude_influential"
31	"3L_4047811"	4047811	"T"	"G"	0.267857	0.273575	0.058291	2.68876e-06	FALSE	"3L"	0.267857142857143	0.96551724137931	168	6	"T"	45	123	0	45	TRUE	"NightPWake"	"exclude_influential"
31	"3L_4047834"	4047834	"G"	"C"	0.267857	0.268061	0.0587548	5.05816e-06	FALSE	"3L"	0.267857142857143	0.96551724137931	168	6	"G"	45	123	0	45	TRUE	"NightPWake"	"exclude_influential"
32	"3R_17897642"	17897642	"G"	"T"	0.43038	-0.242324	0.054075	7.42077e-06	FALSE	"3R"	0.430379746835443	0.908045977011494	158	16	"G"	68	90	0	68	TRUE	"NightPWake"	"exclude_influential"
1	"X_12314894"	12314894	"C"	"G"	0.293413	-42.5008	8.92259	1.90467e-06	FALSE	"X"	0.293413173652695	0.954285714285714	167	8	"C"	49	118	0	49	TRUE	"NightSleepChange"	"exclude_influential"
22	"2R_6256391"	6256391	"C"	"A"	0.180723	-48.1457	10.7465	7.45916e-06	FALSE	"2R"	0.180722891566265	0.948571428571429	166	9	"C"	30	136	0	30	TRUE	"NightSleepChange"	"exclude_influential"
22	"2R_6256434"	6256434	"T"	"C"	0.186747	-47.3018	10.6418	8.79298e-06	FALSE	"2R"	0.186746987951807	0.948571428571429	166	9	"T"	31	135	0	31	TRUE	"NightSleepChange"	"exclude_influential"
31	"3L_535455"	535455	"T"	"G"	0.329412	-37.2803	8.26923	6.53439e-06	FALSE	"3L"	0.329411764705882	0.971428571428571	170	5	"T"	56	114	0	56	TRUE	"NightSleepChange"	"exclude_influential"
32	"3R_26339351"	26339351	"T"	"A"	0.187879	-49.4513	10.6974	3.78725e-06	FALSE	"3R"	0.187878787878788	0.942857142857143	165	10	"T"	31	134	0	31	TRUE	"NightSleepChange"	"exclude_influential"
32	"3R_29419559"	29419559	"A"	"T"	0.341317	-43.9714	9.17609	1.65166e-06	FALSE	"3R"	0.341317365269461	0.954285714285714	167	8	"A"	57	110	0	57	TRUE	"NightSleepChange"	"exclude_influential"
1	"X_2509888"	2509888	"T"	"C"	0.162791	-101.718	22.7434	7.73406e-06	FALSE	"X"	0.162790697674419	0.982857142857143	172	3	"T"	28	144	0	28	TRUE	"TotalSleep"	"exclude_influential"
21	"2L_15943639"	15943639	"G"	"C"	0.263804	-90.3207	19.9378	5.89465e-06	FALSE	"2L"	0.263803680981595	0.931428571428571	163	12	"G"	43	120	0	43	TRUE	"TotalSleep"	"exclude_influential"
21	"2L_17491087"	17491087	"AGTATACAAAAT"	"A"	0.481481	-80.2979	18.1634	9.83046e-06	FALSE	"2L"	0.481481481481482	0.925714285714286	162	13	"AGTATACAAAAT"	78	84	0	78	TRUE	"TotalSleep"	"exclude_influential"
21	"2L_20321158"	20321158	"C"	"T"	0.493827	78.9845	17.8664	9.83182e-06	FALSE	"2L"	0.493827160493827	0.925714285714286	162	13	"C"	80	82	0	80	TRUE	"TotalSleep"	"exclude_influential"
31	"3L_3724365"	3724365	"A"	"G"	0.479042	78.4207	17.435	6.86346e-06	FALSE	"3L"	0.479041916167665	0.954285714285714	167	8	"A"	80	87	0	80	TRUE	"TotalSleep"	"exclude_influential"
31	"3L_4047804"	4047804	"A"	"G"	0.276471	-87.2346	19.7213	9.71765e-06	FALSE	"3L"	0.276470588235294	0.971428571428571	170	5	"A"	47	123	0	47	TRUE	"TotalSleep"	"exclude_influential"
31	"3L_4047808"	4047808	"A"	"T"	0.276471	-87.2346	19.7213	9.71765e-06	FALSE	"3L"	0.276470588235294	0.971428571428571	170	5	"A"	47	123	0	47	TRUE	"TotalSleep"	"exclude_influential"
31	"3L_4047811"	4047811	"T"	"G"	0.272189	-89.9626	19.9162	6.27064e-06	FALSE	"3L"	0.272189349112426	0.965714285714286	169	6	"T"	46	123	0	46	TRUE	"TotalSleep"	"exclude_influential"
32	"3R_16911341"	16911341	"C"	"T"	0.345455	-86.263	19.4637	9.33683e-06	FALSE	"3R"	0.345454545454545	0.942857142857143	165	10	"C"	57	108	0	57	TRUE	"TotalSleep"	"exclude_influential"
1	"X_10222965"	10222965	"T"	"G"	0.465116	-0.0394655	0.00892011	9.67446e-06	FALSE	"X"	0.465116279069768	0.977272727272727	172	4	"T"	80	92	0	80	TRUE	"LDHarmonicR2"	"legacy_residual"
1	"X_11292471"	11292471	"G"	"C"	0.491429	-0.0397458	0.00882307	6.64497e-06	FALSE	"X"	0.491428571428572	0.994318181818182	175	1	"G"	86	89	0	86	TRUE	"LDHarmonicR2"	"legacy_residual"
21	"2L_6415893"	6415893	"G"	"A"	0.5	0.0421364	0.00916891	4.31552e-06	FALSE	"2L"	0.5	0.920454545454545	162	14	"G"	81	81	0	81	TRUE	"LDHarmonicR2"	"legacy_residual"
21	"2L_6416352"	6416352	"C"	"A"	0.466258	-0.0420931	0.00916162	4.33778e-06	FALSE	"2L"	0.466257668711656	0.926136363636364	163	13	"C"	76	87	0	76	TRUE	"LDHarmonicR2"	"legacy_residual"
21	"2L_6416472"	6416472	"C"	"T"	0.460123	-0.0408672	0.00916995	8.32546e-06	FALSE	"2L"	0.460122699386503	0.926136363636364	163	13	"C"	75	88	0	75	TRUE	"LDHarmonicR2"	"legacy_residual"
22	"2R_13087224"	13087224	"T"	"C"	0.178161	-0.0526802	0.0115603	5.18963e-06	FALSE	"2R"	0.17816091954023	0.988636363636364	174	2	"T"	31	143	0	31	TRUE	"LDHarmonicR2"	"legacy_residual"
22	"2R_13087264"	13087264	"A"	"T"	0.109827	-0.0643487	0.0141883	5.7514e-06	FALSE	"2R"	0.109826589595376	0.982954545454545	173	3	"A"	19	154	0	19	TRUE	"LDHarmonicR2"	"legacy_residual"
32	"3R_24776116"	24776116	"T"	"C"	0.130952	0.0606532	0.0133448	5.49131e-06	FALSE	"3R"	0.130952380952381	0.954545454545455	168	8	"T"	22	146	0	22	TRUE	"LDHarmonicR2"	"legacy_residual"
32	"3R_27476251"	27476251	"T"	"C"	0.378882	-0.0441709	0.00947967	3.16916e-06	FALSE	"3R"	0.37888198757764	0.914772727272727	161	15	"T"	61	100	0	61	TRUE	"LDHarmonicR2"	"legacy_residual"
32	"3R_27476260"	27476260	"*"	"A"	0.376543	-0.0418832	0.00946187	9.57634e-06	FALSE	"3R"	0.376543209876543	0.920454545454545	162	14	"*"	61	101	0	61	TRUE	"LDHarmonicR2"	"legacy_residual"
1	"X_8318357"	8318357	"C"	"A"	0.25	-0.233879	0.0475712	8.81476e-07	FALSE	"X"	0.25	0.909090909090909	160	16	"C"	40	120	0	40	TRUE	"MovingShapePC1"	"legacy_residual"
22	"2R_12665067"	12665067	"A"	"G"	0.345238	0.198105	0.0426127	3.336e-06	FALSE	"2R"	0.345238095238095	0.954545454545455	168	8	"A"	58	110	0	58	TRUE	"MovingShapePC1"	"legacy_residual"
22	"2R_12665072"	12665072	"G"	"T"	0.343195	0.195246	0.0425629	4.49155e-06	FALSE	"2R"	0.343195266272189	0.960227272727273	169	7	"G"	58	111	0	58	TRUE	"MovingShapePC1"	"legacy_residual"
22	"2R_16567254"	16567254	"C"	"A"	0.125	-0.276321	0.0624754	9.73927e-06	FALSE	"2R"	0.125	0.909090909090909	160	16	"C"	20	140	0	20	TRUE	"MovingShapePC1"	"legacy_residual"
32	"3R_27043638"	27043638	"G"	"C"	0.219512	-0.221255	0.0497303	8.62304e-06	FALSE	"3R"	0.219512195121951	0.931818181818182	164	12	"G"	36	128	0	36	TRUE	"MovingShapePC1"	"legacy_residual"
21	"2L_10772724"	10772724	"A"	"C"	0.252941	-0.223424	0.0486916	4.4633e-06	FALSE	"2L"	0.252941176470588	0.965909090909091	170	6	"A"	43	127	0	43	TRUE	"NightPDoze"	"legacy_residual"
21	"2L_10772725"	10772725	"G"	"A"	0.252941	-0.223424	0.0486916	4.4633e-06	FALSE	"2L"	0.252941176470588	0.965909090909091	170	6	"G"	43	127	0	43	TRUE	"NightPDoze"	"legacy_residual"
21	"2L_20529112"	20529112	"TGTGGAC"	"T"	0.365854	-0.20768	0.04474	3.45162e-06	FALSE	"2L"	0.365853658536585	0.931818181818182	164	12	"TGTGGAC"	60	104	0	60	TRUE	"NightPDoze"	"legacy_residual"
31	"3L_2547295"	2547295	"CCA"	"C"	0.476471	0.212914	0.0423792	5.06031e-07	FALSE	"3L"	0.476470588235294	0.965909090909091	170	6	"CCA"	81	89	0	81	TRUE	"NightPDoze"	"legacy_residual"
31	"3L_2547298"	2547298	"A"	"T"	0.476471	0.212914	0.0423792	5.06031e-07	FALSE	"3L"	0.476470588235294	0.965909090909091	170	6	"A"	81	89	0	81	TRUE	"NightPDoze"	"legacy_residual"
31	"3L_6298090"	6298090	"T"	"G"	0.185629	-0.258056	0.0549255	2.62338e-06	FALSE	"3L"	0.18562874251497	0.948863636363636	167	9	"T"	31	136	0	31	TRUE	"NightPDoze"	"legacy_residual"
31	"3L_6298092"	6298092	"C"	"T"	0.185629	-0.258056	0.0549255	2.62338e-06	FALSE	"3L"	0.18562874251497	0.948863636363636	167	9	"C"	31	136	0	31	TRUE	"NightPDoze"	"legacy_residual"
31	"3L_18862904"	18862904	"A"	"T"	0.263473	0.218938	0.0484781	6.2952e-06	FALSE	"3L"	0.263473053892216	0.948863636363636	167	9	"A"	44	123	0	44	TRUE	"NightPDoze"	"legacy_residual"
32	"3R_13899553"	13899553	"A"	"T"	0.196532	-0.243736	0.052801	3.90969e-06	FALSE	"3R"	0.196531791907514	0.982954545454545	173	3	"A"	34	139	0	34	TRUE	"NightPDoze"	"legacy_residual"
1	"X_9393204"	9393204	"C"	"G"	0.149425	0.302422	0.0668304	6.03357e-06	FALSE	"X"	0.149425287356322	0.988636363636364	174	2	"C"	26	148	0	26	TRUE	"NightPWake"	"legacy_residual"
1	"X_17878203"	17878203	"A"	"T"	0.4375	-0.22771	0.0479507	2.04587e-06	FALSE	"X"	0.4375	1	176	0	"A"	77	99	0	77	TRUE	"NightPWake"	"legacy_residual"
1	"X_17878289"	17878289	"T"	"C"	0.428571	-0.222263	0.0482374	4.07172e-06	FALSE	"X"	0.428571428571429	0.994318181818182	175	1	"T"	75	100	0	75	TRUE	"NightPWake"	"legacy_residual"
1	"X_17888236"	17888236	"T"	"C"	0.375	-0.22878	0.0488618	2.83835e-06	FALSE	"X"	0.375	1	176	0	"T"	66	110	0	66	TRUE	"NightPWake"	"legacy_residual"
21	"2L_20321158"	20321158	"C"	"T"	0.490798	-0.22756	0.0495788	4.43509e-06	FALSE	"2L"	0.49079754601227	0.926136363636364	163	13	"C"	80	83	0	80	TRUE	"NightPWake"	"legacy_residual"
22	"2R_5727338"	5727338	"A"	"G"	0.128655	0.321029	0.0715464	7.22328e-06	FALSE	"2R"	0.128654970760234	0.971590909090909	171	5	"A"	22	149	0	22	TRUE	"NightPWake"	"legacy_residual"
22	"2R_7954848"	7954848	"T"	"A"	0.179012	-0.289272	0.0650578	8.73292e-06	FALSE	"2R"	0.179012345679012	0.920454545454545	162	14	"T"	29	133	0	29	TRUE	"NightPWake"	"legacy_residual"
22	"2R_23639685"	23639685	"A"	"G"	0.264706	-0.248775	0.0548249	5.68898e-06	FALSE	"2R"	0.264705882352941	0.965909090909091	170	6	"A"	45	125	0	45	TRUE	"NightPWake"	"legacy_residual"
31	"3L_3724365"	3724365	"A"	"G"	0.47619	-0.242961	0.0487255	6.15378e-07	FALSE	"3L"	0.476190476190476	0.954545454545455	168	8	"A"	80	88	0	80	TRUE	"NightPWake"	"legacy_residual"
31	"3L_4047804"	4047804	"A"	"G"	0.274854	0.245344	0.0538683	5.25087e-06	FALSE	"3L"	0.274853801169591	0.971590909090909	171	5	"A"	47	124	0	47	TRUE	"NightPWake"	"legacy_residual"
31	"3L_4047808"	4047808	"A"	"T"	0.274854	0.245344	0.0538683	5.25087e-06	FALSE	"3L"	0.274853801169591	0.971590909090909	171	5	"A"	47	124	0	47	TRUE	"NightPWake"	"legacy_residual"
31	"3L_4047811"	4047811	"T"	"G"	0.270588	0.24963	0.054328	4.33039e-06	FALSE	"3L"	0.270588235294118	0.965909090909091	170	6	"T"	46	124	0	46	TRUE	"NightPWake"	"legacy_residual"
32	"3R_15397393"	15397393	"C"	"T"	0.150943	0.316726	0.0701963	6.42193e-06	FALSE	"3R"	0.150943396226415	0.903409090909091	159	17	"C"	24	135	0	24	TRUE	"NightPWake"	"legacy_residual"
32	"3R_15397402"	15397402	"C"	"T"	0.150943	0.316726	0.0701963	6.42193e-06	FALSE	"3R"	0.150943396226415	0.903409090909091	159	17	"C"	24	135	0	24	TRUE	"NightPWake"	"legacy_residual"
22	"2R_6256391"	6256391	"C"	"A"	0.185629	-51.6043	10.518	9.2807e-07	FALSE	"2R"	0.18562874251497	0.948863636363636	167	9	"C"	31	136	0	31	TRUE	"NightSleepChange"	"legacy_residual"
22	"2R_6256434"	6256434	"T"	"C"	0.191617	-50.3472	10.4183	1.34774e-06	FALSE	"2R"	0.191616766467066	0.948863636363636	167	9	"T"	32	135	0	32	TRUE	"NightSleepChange"	"legacy_residual"
31	"3L_1888560"	1888560	"A"	"G"	0.159091	-49.9236	11.0494	6.23632e-06	FALSE	"3L"	0.159090909090909	1	176	0	"A"	28	148	0	28	TRUE	"NightSleepChange"	"legacy_residual"
31	"3L_12509851"	12509851	"G"	"T"	0.421687	-37.6167	8.41816	7.87619e-06	FALSE	"3L"	0.421686746987952	0.943181818181818	166	10	"G"	70	96	0	70	TRUE	"NightSleepChange"	"legacy_residual"
32	"3R_21998760"	21998760	"G"	"A"	0.105882	-62.3719	12.9352	1.42209e-06	FALSE	"3R"	0.105882352941176	0.965909090909091	170	6	"G"	18	152	0	18	TRUE	"NightSleepChange"	"legacy_residual"
32	"3R_29419559"	29419559	"A"	"T"	0.345238	-41.2454	8.90185	3.59782e-06	FALSE	"3R"	0.345238095238095	0.954545454545455	168	8	"A"	58	110	0	58	TRUE	"NightSleepChange"	"legacy_residual"
21	"2L_10170542"	10170542	"T"	"C"	0.118343	-111.287	24.7566	6.9486e-06	FALSE	"2L"	0.118343195266272	0.960227272727273	169	7	"T"	20	149	0	20	TRUE	"TotalSleep"	"legacy_residual"
21	"2L_15943639"	15943639	"G"	"C"	0.262195	-82.365	18.5123	8.61908e-06	FALSE	"2L"	0.26219512195122	0.931818181818182	164	12	"G"	43	121	0	43	TRUE	"TotalSleep"	"legacy_residual"
22	"2R_18433628"	18433628	"G"	"T"	0.299401	80.5514	17.4691	4.00562e-06	FALSE	"2R"	0.29940119760479	0.948863636363636	167	9	"G"	50	117	0	50	TRUE	"TotalSleep"	"legacy_residual"
31	"3L_3724365"	3724365	"A"	"G"	0.47619	73.7756	16.1842	5.15192e-06	FALSE	"3L"	0.476190476190476	0.954545454545455	168	8	"A"	80	88	0	80	TRUE	"TotalSleep"	"legacy_residual"
31	"3L_4047811"	4047811	"T"	"G"	0.270588	-79.7778	18.0425	9.79461e-06	FALSE	"3L"	0.270588235294118	0.965909090909091	170	6	"T"	46	124	0	46	TRUE	"TotalSleep"	"legacy_residual"
32	"3R_13161784"	13161784	"T"	"G"	0.4	-75.37	16.8936	8.14031e-06	FALSE	"3R"	0.4	0.909090909090909	160	16	"T"	64	96	0	64	TRUE	"TotalSleep"	"legacy_residual"
1	"X_10661963"	10661963	"T"	"C"	0.114458	-0.0703123	0.0158472	9.1265e-06	FALSE	"X"	0.114457831325301	0.943181818181818	166	10	"T"	19	147	0	19	TRUE	"LDHarmonicR2"	"chromosome_LOCO"
1	"X_11292471"	11292471	"G"	"C"	0.491429	-0.0431241	0.0097289	9.31132e-06	FALSE	"X"	0.491428571428572	0.994318181818182	175	1	"G"	86	89	0	86	TRUE	"LDHarmonicR2"	"chromosome_LOCO"
2	"2L_6415893"	6415893	"G"	"A"	0.5	0.0480975	0.0101333	2.06971e-06	FALSE	"2L"	0.5	0.920454545454545	162	14	"G"	81	81	0	81	TRUE	"LDHarmonicR2"	"chromosome_LOCO"
2	"2L_6416333"	6416333	"G"	"A"	0.478261	-0.045708	0.0101939	7.33043e-06	FALSE	"2L"	0.478260869565217	0.914772727272727	161	15	"G"	77	84	0	77	TRUE	"LDHarmonicR2"	"chromosome_LOCO"
2	"2L_6416352"	6416352	"C"	"A"	0.466258	-0.0479119	0.0101302	2.24945e-06	FALSE	"2L"	0.466257668711656	0.926136363636364	163	13	"C"	76	87	0	76	TRUE	"LDHarmonicR2"	"chromosome_LOCO"
2	"2L_6416472"	6416472	"C"	"T"	0.460123	-0.0471863	0.0102183	3.87808e-06	FALSE	"2L"	0.460122699386503	0.926136363636364	163	13	"C"	75	88	0	75	TRUE	"LDHarmonicR2"	"chromosome_LOCO"
2	"2L_14815128"	14815128	"A"	"AC"	0.109827	-0.0690736	0.0156318	9.92571e-06	FALSE	"2L"	0.109826589595376	0.982954545454545	173	3	"A"	19	154	0	19	TRUE	"LDHarmonicR2"	"chromosome_LOCO"
3	"3R_24776116"	24776116	"T"	"C"	0.130952	0.0660842	0.0141498	3.00728e-06	FALSE	"3R"	0.130952380952381	0.954545454545455	168	8	"T"	22	146	0	22	TRUE	"LDHarmonicR2"	"chromosome_LOCO"
3	"3R_27476251"	27476251	"T"	"C"	0.378882	-0.0515314	0.0107476	1.62937e-06	FALSE	"3R"	0.37888198757764	0.914772727272727	161	15	"T"	61	100	0	61	TRUE	"LDHarmonicR2"	"chromosome_LOCO"
3	"3R_27476259"	27476259	"CAT"	"CATAT"	0.37037	-0.0479367	0.0107824	8.75612e-06	FALSE	"3R"	0.37037037037037	0.920454545454545	162	14	"CAT"	60	102	0	60	TRUE	"LDHarmonicR2"	"chromosome_LOCO"
3	"3R_27476260"	27476260	"*"	"A"	0.376543	-0.0484692	0.0107199	6.14269e-06	FALSE	"3R"	0.376543209876543	0.920454545454545	162	14	"*"	61	101	0	61	TRUE	"LDHarmonicR2"	"chromosome_LOCO"
1	"X_8318357"	8318357	"C"	"A"	0.25	-0.242908	0.0498245	1.08659e-06	FALSE	"X"	0.25	0.909090909090909	160	16	"C"	40	120	0	40	TRUE	"MovingShapePC1"	"chromosome_LOCO"
2	"2R_12665067"	12665067	"A"	"G"	0.345238	0.208844	0.0453673	4.15638e-06	FALSE	"2R"	0.345238095238095	0.954545454545455	168	8	"A"	58	110	0	58	TRUE	"MovingShapePC1"	"chromosome_LOCO"
2	"2R_12665072"	12665072	"G"	"T"	0.343195	0.205316	0.0452432	5.67746e-06	FALSE	"2R"	0.343195266272189	0.960227272727273	169	7	"G"	58	111	0	58	TRUE	"MovingShapePC1"	"chromosome_LOCO"
2	"2R_16405146"	16405146	"A"	"AT"	0.405882	0.208946	0.0450746	3.55988e-06	FALSE	"2R"	0.405882352941176	0.965909090909091	170	6	"A"	69	101	0	69	TRUE	"MovingShapePC1"	"chromosome_LOCO"
2	"2R_16405149"	16405149	"C"	"CCA"	0.402367	0.212557	0.0454479	2.91182e-06	FALSE	"2R"	0.402366863905325	0.960227272727273	169	7	"C"	68	101	0	68	TRUE	"MovingShapePC1"	"chromosome_LOCO"
2	"2R_16405153"	16405153	"T"	"G"	0.402367	0.212557	0.0454479	2.91182e-06	FALSE	"2R"	0.402366863905325	0.960227272727273	169	7	"T"	68	101	0	68	TRUE	"MovingShapePC1"	"chromosome_LOCO"
2	"2R_16405154"	16405154	"C"	"CA"	0.402367	0.212557	0.0454479	2.91182e-06	FALSE	"2R"	0.402366863905325	0.960227272727273	169	7	"C"	68	101	0	68	TRUE	"MovingShapePC1"	"chromosome_LOCO"
2	"2R_16567254"	16567254	"C"	"A"	0.125	-0.291077	0.065787	9.66516e-06	FALSE	"2R"	0.125	0.909090909090909	160	16	"C"	20	140	0	20	TRUE	"MovingShapePC1"	"chromosome_LOCO"
2	"2R_24313340"	24313340	"A"	"T"	0.236686	0.224447	0.0499719	7.07358e-06	FALSE	"2R"	0.236686390532544	0.960227272727273	169	7	"A"	40	129	0	40	TRUE	"MovingShapePC1"	"chromosome_LOCO"
3	"3R_27043638"	27043638	"G"	"C"	0.219512	-0.239534	0.0524624	4.97549e-06	FALSE	"3R"	0.219512195121951	0.931818181818182	164	12	"G"	36	128	0	36	TRUE	"MovingShapePC1"	"chromosome_LOCO"
2	"2L_10772724"	10772724	"A"	"C"	0.252941	-0.254049	0.0539911	2.53387e-06	FALSE	"2L"	0.252941176470588	0.965909090909091	170	6	"A"	43	127	0	43	TRUE	"NightPDoze"	"chromosome_LOCO"
2	"2L_10772725"	10772725	"G"	"A"	0.252941	-0.254049	0.0539911	2.53387e-06	FALSE	"2L"	0.252941176470588	0.965909090909091	170	6	"G"	43	127	0	43	TRUE	"NightPDoze"	"chromosome_LOCO"
2	"2L_20529112"	20529112	"TGTGGAC"	"T"	0.365854	-0.216864	0.0475408	5.07551e-06	FALSE	"2L"	0.365853658536585	0.931818181818182	164	12	"TGTGGAC"	60	104	0	60	TRUE	"NightPDoze"	"chromosome_LOCO"
3	"3L_2547295"	2547295	"CCA"	"C"	0.476471	0.219861	0.0447076	8.754e-07	FALSE	"3L"	0.476470588235294	0.965909090909091	170	6	"CCA"	81	89	0	81	TRUE	"NightPDoze"	"chromosome_LOCO"
3	"3L_2547298"	2547298	"A"	"T"	0.476471	0.219861	0.0447076	8.754e-07	FALSE	"3L"	0.476470588235294	0.965909090909091	170	6	"A"	81	89	0	81	TRUE	"NightPDoze"	"chromosome_LOCO"
3	"3L_6298090"	6298090	"T"	"G"	0.185629	-0.264057	0.0578586	5.02269e-06	FALSE	"3L"	0.18562874251497	0.948863636363636	167	9	"T"	31	136	0	31	TRUE	"NightPDoze"	"chromosome_LOCO"
3	"3L_6298092"	6298092	"C"	"T"	0.185629	-0.264057	0.0578586	5.02269e-06	FALSE	"3L"	0.18562874251497	0.948863636363636	167	9	"C"	31	136	0	31	TRUE	"NightPDoze"	"chromosome_LOCO"
3	"3L_18862904"	18862904	"A"	"T"	0.263473	0.238955	0.0526622	5.69248e-06	FALSE	"3L"	0.263473053892216	0.948863636363636	167	9	"A"	44	123	0	44	TRUE	"NightPDoze"	"chromosome_LOCO"
3	"3R_13899553"	13899553	"A"	"T"	0.196532	-0.251803	0.0559907	6.88419e-06	FALSE	"3R"	0.196531791907514	0.982954545454545	173	3	"A"	34	139	0	34	TRUE	"NightPDoze"	"chromosome_LOCO"
1	"X_9393204"	9393204	"C"	"G"	0.149425	0.319006	0.0709888	6.99787e-06	FALSE	"X"	0.149425287356322	0.988636363636364	174	2	"C"	26	148	0	26	TRUE	"NightPWake"	"chromosome_LOCO"
1	"X_17878203"	17878203	"A"	"T"	0.4375	-0.245944	0.0521231	2.37558e-06	FALSE	"X"	0.4375	1	176	0	"A"	77	99	0	77	TRUE	"NightPWake"	"chromosome_LOCO"
1	"X_17878289"	17878289	"T"	"C"	0.428571	-0.244388	0.0529189	3.87146e-06	FALSE	"X"	0.428571428571429	0.994318181818182	175	1	"T"	75	100	0	75	TRUE	"NightPWake"	"chromosome_LOCO"
1	"X_17888236"	17888236	"T"	"C"	0.375	-0.247398	0.0522786	2.21983e-06	FALSE	"X"	0.375	1	176	0	"T"	66	110	0	66	TRUE	"NightPWake"	"chromosome_LOCO"
2	"2L_20321158"	20321158	"C"	"T"	0.490798	-0.239339	0.0521715	4.4847e-06	FALSE	"2L"	0.49079754601227	0.926136363636364	163	13	"C"	80	83	0	80	TRUE	"NightPWake"	"chromosome_LOCO"
2	"2R_5727338"	5727338	"A"	"G"	0.128655	0.334035	0.0747533	7.87731e-06	FALSE	"2R"	0.128654970760234	0.971590909090909	171	5	"A"	22	149	0	22	TRUE	"NightPWake"	"chromosome_LOCO"
2	"2R_7954848"	7954848	"T"	"A"	0.179012	-0.310724	0.0702733	9.79512e-06	FALSE	"2R"	0.179012345679012	0.920454545454545	162	14	"T"	29	133	0	29	TRUE	"NightPWake"	"chromosome_LOCO"
2	"2R_23639685"	23639685	"A"	"G"	0.264706	-0.264299	0.0583683	5.95106e-06	FALSE	"2R"	0.264705882352941	0.965909090909091	170	6	"A"	45	125	0	45	TRUE	"NightPWake"	"chromosome_LOCO"
3	"3L_3724308"	3724308	"CG"	"C"	0.166667	0.311814	0.069494	7.22607e-06	FALSE	"3L"	0.166666666666667	0.988636363636364	174	2	"CG"	29	145	0	29	TRUE	"NightPWake"	"chromosome_LOCO"
3	"3L_3724309"	3724309	"A"	"C"	0.166667	0.311814	0.069494	7.22607e-06	FALSE	"3L"	0.166666666666667	0.988636363636364	174	2	"A"	29	145	0	29	TRUE	"NightPWake"	"chromosome_LOCO"
3	"3L_3724365"	3724365	"A"	"G"	0.47619	-0.256023	0.0518359	7.84773e-07	FALSE	"3L"	0.476190476190476	0.954545454545455	168	8	"A"	80	88	0	80	TRUE	"NightPWake"	"chromosome_LOCO"
3	"3L_4047804"	4047804	"A"	"G"	0.274854	0.273827	0.0588713	3.29871e-06	FALSE	"3L"	0.274853801169591	0.971590909090909	171	5	"A"	47	124	0	47	TRUE	"NightPWake"	"chromosome_LOCO"
3	"3L_4047808"	4047808	"A"	"T"	0.274854	0.273827	0.0588713	3.29871e-06	FALSE	"3L"	0.274853801169591	0.971590909090909	171	5	"A"	47	124	0	47	TRUE	"NightPWake"	"chromosome_LOCO"
3	"3L_4047811"	4047811	"T"	"G"	0.270588	0.280789	0.059523	2.38985e-06	FALSE	"3L"	0.270588235294118	0.965909090909091	170	6	"T"	46	124	0	46	TRUE	"NightPWake"	"chromosome_LOCO"
3	"3L_4047834"	4047834	"G"	"C"	0.270588	0.276513	0.0600922	4.19508e-06	FALSE	"3L"	0.270588235294118	0.965909090909091	170	6	"G"	46	124	0	46	TRUE	"NightPWake"	"chromosome_LOCO"
3	"3R_15397393"	15397393	"C"	"T"	0.150943	0.346331	0.0750505	3.93778e-06	FALSE	"3R"	0.150943396226415	0.903409090909091	159	17	"C"	24	135	0	24	TRUE	"NightPWake"	"chromosome_LOCO"
3	"3R_15397402"	15397402	"C"	"T"	0.150943	0.346331	0.0750505	3.93778e-06	FALSE	"3R"	0.150943396226415	0.903409090909091	159	17	"C"	24	135	0	24	TRUE	"NightPWake"	"chromosome_LOCO"
2	"2L_16623208"	16623208	"T"	"A"	0.216049	-46.2203	10.2545	6.56456e-06	FALSE	"2L"	0.216049382716049	0.920454545454545	162	14	"T"	35	127	0	35	TRUE	"NightSleepChange"	"chromosome_LOCO"
2	"2R_6256391"	6256391	"C"	"A"	0.185629	-55.7613	10.9021	3.14156e-07	FALSE	"2R"	0.18562874251497	0.948863636363636	167	9	"C"	31	136	0	31	TRUE	"NightSleepChange"	"chromosome_LOCO"
2	"2R_6256434"	6256434	"T"	"C"	0.191617	-54.8051	10.8346	4.22964e-07	FALSE	"2R"	0.191616766467066	0.948863636363636	167	9	"T"	32	135	0	32	TRUE	"NightSleepChange"	"chromosome_LOCO"
2	"2R_7202244"	7202244	"T"	"C"	0.207101	-45.7439	10.1075	6.0181e-06	FALSE	"2R"	0.207100591715976	0.960227272727273	169	7	"T"	35	134	0	35	TRUE	"NightSleepChange"	"chromosome_LOCO"
2	"2R_16117962"	16117962	"TTC"	"T"	0.416667	37.4225	8.41967	8.80349e-06	FALSE	"2R"	0.416666666666667	0.954545454545455	168	8	"TTC"	70	98	0	70	TRUE	"NightSleepChange"	"chromosome_LOCO"
2	"2R_16117968"	16117968	"T"	"TTA"	0.413174	38.1518	8.46216	6.5283e-06	FALSE	"2R"	0.413173652694611	0.948863636363636	167	9	"T"	69	98	0	69	TRUE	"NightSleepChange"	"chromosome_LOCO"
3	"3L_1888560"	1888560	"A"	"G"	0.159091	-51.451	11.4802	7.4051e-06	FALSE	"3L"	0.159090909090909	1	176	0	"A"	28	148	0	28	TRUE	"NightSleepChange"	"chromosome_LOCO"
3	"3L_12509800"	12509800	"C"	"A"	0.491124	-39.5974	8.73988	5.87995e-06	FALSE	"3L"	0.49112426035503	0.960227272727273	169	7	"C"	83	86	0	83	TRUE	"NightSleepChange"	"chromosome_LOCO"
3	"3L_12509851"	12509851	"G"	"T"	0.421687	-40.4905	8.78152	4.00972e-06	FALSE	"3L"	0.421686746987952	0.943181818181818	166	10	"G"	70	96	0	70	TRUE	"NightSleepChange"	"chromosome_LOCO"
3	"3R_21998760"	21998760	"G"	"A"	0.105882	-62.6798	13.3204	2.53166e-06	FALSE	"3R"	0.105882352941176	0.965909090909091	170	6	"G"	18	152	0	18	TRUE	"NightSleepChange"	"chromosome_LOCO"
3	"3R_29419559"	29419559	"A"	"T"	0.345238	-45.0038	9.42239	1.7858e-06	FALSE	"3R"	0.345238095238095	0.954545454545455	168	8	"A"	58	110	0	58	TRUE	"NightSleepChange"	"chromosome_LOCO"
3	"3R_31189318"	31189318	"A"	"C"	0.484663	41.2535	9.31773	9.53681e-06	FALSE	"3R"	0.484662576687117	0.926136363636364	163	13	"A"	79	84	0	79	TRUE	"NightSleepChange"	"chromosome_LOCO"
1	"X_2509888"	2509888	"T"	"C"	0.16185	-100.362	22.5345	8.43964e-06	FALSE	"X"	0.161849710982659	0.982954545454545	173	3	"T"	28	145	0	28	TRUE	"TotalSleep"	"chromosome_LOCO"
2	"2L_15943639"	15943639	"G"	"C"	0.262195	-87.8531	19.7853	8.98243e-06	FALSE	"2L"	0.26219512195122	0.931818181818182	164	12	"G"	43	121	0	43	TRUE	"TotalSleep"	"chromosome_LOCO"
2	"2L_17491087"	17491087	"AGTATACAAAAT"	"A"	0.484663	-78.7524	17.7743	9.39325e-06	FALSE	"2L"	0.484662576687117	0.926136363636364	163	13	"AGTATACAAAAT"	79	84	0	79	TRUE	"TotalSleep"	"chromosome_LOCO"
2	"2R_18433628"	18433628	"G"	"T"	0.299401	81.9831	18.3519	7.92187e-06	FALSE	"2R"	0.29940119760479	0.948863636363636	167	9	"G"	50	117	0	50	TRUE	"TotalSleep"	"chromosome_LOCO"
3	"3L_3724365"	3724365	"A"	"G"	0.47619	79.2773	17.2361	4.23543e-06	FALSE	"3L"	0.476190476190476	0.954545454545455	168	8	"A"	80	88	0	80	TRUE	"TotalSleep"	"chromosome_LOCO"
3	"3L_4047804"	4047804	"A"	"G"	0.274854	-87.0546	19.5154	8.16475e-06	FALSE	"3L"	0.274853801169591	0.971590909090909	171	5	"A"	47	124	0	47	TRUE	"TotalSleep"	"chromosome_LOCO"
3	"3L_4047808"	4047808	"A"	"T"	0.274854	-87.0546	19.5154	8.16475e-06	FALSE	"3L"	0.274853801169591	0.971590909090909	171	5	"A"	47	124	0	47	TRUE	"TotalSleep"	"chromosome_LOCO"
3	"3L_4047811"	4047811	"T"	"G"	0.270588	-90.4752	19.7452	4.60248e-06	FALSE	"3L"	0.270588235294118	0.965909090909091	170	6	"T"	46	124	0	46	TRUE	"TotalSleep"	"chromosome_LOCO"
3	"3R_16911291"	16911291	"T"	"A"	0.339394	-86.0837	19.3885	8.99801e-06	FALSE	"3R"	0.339393939393939	0.9375	165	11	"T"	56	109	0	56	TRUE	"TotalSleep"	"chromosome_LOCO"
3	"3R_16911292"	16911292	"T"	"C"	0.339394	-86.0837	19.3885	8.99801e-06	FALSE	"3R"	0.339393939393939	0.9375	165	11	"T"	56	109	0	56	TRUE	"TotalSleep"	"chromosome_LOCO"
3	"3R_16911341"	16911341	"C"	"T"	0.343373	-86.131	19.3027	8.11519e-06	FALSE	"3R"	0.343373493975904	0.943181818181818	166	10	"C"	57	109	0	57	TRUE	"TotalSleep"	"chromosome_LOCO"
