Genotype	Batch1	Batch2	x	y	phenotype
"DGRP161"	"Batch10_DGRP"	"Batch23_DGRP"	16	13.5	"LightSleep__D6_D1"
"DGRP181"	"Batch24_DGRP"	"Batch8_DGRP"	-77	-119	"LightSleep__D6_D1"
"DGRP189"	"Batch16_DGRP"	"Batch26_DGRP"	-53	-68	"LightSleep__D6_D1"
"DGRP195"	"Batch24_DGRP"	"Batch26_DGRP"	-41	-51	"LightSleep__D6_D1"
"DGRP208"	"Batch11_DGRP"	"Batch1_DGRP"	-69.5	-200.5	"LightSleep__D6_D1"
"DGRP217"	"Batch31_DGRP"	"Batch8_DGRP"	-133	-78.5	"LightSleep__D6_D1"
"DGRP235"	"Batch11_DGRP"	"Batch26_DGRP"	25	46	"LightSleep__D6_D1"
"DGRP239"	"Batch15_DGRP"	"Batch29_DGRP"	18	-33	"LightSleep__D6_D1"
"DGRP26"	"Batch14_DGRP"	"Batch26_DGRP"	-12	8.5	"LightSleep__D6_D1"
"DGRP303"	"Batch12_DGRP"	"Batch1_DGRP"	2	-88	"LightSleep__D6_D1"
"DGRP304"	"Batch12_DGRP"	"Batch1_DGRP"	-63	-17	"LightSleep__D6_D1"
"DGRP307"	"Batch12_DGRP"	"Batch1_DGRP"	-99	-131.5	"LightSleep__D6_D1"
"DGRP309"	"Batch18_DGRP"	"Batch26_DGRP"	-130	-70	"LightSleep__D6_D1"
"DGRP310"	"Batch5b_DGRP"	"Batch9_DGRP"	-110	-85	"LightSleep__D6_D1"
"DGRP313"	"Batch12_DGRP"	"Batch1_DGRP"	-17	10	"LightSleep__D6_D1"
"DGRP319"	"Batch18_DGRP"	"Batch26_DGRP"	-10.5	6	"LightSleep__D6_D1"
"DGRP319"	"Batch18_DGRP"	"Batch29_DGRP"	-10.5	16	"LightSleep__D6_D1"
"DGRP319"	"Batch26_DGRP"	"Batch29_DGRP"	6	16	"LightSleep__D6_D1"
"DGRP320"	"Batch18_DGRP"	"Batch26_DGRP"	-25	33	"LightSleep__D6_D1"
"DGRP321"	"Batch18_DGRP"	"Batch29_DGRP"	-57	-100.5	"LightSleep__D6_D1"
"DGRP324"	"Batch12_DGRP"	"Batch1_DGRP"	-173.5	-59	"LightSleep__D6_D1"
"DGRP332"	"Batch18_DGRP"	"Batch26_DGRP"	43	13	"LightSleep__D6_D1"
"DGRP335"	"Batch12_DGRP"	"Batch31_DGRP"	7	-1.5	"LightSleep__D6_D1"
"DGRP335"	"Batch12_DGRP"	"Batch6_DGRP"	7	6	"LightSleep__D6_D1"
"DGRP335"	"Batch31_DGRP"	"Batch6_DGRP"	-1.5	6	"LightSleep__D6_D1"
"DGRP336"	"Batch24_DGRP"	"Batch27_DGRP"	0	-38.5	"LightSleep__D6_D1"
"DGRP336"	"Batch24_DGRP"	"Batch29_DGRP"	0	28.5	"LightSleep__D6_D1"
"DGRP336"	"Batch24_DGRP"	"Batch8_DGRP"	0	29	"LightSleep__D6_D1"
"DGRP336"	"Batch27_DGRP"	"Batch29_DGRP"	-38.5	28.5	"LightSleep__D6_D1"
"DGRP336"	"Batch27_DGRP"	"Batch8_DGRP"	-38.5	29	"LightSleep__D6_D1"
"DGRP336"	"Batch29_DGRP"	"Batch8_DGRP"	28.5	29	"LightSleep__D6_D1"
"DGRP338"	"Batch29_DGRP"	"Batch6_DGRP"	-18	-12	"LightSleep__D6_D1"
"DGRP354"	"Batch18_DGRP"	"Batch19_DGRP"	30	-37	"LightSleep__D6_D1"
"DGRP356"	"Batch19_DGRP"	"Batch29_DGRP"	-42	-101	"LightSleep__D6_D1"
"DGRP358"	"Batch12_DGRP"	"Batch1_DGRP"	-27	-55	"LightSleep__D6_D1"
"DGRP360"	"Batch12_DGRP"	"Batch1_DGRP"	-56	-73	"LightSleep__D6_D1"
"DGRP361"	"Batch19_DGRP"	"Batch31_DGRP"	-8	-29	"LightSleep__D6_D1"
"DGRP362"	"Batch12_DGRP"	"Batch1_DGRP"	6	1	"LightSleep__D6_D1"
"DGRP375"	"Batch12_DGRP"	"Batch1_DGRP"	-40.5	10	"LightSleep__D6_D1"
"DGRP380"	"Batch11_DGRP"	"Batch4b_DGRP"	-37	-24	"LightSleep__D6_D1"
"DGRP380"	"Batch11_DGRP"	"Batch4c_DGRP"	-37	1.5	"LightSleep__D6_D1"
"DGRP380"	"Batch4b_DGRP"	"Batch4c_DGRP"	-24	1.5	"LightSleep__D6_D1"
"DGRP382"	"Batch25_DGRP"	"Batch26_DGRP"	-104	-83	"LightSleep__D6_D1"
"DGRP386"	"Batch19_DGRP"	"Batch28_DGRP"	-94.5	-92	"LightSleep__D6_D1"
"DGRP391"	"Batch16_DGRP"	"Batch25_DGRP"	-2	-42	"LightSleep__D6_D1"
"DGRP391"	"Batch16_DGRP"	"Batch26_DGRP"	-2	-66	"LightSleep__D6_D1"
"DGRP391"	"Batch16_DGRP"	"Batch4c_DGRP"	-2	-70	"LightSleep__D6_D1"
"DGRP391"	"Batch25_DGRP"	"Batch26_DGRP"	-42	-66	"LightSleep__D6_D1"
"DGRP391"	"Batch25_DGRP"	"Batch4c_DGRP"	-42	-70	"LightSleep__D6_D1"
"DGRP391"	"Batch26_DGRP"	"Batch4c_DGRP"	-66	-70	"LightSleep__D6_D1"
"DGRP399"	"Batch11_DGRP"	"Batch4b_DGRP"	-99	-128	"LightSleep__D6_D1"
"DGRP40"	"Batch21_DGRP"	"Batch27_DGRP"	9.60125260960302	-92.5	"LightSleep__D6_D1"
"DGRP40"	"Batch21_DGRP"	"Batch8_DGRP"	9.60125260960302	-10	"LightSleep__D6_D1"
"DGRP40"	"Batch27_DGRP"	"Batch8_DGRP"	-92.5	-10	"LightSleep__D6_D1"
"DGRP409"	"Batch28_DGRP"	"Batch8_DGRP"	-25.5	4	"LightSleep__D6_D1"
"DGRP437"	"Batch16_DGRP"	"Batch28_DGRP"	-27	-94	"LightSleep__D6_D1"
"DGRP437"	"Batch16_DGRP"	"Batch4c_DGRP"	-27	-32	"LightSleep__D6_D1"
"DGRP437"	"Batch28_DGRP"	"Batch4c_DGRP"	-94	-32	"LightSleep__D6_D1"
"DGRP441"	"Batch31_DGRP"	"Batch5b_DGRP"	-33	-42	"LightSleep__D6_D1"
"DGRP441"	"Batch31_DGRP"	"Batch7_DGRP"	-33	10	"LightSleep__D6_D1"
"DGRP441"	"Batch5b_DGRP"	"Batch7_DGRP"	-42	10	"LightSleep__D6_D1"
"DGRP486"	"Batch16_DGRP"	"Batch4c_DGRP"	-67.5	-66.5	"LightSleep__D6_D1"
"DGRP491"	"Batch21_DGRP"	"Batch26_DGRP"	22.711899791232	-26	"LightSleep__D6_D1"
"DGRP492"	"Batch10_DGRP"	"Batch15_DGRP"	18	-1	"LightSleep__D6_D1"
"DGRP492"	"Batch10_DGRP"	"Batch31_DGRP"	18	20	"LightSleep__D6_D1"
"DGRP492"	"Batch15_DGRP"	"Batch31_DGRP"	-1	20	"LightSleep__D6_D1"
"DGRP502"	"Batch11_DGRP"	"Batch8_DGRP"	186	112	"LightSleep__D6_D1"
"DGRP513"	"Batch25_DGRP"	"Batch27_DGRP"	130	169.5	"LightSleep__D6_D1"
"DGRP513"	"Batch25_DGRP"	"Batch8_DGRP"	130	123	"LightSleep__D6_D1"
"DGRP513"	"Batch27_DGRP"	"Batch8_DGRP"	169.5	123	"LightSleep__D6_D1"
"DGRP517"	"Batch27_DGRP"	"Batch5b_DGRP"	-23	-96	"LightSleep__D6_D1"
"DGRP528"	"Batch21_DGRP"	"Batch29_DGRP"	-81.543841336117	-59.5	"LightSleep__D6_D1"
"DGRP535"	"Batch21_DGRP"	"Batch31_DGRP"	44.388308977036	36.5	"LightSleep__D6_D1"
"DGRP555"	"Batch11_DGRP"	"Batch4b_DGRP"	30	12	"LightSleep__D6_D1"
"DGRP584"	"Batch22_DGRP"	"Batch6_DGRP"	11	-44	"LightSleep__D6_D1"
"DGRP630"	"Batch22_DGRP"	"Batch27_DGRP"	-24.5	-25	"LightSleep__D6_D1"
"DGRP639"	"Batch16_DGRP"	"Batch4c_DGRP"	-68	-68.5	"LightSleep__D6_D1"
"DGRP69"	"Batch24_DGRP"	"Batch31_DGRP"	-67.5	-114	"LightSleep__D6_D1"
"DGRP705"	"Batch3_DGRP"	"Batch4a_DGRP"	-1	-13	"LightSleep__D6_D1"
"DGRP707"	"Batch22_DGRP"	"Batch4c_DGRP"	-2	-39	"LightSleep__D6_D1"
"DGRP712"	"Batch16_DGRP"	"Batch4c_DGRP"	-75	-71.5	"LightSleep__D6_D1"
"DGRP730"	"Batch11_DGRP"	"Batch4b_DGRP"	-68.5	-78	"LightSleep__D6_D1"
"DGRP732"	"Batch16_DGRP"	"Batch4c_DGRP"	6	-58.5	"LightSleep__D6_D1"
"DGRP748"	"Batch22_DGRP"	"Batch27_DGRP"	-17	-17	"LightSleep__D6_D1"
"DGRP757"	"Batch22_DGRP"	"Batch28_DGRP"	-92.5	-73	"LightSleep__D6_D1"
"DGRP765"	"Batch25_DGRP"	"Batch27_DGRP"	-22	81	"LightSleep__D6_D1"
"DGRP765"	"Batch25_DGRP"	"Batch4b_DGRP"	-22	87	"LightSleep__D6_D1"
"DGRP765"	"Batch27_DGRP"	"Batch4b_DGRP"	81	87	"LightSleep__D6_D1"
"DGRP783"	"Batch22_DGRP"	"Batch5b_DGRP"	-75.5	-124.5	"LightSleep__D6_D1"
"DGRP820"	"Batch14_DGRP"	"Batch4a_DGRP"	-170	-75	"LightSleep__D6_D1"
"DGRP821"	"Batch25_DGRP"	"Batch27_DGRP"	-60.5	166.5	"LightSleep__D6_D1"
"DGRP832"	"Batch11_DGRP"	"Batch8_DGRP"	-20.5	-19	"LightSleep__D6_D1"
"DGRP837"	"Batch29_DGRP"	"Batch9_DGRP"	-10	1	"LightSleep__D6_D1"
"DGRP890"	"Batch10_DGRP"	"Batch9_DGRP"	-143	-64	"LightSleep__D6_D1"
"DGRP161"	"Batch10_DGRP"	"Batch23_DGRP"	-18	-44	"DarkSleep__D6_D1"
"DGRP181"	"Batch24_DGRP"	"Batch8_DGRP"	97	38	"DarkSleep__D6_D1"
"DGRP189"	"Batch16_DGRP"	"Batch26_DGRP"	45	-188	"DarkSleep__D6_D1"
"DGRP195"	"Batch24_DGRP"	"Batch26_DGRP"	48	-24.5	"DarkSleep__D6_D1"
"DGRP208"	"Batch11_DGRP"	"Batch1_DGRP"	-138.5	-16.5	"DarkSleep__D6_D1"
"DGRP217"	"Batch31_DGRP"	"Batch8_DGRP"	-111	-35	"DarkSleep__D6_D1"
"DGRP235"	"Batch11_DGRP"	"Batch26_DGRP"	92	91	"DarkSleep__D6_D1"
"DGRP239"	"Batch15_DGRP"	"Batch29_DGRP"	94.5	0	"DarkSleep__D6_D1"
"DGRP26"	"Batch14_DGRP"	"Batch26_DGRP"	-8	-4.5	"DarkSleep__D6_D1"
"DGRP303"	"Batch12_DGRP"	"Batch1_DGRP"	-32	-73.5	"DarkSleep__D6_D1"
"DGRP304"	"Batch12_DGRP"	"Batch1_DGRP"	-29	-41	"DarkSleep__D6_D1"
"DGRP307"	"Batch12_DGRP"	"Batch1_DGRP"	-27	-76.5	"DarkSleep__D6_D1"
"DGRP309"	"Batch18_DGRP"	"Batch26_DGRP"	-36	-176	"DarkSleep__D6_D1"
"DGRP310"	"Batch5b_DGRP"	"Batch9_DGRP"	-167.5	-194	"DarkSleep__D6_D1"
"DGRP313"	"Batch12_DGRP"	"Batch1_DGRP"	100	-24	"DarkSleep__D6_D1"
"DGRP319"	"Batch18_DGRP"	"Batch26_DGRP"	-12	-30	"DarkSleep__D6_D1"
"DGRP319"	"Batch18_DGRP"	"Batch29_DGRP"	-12	-1	"DarkSleep__D6_D1"
"DGRP319"	"Batch26_DGRP"	"Batch29_DGRP"	-30	-1	"DarkSleep__D6_D1"
"DGRP320"	"Batch18_DGRP"	"Batch26_DGRP"	69.5	42	"DarkSleep__D6_D1"
"DGRP321"	"Batch18_DGRP"	"Batch29_DGRP"	30	-78.5	"DarkSleep__D6_D1"
"DGRP324"	"Batch12_DGRP"	"Batch1_DGRP"	-33	-52	"DarkSleep__D6_D1"
"DGRP332"	"Batch18_DGRP"	"Batch26_DGRP"	92	-15	"DarkSleep__D6_D1"
"DGRP335"	"Batch12_DGRP"	"Batch31_DGRP"	2	-88	"DarkSleep__D6_D1"
"DGRP335"	"Batch12_DGRP"	"Batch6_DGRP"	2	-38	"DarkSleep__D6_D1"
"DGRP335"	"Batch31_DGRP"	"Batch6_DGRP"	-88	-38	"DarkSleep__D6_D1"
"DGRP336"	"Batch24_DGRP"	"Batch27_DGRP"	15	-86.5	"DarkSleep__D6_D1"
"DGRP336"	"Batch24_DGRP"	"Batch29_DGRP"	15	-9.5	"DarkSleep__D6_D1"
"DGRP336"	"Batch24_DGRP"	"Batch8_DGRP"	15	50	"DarkSleep__D6_D1"
"DGRP336"	"Batch27_DGRP"	"Batch29_DGRP"	-86.5	-9.5	"DarkSleep__D6_D1"
"DGRP336"	"Batch27_DGRP"	"Batch8_DGRP"	-86.5	50	"DarkSleep__D6_D1"
"DGRP336"	"Batch29_DGRP"	"Batch8_DGRP"	-9.5	50	"DarkSleep__D6_D1"
"DGRP338"	"Batch29_DGRP"	"Batch6_DGRP"	-53	-6	"DarkSleep__D6_D1"
"DGRP354"	"Batch18_DGRP"	"Batch19_DGRP"	34.5	-20	"DarkSleep__D6_D1"
"DGRP356"	"Batch19_DGRP"	"Batch29_DGRP"	-239	-261	"DarkSleep__D6_D1"
"DGRP358"	"Batch12_DGRP"	"Batch1_DGRP"	101	51.5	"DarkSleep__D6_D1"
"DGRP360"	"Batch12_DGRP"	"Batch1_DGRP"	-49	53	"DarkSleep__D6_D1"
"DGRP361"	"Batch19_DGRP"	"Batch31_DGRP"	35	-54	"DarkSleep__D6_D1"
"DGRP362"	"Batch12_DGRP"	"Batch1_DGRP"	27.5	-51	"DarkSleep__D6_D1"
"DGRP375"	"Batch12_DGRP"	"Batch1_DGRP"	-57	-62.5	"DarkSleep__D6_D1"
"DGRP380"	"Batch11_DGRP"	"Batch4b_DGRP"	-20	-38	"DarkSleep__D6_D1"
"DGRP380"	"Batch11_DGRP"	"Batch4c_DGRP"	-20	-31.5	"DarkSleep__D6_D1"
"DGRP380"	"Batch4b_DGRP"	"Batch4c_DGRP"	-38	-31.5	"DarkSleep__D6_D1"
"DGRP382"	"Batch25_DGRP"	"Batch26_DGRP"	-10.5	38.5	"DarkSleep__D6_D1"
"DGRP386"	"Batch19_DGRP"	"Batch28_DGRP"	-85.5	-131	"DarkSleep__D6_D1"
"DGRP391"	"Batch16_DGRP"	"Batch25_DGRP"	60	-17	"DarkSleep__D6_D1"
"DGRP391"	"Batch16_DGRP"	"Batch26_DGRP"	60	44	"DarkSleep__D6_D1"
"DGRP391"	"Batch16_DGRP"	"Batch4c_DGRP"	60	38	"DarkSleep__D6_D1"
"DGRP391"	"Batch25_DGRP"	"Batch26_DGRP"	-17	44	"DarkSleep__D6_D1"
"DGRP391"	"Batch25_DGRP"	"Batch4c_DGRP"	-17	38	"DarkSleep__D6_D1"
"DGRP391"	"Batch26_DGRP"	"Batch4c_DGRP"	44	38	"DarkSleep__D6_D1"
"DGRP399"	"Batch11_DGRP"	"Batch4b_DGRP"	-225	-155	"DarkSleep__D6_D1"
"DGRP40"	"Batch21_DGRP"	"Batch27_DGRP"	-69	-282	"DarkSleep__D6_D1"
"DGRP40"	"Batch21_DGRP"	"Batch8_DGRP"	-69	45	"DarkSleep__D6_D1"
"DGRP40"	"Batch27_DGRP"	"Batch8_DGRP"	-282	45	"DarkSleep__D6_D1"
"DGRP409"	"Batch28_DGRP"	"Batch8_DGRP"	-79	-67	"DarkSleep__D6_D1"
"DGRP437"	"Batch16_DGRP"	"Batch28_DGRP"	-133	-301	"DarkSleep__D6_D1"
"DGRP437"	"Batch16_DGRP"	"Batch4c_DGRP"	-133	-65	"DarkSleep__D6_D1"
"DGRP437"	"Batch28_DGRP"	"Batch4c_DGRP"	-301	-65	"DarkSleep__D6_D1"
"DGRP441"	"Batch31_DGRP"	"Batch5b_DGRP"	52	140	"DarkSleep__D6_D1"
"DGRP441"	"Batch31_DGRP"	"Batch7_DGRP"	52	230	"DarkSleep__D6_D1"
"DGRP441"	"Batch5b_DGRP"	"Batch7_DGRP"	140	230	"DarkSleep__D6_D1"
"DGRP486"	"Batch16_DGRP"	"Batch4c_DGRP"	26.5	52	"DarkSleep__D6_D1"
"DGRP491"	"Batch21_DGRP"	"Batch26_DGRP"	-4.5	-87	"DarkSleep__D6_D1"
"DGRP492"	"Batch10_DGRP"	"Batch15_DGRP"	7	-21.5	"DarkSleep__D6_D1"
"DGRP492"	"Batch10_DGRP"	"Batch31_DGRP"	7	-97	"DarkSleep__D6_D1"
"DGRP492"	"Batch15_DGRP"	"Batch31_DGRP"	-21.5	-97	"DarkSleep__D6_D1"
"DGRP502"	"Batch11_DGRP"	"Batch8_DGRP"	206.5	160	"DarkSleep__D6_D1"
"DGRP513"	"Batch25_DGRP"	"Batch27_DGRP"	251.5	108.5	"DarkSleep__D6_D1"
"DGRP513"	"Batch25_DGRP"	"Batch8_DGRP"	251.5	213	"DarkSleep__D6_D1"
"DGRP513"	"Batch27_DGRP"	"Batch8_DGRP"	108.5	213	"DarkSleep__D6_D1"
"DGRP517"	"Batch27_DGRP"	"Batch5b_DGRP"	-40.5	92	"DarkSleep__D6_D1"
"DGRP528"	"Batch21_DGRP"	"Batch29_DGRP"	-112.5	-149	"DarkSleep__D6_D1"
"DGRP535"	"Batch21_DGRP"	"Batch31_DGRP"	-52	-162.5	"DarkSleep__D6_D1"
"DGRP555"	"Batch11_DGRP"	"Batch4b_DGRP"	121.5	47	"DarkSleep__D6_D1"
"DGRP584"	"Batch22_DGRP"	"Batch6_DGRP"	17	29	"DarkSleep__D6_D1"
"DGRP630"	"Batch22_DGRP"	"Batch27_DGRP"	-48.5	-85	"DarkSleep__D6_D1"
"DGRP639"	"Batch16_DGRP"	"Batch4c_DGRP"	-44	-9.5	"DarkSleep__D6_D1"
"DGRP69"	"Batch24_DGRP"	"Batch31_DGRP"	-38.5	-102	"DarkSleep__D6_D1"
"DGRP705"	"Batch3_DGRP"	"Batch4a_DGRP"	-9.5	82	"DarkSleep__D6_D1"
"DGRP707"	"Batch22_DGRP"	"Batch4c_DGRP"	-30.5	-55	"DarkSleep__D6_D1"
"DGRP712"	"Batch16_DGRP"	"Batch4c_DGRP"	56	-19.5	"DarkSleep__D6_D1"
"DGRP73"	"Batch13_DGRP"	"Batch23_DGRP"	115	64.5	"DarkSleep__D6_D1"
"DGRP730"	"Batch11_DGRP"	"Batch4b_DGRP"	-241	-178	"DarkSleep__D6_D1"
"DGRP732"	"Batch16_DGRP"	"Batch4c_DGRP"	9	-120	"DarkSleep__D6_D1"
"DGRP748"	"Batch22_DGRP"	"Batch27_DGRP"	45.5	-206.5	"DarkSleep__D6_D1"
"DGRP757"	"Batch22_DGRP"	"Batch28_DGRP"	-75.5	-86.5	"DarkSleep__D6_D1"
"DGRP765"	"Batch25_DGRP"	"Batch27_DGRP"	56	186.5	"DarkSleep__D6_D1"
"DGRP765"	"Batch25_DGRP"	"Batch4b_DGRP"	56	71	"DarkSleep__D6_D1"
"DGRP765"	"Batch27_DGRP"	"Batch4b_DGRP"	186.5	71	"DarkSleep__D6_D1"
"DGRP783"	"Batch22_DGRP"	"Batch5b_DGRP"	-58.5	-100.5	"DarkSleep__D6_D1"
"DGRP820"	"Batch14_DGRP"	"Batch4a_DGRP"	-104	-190	"DarkSleep__D6_D1"
"DGRP821"	"Batch25_DGRP"	"Batch27_DGRP"	48.5	19	"DarkSleep__D6_D1"
"DGRP832"	"Batch11_DGRP"	"Batch8_DGRP"	-101	-31	"DarkSleep__D6_D1"
"DGRP837"	"Batch29_DGRP"	"Batch9_DGRP"	-81	-58	"DarkSleep__D6_D1"
"DGRP890"	"Batch10_DGRP"	"Batch9_DGRP"	-14	20	"DarkSleep__D6_D1"
